<?xml version="1.0" encoding="UTF-8"?>
<package xmlns="http://pear.php.net/dtd/package-2.1" xmlns:tasks="http://pear.php.net/dtd/tasks-1.0" xmlns:xsi="http://www.w3.org/2001/XMLSchema-instance" version="2.1" xsi:schemaLocation="http://pear.php.net/dtd/tasks-1.0     http://pear.php.net/dtd/tasks-1.0.xsd     http://pear.php.net/dtd/package-2.1     http://pear.php.net/dtd/package-2.1.xsd" packagerversion="2.0.0">
 <name>Zend_Json</name>
 <channel>packages.zendframework.com</channel>
 <summary>Package Zend_Json summary.\n\n&quot; . &quot;Package detailed description here (found in README)</summary>
 <description/>
 <lead>
  <name>Your Name</name>
  <user>handle</user>
  <email>handle@php.net</email>
  <active>yes</active>
 </lead>
 <date>2013-08-21</date>
 <time>14:08:36</time>
 <version>
  <release>2.2.3</release>
  <api>2.2.3</api>
 </version>
 <stability>
  <release>stable</release>
  <api>stable</api>
 </stability>
 <license uri="http://www.opensource.org/licenses/bsd-license.php">New BSD License</license>
 <notes>Package  Zend_Json release notes for version 0.1.0.

Package Zend_Json API release notes for version 0.1.0.</notes>
 <contents>
  <dir name="/">
   <file role="php" name="php/Zend/Json/Server/Smd/Service.php"/>
   <file role="php" name="php/Zend/Json/Server/Smd.php"/>
   <file role="php" name="php/Zend/Json/Server/Server.php"/>
   <file role="php" name="php/Zend/Json/Server/Response/Http.php"/>
   <file role="php" name="php/Zend/Json/Server/Response.php"/>
   <file role="php" name="php/Zend/Json/Server/Request/Http.php"/>
   <file role="php" name="php/Zend/Json/Server/Request.php"/>
   <file role="php" name="php/Zend/Json/Server/Exception/RuntimeException.php"/>
   <file role="php" name="php/Zend/Json/Server/Exception/InvalidArgumentException.php"/>
   <file role="php" name="php/Zend/Json/Server/Exception/HttpException.php"/>
   <file role="php" name="php/Zend/Json/Server/Exception/ExceptionInterface.php"/>
   <file role="php" name="php/Zend/Json/Server/Exception/ErrorException.php"/>
   <file role="php" name="php/Zend/Json/Server/Error.php"/>
   <file role="php" name="php/Zend/Json/Server/Client.php"/>
   <file role="php" name="php/Zend/Json/Server/Cache.php"/>
   <file role="php" name="php/Zend/Json/README.md"/>
   <file role="php" name="php/Zend/Json/Json.php"/>
   <file role="php" name="php/Zend/Json/Expr.php"/>
   <file role="php" name="php/Zend/Json/Exception/RuntimeException.php"/>
   <file role="php" name="php/Zend/Json/Exception/RecursionException.php"/>
   <file role="php" name="php/Zend/Json/Exception/InvalidArgumentException.php"/>
   <file role="php" name="php/Zend/Json/Exception/ExceptionInterface.php"/>
   <file role="php" name="php/Zend/Json/Exception/BadMethodCallException.php"/>
   <file role="php" name="php/Zend/Json/Encoder.php"/>
   <file role="php" name="php/Zend/Json/Decoder.php"/>
   <file role="php" name="php/Zend/Json/composer.json"/>
  </dir>
 </contents>
 <dependencies>
  <required>
   <php>
    <min>5.2.0</min>
   </php>
   <pearinstaller>
    <min>2.0.0a1</min>
   </pearinstaller>
   <package>
    <name>Zend_Stdlib</name>
    <channel>packages.zendframework.com</channel>
   </package>
  </required>
  <optional>
   <package>
    <name>Zend_Server</name>
    <channel>packages.zendframework.com</channel>
   </package>
  </optional>
 </dependencies>
 <phprelease/>
</package>
