<?xml version="1.0" encoding="UTF-8"?>
<package xmlns="http://pear.php.net/dtd/package-2.1" xmlns:tasks="http://pear.php.net/dtd/tasks-1.0" xmlns:xsi="http://www.w3.org/2001/XMLSchema-instance" version="2.1" xsi:schemaLocation="http://pear.php.net/dtd/tasks-1.0     http://pear.php.net/dtd/tasks-1.0.xsd     http://pear.php.net/dtd/package-2.1     http://pear.php.net/dtd/package-2.1.xsd" packagerversion="2.0.0">
 <name>ZendService_Technorati</name>
 <channel>packages.zendframework.com</channel>
 <summary>Package ZendService_Technorati summary.\n\n&quot; . &quot;Package detailed description here (found in README)</summary>
 <description/>
 <lead>
  <name>Your Name</name>
  <user>handle</user>
  <email>handle@php.net</email>
  <active>yes</active>
 </lead>
 <date>2012-08-09</date>
 <time>11:54:10</time>
 <version>
  <release>2.0.0rc3</release>
  <api>2.0.0rc3</api>
 </version>
 <stability>
  <release>stable</release>
  <api>stable</api>
 </stability>
 <license uri="http://www.opensource.org/licenses/bsd-license.php">New BSD License</license>
 <notes>Package  ZendService_Technorati release notes for version 0.1.0.

Package ZendService_Technorati API release notes for version 0.1.0.</notes>
 <contents>
  <dir name="/">
   <file role="php" name="php/ZendService/Technorati/Weblog.php"/>
   <file role="php" name="php/ZendService/Technorati/Utils.php"/>
   <file role="php" name="php/ZendService/Technorati/Technorati.php"/>
   <file role="php" name="php/ZendService/Technorati/TagsResultSet.php"/>
   <file role="php" name="php/ZendService/Technorati/TagsResult.php"/>
   <file role="php" name="php/ZendService/Technorati/TagResultSet.php"/>
   <file role="php" name="php/ZendService/Technorati/TagResult.php"/>
   <file role="php" name="php/ZendService/Technorati/SearchResultSet.php"/>
   <file role="php" name="php/ZendService/Technorati/SearchResult.php"/>
   <file role="php" name="php/ZendService/Technorati/KeyInfoResult.php"/>
   <file role="php" name="php/ZendService/Technorati/GetInfoResult.php"/>
   <file role="php" name="php/ZendService/Technorati/Exception/RuntimeException.php"/>
   <file role="php" name="php/ZendService/Technorati/Exception/ExceptionInterface.php"/>
   <file role="php" name="php/ZendService/Technorati/DailyCountsResultSet.php"/>
   <file role="php" name="php/ZendService/Technorati/DailyCountsResult.php"/>
   <file role="php" name="php/ZendService/Technorati/CosmosResultSet.php"/>
   <file role="php" name="php/ZendService/Technorati/CosmosResult.php"/>
   <file role="php" name="php/ZendService/Technorati/BlogInfoResult.php"/>
   <file role="php" name="php/ZendService/Technorati/Author.php"/>
   <file role="php" name="php/ZendService/Technorati/AbstractResultSet.php"/>
   <file role="php" name="php/ZendService/Technorati/AbstractResult.php"/>
  </dir>
 </contents>
 <dependencies>
  <required>
   <php>
    <min>5.2.0</min>
   </php>
   <pearinstaller>
    <min>2.0.0a1</min>
   </pearinstaller>
   <package>
    <name>Zend_Http</name>
    <channel>packages.zendframework.com</channel>
   </package>
   <package>
    <name>Zend_Uri</name>
    <channel>packages.zendframework.com</channel>
   </package>
   <package>
    <name>Zend_Version</name>
    <channel>packages.zendframework.com</channel>
   </package>
  </required>
 </dependencies>
 <phprelease/>
</package>
