<?xml version="1.0" encoding="UTF-8"?>
<package xmlns="http://pear.php.net/dtd/package-2.1" xmlns:tasks="http://pear.php.net/dtd/tasks-1.0" xmlns:xsi="http://www.w3.org/2001/XMLSchema-instance" version="2.1" xsi:schemaLocation="http://pear.php.net/dtd/tasks-1.0     http://pear.php.net/dtd/tasks-1.0.xsd     http://pear.php.net/dtd/package-2.1     http://pear.php.net/dtd/package-2.1.xsd" packagerversion="2.0.0">
 <name>Zend_View</name>
 <channel>packages.zendframework.com</channel>
 <summary>Package Zend_View summary.\n\n&quot; . &quot;Package detailed description here (found in README)</summary>
 <description/>
 <lead>
  <name>Your Name</name>
  <user>handle</user>
  <email>handle@php.net</email>
  <active>yes</active>
 </lead>
 <date>2013-02-06</date>
 <time>15:34:46</time>
 <version>
  <release>2.1.1</release>
  <api>2.1.1</api>
 </version>
 <stability>
  <release>stable</release>
  <api>stable</api>
 </stability>
 <license uri="http://www.opensource.org/licenses/bsd-license.php">New BSD License</license>
 <notes>Package  Zend_View release notes for version 0.1.0.

Package Zend_View API release notes for version 0.1.0.</notes>
 <contents>
  <dir name="/">
   <file role="php" name="php/Zend/View/ViewEvent.php"/>
   <file role="php" name="php/Zend/View/View.php"/>
   <file role="php" name="php/Zend/View/Variables.php"/>
   <file role="php" name="php/Zend/View/Stream.php"/>
   <file role="php" name="php/Zend/View/Strategy/PhpRendererStrategy.php"/>
   <file role="php" name="php/Zend/View/Strategy/JsonStrategy.php"/>
   <file role="php" name="php/Zend/View/Strategy/FeedStrategy.php"/>
   <file role="php" name="php/Zend/View/Resolver/TemplatePathStack.php"/>
   <file role="php" name="php/Zend/View/Resolver/TemplateMapResolver.php"/>
   <file role="php" name="php/Zend/View/Resolver/ResolverInterface.php"/>
   <file role="php" name="php/Zend/View/Resolver/AggregateResolver.php"/>
   <file role="php" name="php/Zend/View/Renderer/TreeRendererInterface.php"/>
   <file role="php" name="php/Zend/View/Renderer/RendererInterface.php"/>
   <file role="php" name="php/Zend/View/Renderer/PhpRenderer.php"/>
   <file role="php" name="php/Zend/View/Renderer/JsonRenderer.php"/>
   <file role="php" name="php/Zend/View/Renderer/FeedRenderer.php"/>
   <file role="php" name="php/Zend/View/Renderer/ConsoleRenderer.php"/>
   <file role="php" name="php/Zend/View/Model/ViewModel.php"/>
   <file role="php" name="php/Zend/View/Model/ModelInterface.php"/>
   <file role="php" name="php/Zend/View/Model/JsonModel.php"/>
   <file role="php" name="php/Zend/View/Model/FeedModel.php"/>
   <file role="php" name="php/Zend/View/Model/ConsoleModel.php"/>
   <file role="php" name="php/Zend/View/Model/ClearableModelInterface.php"/>
   <file role="php" name="php/Zend/View/HelperPluginManager.php"/>
   <file role="php" name="php/Zend/View/Helper/ViewModel.php"/>
   <file role="php" name="php/Zend/View/Helper/Url.php"/>
   <file role="php" name="php/Zend/View/Helper/Service/FlashMessengerFactory.php"/>
   <file role="php" name="php/Zend/View/Helper/ServerUrl.php"/>
   <file role="php" name="php/Zend/View/Helper/RenderToPlaceholder.php"/>
   <file role="php" name="php/Zend/View/Helper/RenderChildModel.php"/>
   <file role="php" name="php/Zend/View/Helper/Placeholder/Registry.php"/>
   <file role="php" name="php/Zend/View/Helper/Placeholder/Container/AbstractStandalone.php"/>
   <file role="php" name="php/Zend/View/Helper/Placeholder/Container/AbstractContainer.php"/>
   <file role="php" name="php/Zend/View/Helper/Placeholder/Container.php"/>
   <file role="php" name="php/Zend/View/Helper/Placeholder.php"/>
   <file role="php" name="php/Zend/View/Helper/PartialLoop.php"/>
   <file role="php" name="php/Zend/View/Helper/Partial.php"/>
   <file role="php" name="php/Zend/View/Helper/PaginationControl.php"/>
   <file role="php" name="php/Zend/View/Helper/Navigation/Sitemap.php"/>
   <file role="php" name="php/Zend/View/Helper/Navigation/PluginManager.php"/>
   <file role="php" name="php/Zend/View/Helper/Navigation/Menu.php"/>
   <file role="php" name="php/Zend/View/Helper/Navigation/Links.php"/>
   <file role="php" name="php/Zend/View/Helper/Navigation/HelperInterface.php"/>
   <file role="php" name="php/Zend/View/Helper/Navigation/Breadcrumbs.php"/>
   <file role="php" name="php/Zend/View/Helper/Navigation/AbstractHelper.php"/>
   <file role="php" name="php/Zend/View/Helper/Navigation.php"/>
   <file role="php" name="php/Zend/View/Helper/Layout.php"/>
   <file role="php" name="php/Zend/View/Helper/Json.php"/>
   <file role="php" name="php/Zend/View/Helper/InlineScript.php"/>
   <file role="php" name="php/Zend/View/Helper/Identity.php"/>
   <file role="php" name="php/Zend/View/Helper/HtmlQuicktime.php"/>
   <file role="php" name="php/Zend/View/Helper/HtmlPage.php"/>
   <file role="php" name="php/Zend/View/Helper/HtmlObject.php"/>
   <file role="php" name="php/Zend/View/Helper/HtmlList.php"/>
   <file role="php" name="php/Zend/View/Helper/HtmlFlash.php"/>
   <file role="php" name="php/Zend/View/Helper/HelperInterface.php"/>
   <file role="php" name="php/Zend/View/Helper/HeadTitle.php"/>
   <file role="php" name="php/Zend/View/Helper/HeadStyle.php"/>
   <file role="php" name="php/Zend/View/Helper/HeadScript.php"/>
   <file role="php" name="php/Zend/View/Helper/HeadMeta.php"/>
   <file role="php" name="php/Zend/View/Helper/HeadLink.php"/>
   <file role="php" name="php/Zend/View/Helper/Gravatar.php"/>
   <file role="php" name="php/Zend/View/Helper/FlashMessenger.php"/>
   <file role="php" name="php/Zend/View/Helper/EscapeUrl.php"/>
   <file role="php" name="php/Zend/View/Helper/Escaper/AbstractHelper.php"/>
   <file role="php" name="php/Zend/View/Helper/EscapeJs.php"/>
   <file role="php" name="php/Zend/View/Helper/EscapeHtmlAttr.php"/>
   <file role="php" name="php/Zend/View/Helper/EscapeHtml.php"/>
   <file role="php" name="php/Zend/View/Helper/EscapeCss.php"/>
   <file role="php" name="php/Zend/View/Helper/Doctype.php"/>
   <file role="php" name="php/Zend/View/Helper/DeclareVars.php"/>
   <file role="php" name="php/Zend/View/Helper/Cycle.php"/>
   <file role="php" name="php/Zend/View/Helper/BasePath.php"/>
   <file role="php" name="php/Zend/View/Helper/AbstractHtmlElement.php"/>
   <file role="php" name="php/Zend/View/Helper/AbstractHelper.php"/>
   <file role="php" name="php/Zend/View/Exception/RuntimeException.php"/>
   <file role="php" name="php/Zend/View/Exception/InvalidHelperException.php"/>
   <file role="php" name="php/Zend/View/Exception/InvalidArgumentException.php"/>
   <file role="php" name="php/Zend/View/Exception/ExceptionInterface.php"/>
   <file role="php" name="php/Zend/View/Exception/DomainException.php"/>
   <file role="php" name="php/Zend/View/Exception/BadMethodCallException.php"/>
   <file role="php" name="php/Zend/View/composer.json"/>
  </dir>
 </contents>
 <dependencies>
  <required>
   <php>
    <min>5.2.0</min>
   </php>
   <pearinstaller>
    <min>2.0.0a1</min>
   </pearinstaller>
   <package>
    <name>Zend_EventManager</name>
    <channel>packages.zendframework.com</channel>
   </package>
   <package>
    <name>Zend_Loader</name>
    <channel>packages.zendframework.com</channel>
   </package>
   <package>
    <name>Zend_Stdlib</name>
    <channel>packages.zendframework.com</channel>
   </package>
  </required>
  <optional>
   <package>
    <name>Zend_Filter</name>
    <channel>packages.zendframework.com</channel>
   </package>
  </optional>
 </dependencies>
 <phprelease/>
</package>
