<?xml version="1.0" encoding="UTF-8"?>
<package xmlns="http://pear.php.net/dtd/package-2.1" xmlns:tasks="http://pear.php.net/dtd/tasks-1.0" xmlns:xsi="http://www.w3.org/2001/XMLSchema-instance" version="2.1" xsi:schemaLocation="http://pear.php.net/dtd/tasks-1.0     http://pear.php.net/dtd/tasks-1.0.xsd     http://pear.php.net/dtd/package-2.1     http://pear.php.net/dtd/package-2.1.xsd" packagerversion="2.0.0">
 <name>ZendPdf</name>
 <channel>packages.zendframework.com</channel>
 <summary>Package ZendPdf summary.\n\n&quot; . &quot;Package detailed description here (found in README)</summary>
 <description/>
 <lead>
  <name>Your Name</name>
  <user>handle</user>
  <email>handle@php.net</email>
  <active>yes</active>
 </lead>
 <date>2012-08-02</date>
 <time>08:00:10</time>
 <version>
  <release>2.0.0rc2</release>
  <api>2.0.0rc2</api>
 </version>
 <stability>
  <release>stable</release>
  <api>stable</api>
 </stability>
 <license uri="http://www.opensource.org/licenses/bsd-license.php">New BSD License</license>
 <notes>Package  ZendPdf release notes for version 0.1.0.

Package ZendPdf API release notes for version 0.1.0.</notes>
 <contents>
  <dir name="/">
   <file role="php" name="php/ZendPdf/Util/RecursivelyIteratableObjectsContainer.php"/>
   <file role="php" name="php/ZendPdf/Trailer/Parsed.php"/>
   <file role="php" name="php/ZendPdf/Trailer/Generated.php"/>
   <file role="php" name="php/ZendPdf/Trailer/AbstractTrailer.php"/>
   <file role="php" name="php/ZendPdf/Style.php"/>
   <file role="php" name="php/ZendPdf/Resource/Image/Tiff.php"/>
   <file role="php" name="php/ZendPdf/Resource/Image/Png.php"/>
   <file role="php" name="php/ZendPdf/Resource/Image/Jpeg.php"/>
   <file role="php" name="php/ZendPdf/Resource/Image/ImageFactory.php"/>
   <file role="php" name="php/ZendPdf/Resource/Image/AbstractImage.php"/>
   <file role="php" name="php/ZendPdf/Resource/Font/Type0.php"/>
   <file role="php" name="php/ZendPdf/Resource/Font/Simple/Standard/ZapfDingbats.php"/>
   <file role="php" name="php/ZendPdf/Resource/Font/Simple/Standard/TimesRoman.php"/>
   <file role="php" name="php/ZendPdf/Resource/Font/Simple/Standard/TimesItalic.php"/>
   <file role="php" name="php/ZendPdf/Resource/Font/Simple/Standard/TimesBoldItalic.php"/>
   <file role="php" name="php/ZendPdf/Resource/Font/Simple/Standard/TimesBold.php"/>
   <file role="php" name="php/ZendPdf/Resource/Font/Simple/Standard/Symbol.php"/>
   <file role="php" name="php/ZendPdf/Resource/Font/Simple/Standard/HelveticaOblique.php"/>
   <file role="php" name="php/ZendPdf/Resource/Font/Simple/Standard/HelveticaBoldOblique.php"/>
   <file role="php" name="php/ZendPdf/Resource/Font/Simple/Standard/HelveticaBold.php"/>
   <file role="php" name="php/ZendPdf/Resource/Font/Simple/Standard/Helvetica.php"/>
   <file role="php" name="php/ZendPdf/Resource/Font/Simple/Standard/CourierOblique.php"/>
   <file role="php" name="php/ZendPdf/Resource/Font/Simple/Standard/CourierBoldOblique.php"/>
   <file role="php" name="php/ZendPdf/Resource/Font/Simple/Standard/CourierBold.php"/>
   <file role="php" name="php/ZendPdf/Resource/Font/Simple/Standard/Courier.php"/>
   <file role="php" name="php/ZendPdf/Resource/Font/Simple/Standard/AbstractStandard.php"/>
   <file role="php" name="php/ZendPdf/Resource/Font/Simple/Parsed/TrueType.php"/>
   <file role="php" name="php/ZendPdf/Resource/Font/Simple/Parsed/AbstractParsed.php"/>
   <file role="php" name="php/ZendPdf/Resource/Font/Simple/AbstractSimple.php"/>
   <file role="php" name="php/ZendPdf/Resource/Font/FontDescriptor.php"/>
   <file role="php" name="php/ZendPdf/Resource/Font/Extracted.php"/>
   <file role="php" name="php/ZendPdf/Resource/Font/CidFont/TrueType.php"/>
   <file role="php" name="php/ZendPdf/Resource/Font/CidFont/AbstractCidFont.php"/>
   <file role="php" name="php/ZendPdf/Resource/Font/AbstractFont.php"/>
   <file role="php" name="php/ZendPdf/Resource/Extractor.php"/>
   <file role="php" name="php/ZendPdf/Resource/AbstractResource.php"/>
   <file role="php" name="php/ZendPdf/PdfParser/StructureParser.php"/>
   <file role="php" name="php/ZendPdf/PdfParser/DataParser.php"/>
   <file role="php" name="php/ZendPdf/PdfDocument.php"/>
   <file role="php" name="php/ZendPdf/Page.php"/>
   <file role="php" name="php/ZendPdf/Outline/Loaded.php"/>
   <file role="php" name="php/ZendPdf/Outline/Created.php"/>
   <file role="php" name="php/ZendPdf/Outline/AbstractOutline.php"/>
   <file role="php" name="php/ZendPdf/ObjectFactory/UpdateInfoContainer.php"/>
   <file role="php" name="php/ZendPdf/ObjectFactory.php"/>
   <file role="php" name="php/ZendPdf/InternalType/StringObject.php"/>
   <file role="php" name="php/ZendPdf/InternalType/StreamObject.php"/>
   <file role="php" name="php/ZendPdf/InternalType/StreamFilter/StreamFilterInterface.php"/>
   <file role="php" name="php/ZendPdf/InternalType/StreamFilter/RunLength.php"/>
   <file role="php" name="php/ZendPdf/InternalType/StreamFilter/Compression/Lzw.php"/>
   <file role="php" name="php/ZendPdf/InternalType/StreamFilter/Compression/Flate.php"/>
   <file role="php" name="php/ZendPdf/InternalType/StreamFilter/Compression/AbstractCompression.php"/>
   <file role="php" name="php/ZendPdf/InternalType/StreamFilter/AsciiHex.php"/>
   <file role="php" name="php/ZendPdf/InternalType/StreamFilter/Ascii85.php"/>
   <file role="php" name="php/ZendPdf/InternalType/StreamFilter.php"/>
   <file role="php" name="php/ZendPdf/InternalType/StreamContent.php"/>
   <file role="php" name="php/ZendPdf/InternalType/NumericObject.php"/>
   <file role="php" name="php/ZendPdf/InternalType/NullObject.php"/>
   <file role="php" name="php/ZendPdf/InternalType/NameObject.php"/>
   <file role="php" name="php/ZendPdf/InternalType/IndirectObjectReference/ReferenceTable.php"/>
   <file role="php" name="php/ZendPdf/InternalType/IndirectObjectReference/Context.php"/>
   <file role="php" name="php/ZendPdf/InternalType/IndirectObjectReference.php"/>
   <file role="php" name="php/ZendPdf/InternalType/IndirectObject.php"/>
   <file role="php" name="php/ZendPdf/InternalType/DictionaryObject.php"/>
   <file role="php" name="php/ZendPdf/InternalType/BooleanObject.php"/>
   <file role="php" name="php/ZendPdf/InternalType/BinaryStringObject.php"/>
   <file role="php" name="php/ZendPdf/InternalType/ArrayObject.php"/>
   <file role="php" name="php/ZendPdf/InternalType/AbstractTypeObject.php"/>
   <file role="php" name="php/ZendPdf/InternalStructure/NavigationTarget.php"/>
   <file role="php" name="php/ZendPdf/InternalStructure/NameTree.php"/>
   <file role="php" name="php/ZendPdf/Image.php"/>
   <file role="php" name="php/ZendPdf/Font.php"/>
   <file role="php" name="php/ZendPdf/Exception/UnrecognizedFontException.php"/>
   <file role="php" name="php/ZendPdf/Exception/RuntimeException.php"/>
   <file role="php" name="php/ZendPdf/Exception/OutOfBoundsException.php"/>
   <file role="php" name="php/ZendPdf/Exception/NotImplementedException.php"/>
   <file role="php" name="php/ZendPdf/Exception/LogicException.php"/>
   <file role="php" name="php/ZendPdf/Exception/LengthException.php"/>
   <file role="php" name="php/ZendPdf/Exception/IOException.php"/>
   <file role="php" name="php/ZendPdf/Exception/InvalidArgumentException.php"/>
   <file role="php" name="php/ZendPdf/Exception/ExceptionInterface.php"/>
   <file role="php" name="php/ZendPdf/Exception/DomainException.php"/>
   <file role="php" name="php/ZendPdf/Exception/CorruptedPdfException.php"/>
   <file role="php" name="php/ZendPdf/Exception/CorruptedImageException.php"/>
   <file role="php" name="php/ZendPdf/Exception/CorruptedFontException.php"/>
   <file role="php" name="php/ZendPdf/Exception/BinaryParserException.php"/>
   <file role="php" name="php/ZendPdf/Exception/BadMethodCallException.php"/>
   <file role="php" name="php/ZendPdf/Destination/Zoom.php"/>
   <file role="php" name="php/ZendPdf/Destination/Unknown.php"/>
   <file role="php" name="php/ZendPdf/Destination/Named.php"/>
   <file role="php" name="php/ZendPdf/Destination/FitVertically.php"/>
   <file role="php" name="php/ZendPdf/Destination/FitRectangle.php"/>
   <file role="php" name="php/ZendPdf/Destination/FitHorizontally.php"/>
   <file role="php" name="php/ZendPdf/Destination/FitBoundingBoxVertically.php"/>
   <file role="php" name="php/ZendPdf/Destination/FitBoundingBoxHorizontally.php"/>
   <file role="php" name="php/ZendPdf/Destination/FitBoundingBox.php"/>
   <file role="php" name="php/ZendPdf/Destination/Fit.php"/>
   <file role="php" name="php/ZendPdf/Destination/AbstractExplicitDestination.php"/>
   <file role="php" name="php/ZendPdf/Destination/AbstractDestination.php"/>
   <file role="php" name="php/ZendPdf/Color/Rgb.php"/>
   <file role="php" name="php/ZendPdf/Color/Html.php"/>
   <file role="php" name="php/ZendPdf/Color/GrayScale.php"/>
   <file role="php" name="php/ZendPdf/Color/ColorInterface.php"/>
   <file role="php" name="php/ZendPdf/Color/Cmyk.php"/>
   <file role="php" name="php/ZendPdf/Cmap/TrimmedTable.php"/>
   <file role="php" name="php/ZendPdf/Cmap/StaticByteEncoding.php"/>
   <file role="php" name="php/ZendPdf/Cmap/SegmentToDelta.php"/>
   <file role="php" name="php/ZendPdf/Cmap/ByteEncoding.php"/>
   <file role="php" name="php/ZendPdf/Cmap/AbstractCmap.php"/>
   <file role="php" name="php/ZendPdf/BinaryParser/Image/Png.php"/>
   <file role="php" name="php/ZendPdf/BinaryParser/Image/AbstractImage.php"/>
   <file role="php" name="php/ZendPdf/BinaryParser/Font/OpenType/TrueType.php"/>
   <file role="php" name="php/ZendPdf/BinaryParser/Font/OpenType/AbstractOpenType.php"/>
   <file role="php" name="php/ZendPdf/BinaryParser/Font/AbstractFont.php"/>
   <file role="php" name="php/ZendPdf/BinaryParser/DataSource/String.php"/>
   <file role="php" name="php/ZendPdf/BinaryParser/DataSource/File.php"/>
   <file role="php" name="php/ZendPdf/BinaryParser/DataSource/AbstractDataSource.php"/>
   <file role="php" name="php/ZendPdf/BinaryParser/AbstractBinaryParser.php"/>
   <file role="php" name="php/ZendPdf/Annotation/Text.php"/>
   <file role="php" name="php/ZendPdf/Annotation/Markup.php"/>
   <file role="php" name="php/ZendPdf/Annotation/Link.php"/>
   <file role="php" name="php/ZendPdf/Annotation/FileAttachment.php"/>
   <file role="php" name="php/ZendPdf/Annotation/AbstractAnnotation.php"/>
   <file role="php" name="php/ZendPdf/Action/Uri.php"/>
   <file role="php" name="php/ZendPdf/Action/Unknown.php"/>
   <file role="php" name="php/ZendPdf/Action/Trans.php"/>
   <file role="php" name="php/ZendPdf/Action/Thread.php"/>
   <file role="php" name="php/ZendPdf/Action/SubmitForm.php"/>
   <file role="php" name="php/ZendPdf/Action/Sound.php"/>
   <file role="php" name="php/ZendPdf/Action/SetOCGState.php"/>
   <file role="php" name="php/ZendPdf/Action/ResetForm.php"/>
   <file role="php" name="php/ZendPdf/Action/Rendition.php"/>
   <file role="php" name="php/ZendPdf/Action/Named.php"/>
   <file role="php" name="php/ZendPdf/Action/Movie.php"/>
   <file role="php" name="php/ZendPdf/Action/Launch.php"/>
   <file role="php" name="php/ZendPdf/Action/JavaScript.php"/>
   <file role="php" name="php/ZendPdf/Action/ImportData.php"/>
   <file role="php" name="php/ZendPdf/Action/Hide.php"/>
   <file role="php" name="php/ZendPdf/Action/GoToR.php"/>
   <file role="php" name="php/ZendPdf/Action/GoToE.php"/>
   <file role="php" name="php/ZendPdf/Action/GoToAction.php"/>
   <file role="php" name="php/ZendPdf/Action/GoTo3DView.php"/>
   <file role="php" name="php/ZendPdf/Action/AbstractAction.php"/>
  </dir>
 </contents>
 <dependencies>
  <required>
   <php>
    <min>5.2.0</min>
   </php>
   <pearinstaller>
    <min>2.0.0a1</min>
   </pearinstaller>
   <package>
    <name>Zend_Stdlib</name>
    <channel>packages.zendframework.com</channel>
   </package>
  </required>
 </dependencies>
 <phprelease/>
</package>
