<?xml version="1.0" encoding="UTF-8"?>
<package xmlns="http://pear.php.net/dtd/package-2.1" xmlns:tasks="http://pear.php.net/dtd/tasks-1.0" xmlns:xsi="http://www.w3.org/2001/XMLSchema-instance" version="2.1" xsi:schemaLocation="http://pear.php.net/dtd/tasks-1.0     http://pear.php.net/dtd/tasks-1.0.xsd     http://pear.php.net/dtd/package-2.1     http://pear.php.net/dtd/package-2.1.xsd" packagerversion="2.0.0">
 <name>Zend_Di</name>
 <channel>packages.zendframework.com</channel>
 <summary>Package Zend_Di summary.\n\n&quot; . &quot;Package detailed description here (found in README)</summary>
 <description/>
 <lead>
  <name>Your Name</name>
  <user>handle</user>
  <email>handle@php.net</email>
  <active>yes</active>
 </lead>
 <date>2013-03-13</date>
 <time>19:00:09</time>
 <version>
  <release>2.0.8</release>
  <api>2.0.8</api>
 </version>
 <stability>
  <release>stable</release>
  <api>stable</api>
 </stability>
 <license uri="http://www.opensource.org/licenses/bsd-license.php">New BSD License</license>
 <notes>Package  Zend_Di release notes for version 0.1.0.

Package Zend_Di API release notes for version 0.1.0.</notes>
 <contents>
  <dir name="/">
   <file role="php" name="php/Zend/Di/TODO"/>
   <file role="php" name="php/Zend/Di/ServiceLocatorInterface.php"/>
   <file role="php" name="php/Zend/Di/ServiceLocator/GeneratorInstance.php"/>
   <file role="php" name="php/Zend/Di/ServiceLocator/Generator.php"/>
   <file role="php" name="php/Zend/Di/ServiceLocator/DependencyInjectorProxy.php"/>
   <file role="php" name="php/Zend/Di/ServiceLocator.php"/>
   <file role="php" name="php/Zend/Di/LocatorInterface.php"/>
   <file role="php" name="php/Zend/Di/InstanceManager.php"/>
   <file role="php" name="php/Zend/Di/Exception/UndefinedReferenceException.php"/>
   <file role="php" name="php/Zend/Di/Exception/RuntimeException.php"/>
   <file role="php" name="php/Zend/Di/Exception/MissingPropertyException.php"/>
   <file role="php" name="php/Zend/Di/Exception/InvalidPositionException.php"/>
   <file role="php" name="php/Zend/Di/Exception/InvalidParamNameException.php"/>
   <file role="php" name="php/Zend/Di/Exception/InvalidCallbackException.php"/>
   <file role="php" name="php/Zend/Di/Exception/InvalidArgumentException.php"/>
   <file role="php" name="php/Zend/Di/Exception/ExceptionInterface.php"/>
   <file role="php" name="php/Zend/Di/Exception/ClassNotFoundException.php"/>
   <file role="php" name="php/Zend/Di/Exception/CircularDependencyException.php"/>
   <file role="php" name="php/Zend/Di/Display/Console.php"/>
   <file role="php" name="php/Zend/Di/Di.php"/>
   <file role="php" name="php/Zend/Di/DependencyInjectionInterface.php"/>
   <file role="php" name="php/Zend/Di/DefinitionList.php"/>
   <file role="php" name="php/Zend/Di/Definition/RuntimeDefinition.php"/>
   <file role="php" name="php/Zend/Di/Definition/PartialMarker.php"/>
   <file role="php" name="php/Zend/Di/Definition/IntrospectionStrategy.php"/>
   <file role="php" name="php/Zend/Di/Definition/DefinitionInterface.php"/>
   <file role="php" name="php/Zend/Di/Definition/CompilerDefinition.php"/>
   <file role="php" name="php/Zend/Di/Definition/ClassDefinition.php"/>
   <file role="php" name="php/Zend/Di/Definition/BuilderDefinition.php"/>
   <file role="php" name="php/Zend/Di/Definition/Builder/PhpClass.php"/>
   <file role="php" name="php/Zend/Di/Definition/Builder/InjectionMethod.php"/>
   <file role="php" name="php/Zend/Di/Definition/ArrayDefinition.php"/>
   <file role="php" name="php/Zend/Di/Definition/Annotation/Instantiator.php"/>
   <file role="php" name="php/Zend/Di/Definition/Annotation/Inject.php"/>
   <file role="php" name="php/Zend/Di/Config.php"/>
   <file role="php" name="php/Zend/Di/composer.json"/>
  </dir>
 </contents>
 <dependencies>
  <required>
   <php>
    <min>5.2.0</min>
   </php>
   <pearinstaller>
    <min>2.0.0a1</min>
   </pearinstaller>
   <package>
    <name>Zend_Code</name>
    <channel>packages.zendframework.com</channel>
   </package>
   <package>
    <name>Zend_Stdlib</name>
    <channel>packages.zendframework.com</channel>
   </package>
  </required>
 </dependencies>
 <phprelease/>
</package>
