<?xml version="1.0" encoding="UTF-8" ?>

<ldml>
	<identity>
		<version number="$Revision: 4768 $"/>
		<generation date="$Date: 2010-02-27 21:22:52 -0600 (Sat, 27 Feb 2010) $"/>
		<language type="af"/>
	</identity>
	<fallback/>
	<localeDisplayNames>
		<languages>
			<language type="af">Afrikaans</language>
			<language type="afa">Ander Afro-Asiaties</language>
			<language type="ak">Akan</language>
			<language type="am">Amharies</language>
			<language type="ar">Arabies</language>
			<language type="arc">Aramees</language>
			<language type="art">Kunsmatige taal</language>
			<language type="as">Assamees</language>
			<language type="az">Aserbeidjaans</language>
			<language type="bat">Baltiese taal</language>
			<language type="be">Wit-Russies</language>
			<language type="ber">Berbers</language>
			<language type="bg">Bulgaars</language>
			<language type="bh">Biharise taal</language>
			<language type="bn">Bengaals</language>
			<language type="bnt">Bantoe</language>
			<language type="br">Bretons</language>
			<language type="bs">Bosnies</language>
			<language type="ca">Katalaans</language>
			<language type="cel">Keltiese taal</language>
			<language type="chr">Cherokees</language>
			<language type="cop">Kopties</language>
			<language type="cs">Tsjeggies</language>
			<language type="cu">Kerkslawies</language>
			<language type="cy">Wallies</language>
			<language type="da">Deens</language>
			<language type="de">Duits</language>
			<language type="egy">Antieke Egipties</language>
			<language type="el">Grieks</language>
			<language type="en">Engels</language>
			<language type="eo">Esperanto</language>
			<language type="es">Spaans</language>
			<language type="es_419">Latyns-Amerikaanse Spaans</language>
			<language type="et">Estnies</language>
			<language type="eu">Baskies</language>
			<language type="fa">Persies</language>
			<language type="fi">Fins</language>
			<language type="fil">Filippyns</language>
			<language type="fj">Fidjiaans</language>
			<language type="fo">Faroëes</language>
			<language type="fr">Frans</language>
			<language type="fy">Wes-Fries</language>
			<language type="ga">Iers</language>
			<language type="gd">Skots-Gaelies</language>
			<language type="gem">Germaanse taal</language>
			<language type="gl">Galicies</language>
			<language type="gn">Guarani</language>
			<language type="got">Goties</language>
			<language type="grc">Antieke Grieks</language>
			<language type="gu">Gujarati</language>
			<language type="gv">Manx</language>
			<language type="ha">Hausa</language>
			<language type="he">Hebreeus</language>
			<language type="hi">Hindi</language>
			<language type="hit">Hetities</language>
			<language type="hr">Kroaties</language>
			<language type="hu">Hongaars</language>
			<language type="hy">Armeens</language>
			<language type="ia">Interlingua</language>
			<language type="id">Indonesies</language>
			<language type="ie">Interlingue</language>
			<language type="ig">Igbo</language>
			<language type="ine">Indo-Europese taal</language>
			<language type="is">Yslands</language>
			<language type="it">Italiaans</language>
			<language type="ja">Japannees</language>
			<language type="jv">Javaans</language>
			<language type="ka">Georgies</language>
			<language type="khi">Khoi-San taal</language>
			<language type="km">Khmer</language>
			<language type="kn">Kannada</language>
			<language type="ko">Koreaans</language>
			<language type="kru">Kurukh</language>
			<language type="ku">Koerdies</language>
			<language type="kw">Kornies</language>
			<language type="ky">Kirgisies</language>
			<language type="la">Latyn</language>
			<language type="li">Limburgs</language>
			<language type="ln">Lingala</language>
			<language type="lo">Laotanees</language>
			<language type="lt">Litaus</language>
			<language type="lv">Letties</language>
			<language type="mas">Masai</language>
			<language type="mg">Malgassies</language>
			<language type="mk">Macedonies</language>
			<language type="ml">Malabaars</language>
			<language type="mn">Mongools</language>
			<language type="mr">Marathi</language>
			<language type="ms">Maleisies</language>
			<language type="mt">Maltees</language>
			<language type="mul">Veelvuldige tale</language>
			<language type="my">Birmaans</language>
			<language type="nd">Noord-Ndebele</language>
			<language type="ne">Nepalees</language>
			<language type="nl">Nederlands</language>
			<language type="nl_BE">Vlaams</language>
			<language type="nn">Noorweegse Nynorsk</language>
			<language type="no">Noors</language>
			<language type="nr">Suid-Ndebele</language>
			<language type="nso">Noord-Sotho</language>
			<language type="oc">Occitaans</language>
			<language type="or">Oria</language>
			<language type="pa">Pandjabi</language>
			<language type="phn">Fenisies</language>
			<language type="pl">Pools</language>
			<language type="ps">Pasjtoe</language>
			<language type="pt">Portugees</language>
			<language type="pt_BR">Brasiliaanse Portugees</language>
			<language type="ro">Roemeens</language>
			<language type="ru">Russies</language>
			<language type="rw">Rwandees</language>
			<language type="sa">Sanskrit</language>
			<language type="sco">Skots</language>
			<language type="sd">Sindhi</language>
			<language type="sem">Semitiese taal</language>
			<language type="sgn">gebaretaal</language>
			<language type="sh">Serwo-Kroaties</language>
			<language type="si">Singalees</language>
			<language type="sk">Slowaaks</language>
			<language type="sl">Sloweens</language>
			<language type="sla">Slawiese taal</language>
			<language type="sn">Shona</language>
			<language type="so">Somalies</language>
			<language type="sq">Albanees</language>
			<language type="sr">Serwies</language>
			<language type="ss">Swazi</language>
			<language type="st">Suid-Sotho</language>
			<language type="su">Soedanees</language>
			<language type="sv">Sweeds</language>
			<language type="sw">Swahili</language>
			<language type="swb">Shimaorees</language>
			<language type="ta">Tamil</language>
			<language type="te">Telugees</language>
			<language type="th">Thais</language>
			<language type="ti">Tigrinya</language>
			<language type="tk">Turkmeens</language>
			<language type="tlh">Klingon</language>
			<language type="tn">Tswana</language>
			<language type="tr">Turks</language>
			<language type="ts">Tsonga</language>
			<language type="tw">Twi</language>
			<language type="ug">Uighoers</language>
			<language type="uk">Oekraïens</language>
			<language type="und">Onbekende of ongeldige taal</language>
			<language type="ur">Oerdoe</language>
			<language type="uz">Oesbekies</language>
			<language type="ve">Venda</language>
			<language type="vi">Viëtnamees</language>
			<language type="xh">Xhosa</language>
			<language type="yi">Jiddisj</language>
			<language type="yo">Yoruba</language>
			<language type="yue">Kantonees</language>
			<language type="zh">Sjinees</language>
			<language type="zh_Hans">vereenvoudigde Sjinees</language>
			<language type="zh_Hant">tradisionele Sjinees</language>
			<language type="zu">Zoeloe</language>
		</languages>
		<scripts>
			<script type="Arab">Arabieses</script>
			<script type="Armn">Armeenses</script>
			<script type="Brai">Braille</script>
			<script type="Copt">Koptieses</script>
			<script type="Cyrl">Sirillieses</script>
			<script type="Cyrs">ou Kerkslawiese Sirillieses</script>
			<script type="Egyp">Egiptieses hiërogliewe</script>
			<script type="Ethi">Etiopieses</script>
			<script type="Goth">Gotieses</script>
			<script type="Grek">Griekses</script>
			<script type="Hans">vereenvoudigde Sjineses</script>
			<script type="Hant">tradisionele Sjineses</script>
			<script type="Hebr">Hebreeuses</script>
			<script type="Khmr">Khmer</script>
			<script type="Latn">Latynses</script>
			<script type="Mong">Mongoolses</script>
			<script type="Phnx">Fenisieses</script>
			<script type="Ugar">Ugaritieses</script>
			<script type="Visp">Visible Speech-karakters</script>
			<script type="Zxxx">(ongeskrewe)</script>
			<script type="Zyyy">(algemeen)</script>
			<script type="Zzzz">(onbekend skryfstelsel)</script>
		</scripts>
		<territories>
			<territory type="001">Wêreld</territory>
			<territory type="002">Afrika</territory>
			<territory type="003">Noord-Amerika</territory>
			<territory type="005">Suid-Amerika</territory>
			<territory type="009">Oseanië</territory>
			<territory type="011">Wes-Afrika</territory>
			<territory type="013">Sentraal-Amerika</territory>
			<territory type="014">Oos-Afrika</territory>
			<territory type="015">Noord-Afrika</territory>
			<territory type="017">Midde-Afrika</territory>
			<territory type="018">Suider-Afrika</territory>
			<territory type="019">Amerikas</territory>
			<territory type="021">Noordelike Amerika</territory>
			<territory type="029">Karibies</territory>
			<territory type="030">Oos-Asië</territory>
			<territory type="034">Suid-Asië</territory>
			<territory type="035">Suidoos-Asië</territory>
			<territory type="039">Suid-Europa</territory>
			<territory type="053">Australië en Nieu-Seeland</territory>
			<territory type="054">Melanesië</territory>
			<territory type="061">Polinesië</territory>
			<territory type="142">Asië</territory>
			<territory type="143">Sentraal-Asië</territory>
			<territory type="145">Wes-Asië</territory>
			<territory type="150">Europa</territory>
			<territory type="151">Oos-Europa</territory>
			<territory type="154">Noord-Europa</territory>
			<territory type="155">Wes-Europa</territory>
			<territory type="172">Gemenebes van Onafhanklike State</territory>
			<territory type="AC">Ascension</territory>
			<territory type="AD">Andorra</territory>
			<territory type="AE">Verenigde Arabiese Emirate</territory>
			<territory type="AF">Afganistan</territory>
			<territory type="AG">Antigua en Barbuda</territory>
			<territory type="AI">Anguilla</territory>
			<territory type="AL">Albanië</territory>
			<territory type="AM">Armenië</territory>
			<territory type="AN">Nederlands-Antille</territory>
			<territory type="AO">Angola</territory>
			<territory type="AQ">Antarktika</territory>
			<territory type="AR">Argentinië</territory>
			<territory type="AS">Amerikaans Samoa</territory>
			<territory type="AT">Oostenryk</territory>
			<territory type="AU">Australië</territory>
			<territory type="AW">Aruba</territory>
			<territory type="AX">Åland</territory>
			<territory type="AZ">Aserbeidjan</territory>
			<territory type="BA">Bosnië en Herzegowina</territory>
			<territory type="BB">Barbados</territory>
			<territory type="BD">Bangladesj</territory>
			<territory type="BE">België</territory>
			<territory type="BF">Boerkina Fasso</territory>
			<territory type="BG">Bulgarye</territory>
			<territory type="BH">Bahrein</territory>
			<territory type="BI">Burundi</territory>
			<territory type="BJ">Benin</territory>
			<territory type="BL">Sint Barthélemy</territory>
			<territory type="BM">Bermuda</territory>
			<territory type="BN">Broenei</territory>
			<territory type="BO">Bolivië</territory>
			<territory type="BR">Brasilië</territory>
			<territory type="BS">Bahamas</territory>
			<territory type="BT">Bhoetan</territory>
			<territory type="BW">Botswana</territory>
			<territory type="BY">Wit-Rusland</territory>
			<territory type="BZ">Belize</territory>
			<territory type="CA">Kanada</territory>
			<territory type="CD">Demokratiese Republiek van die Kongo</territory>
			<territory type="CF">Sentraal-Afrikaanse Republiek</territory>
			<territory type="CG">Kongo</territory>
			<territory type="CH">Switserland</territory>
			<territory type="CI">Ivoorkus</territory>
			<territory type="CK">Cookeilande</territory>
			<territory type="CL">Chili</territory>
			<territory type="CM">Kameroen</territory>
			<territory type="CN">Sjina</territory>
			<territory type="CO">Kolombië</territory>
			<territory type="CP">Clipperton</territory>
			<territory type="CR">Costa Rica</territory>
			<territory type="CS">Serwië en Montenegro</territory>
			<territory type="CU">Kuba</territory>
			<territory type="CV">Kaap Verde</territory>
			<territory type="CY">Ciprus</territory>
			<territory type="CZ">Tjeggiese Republiek</territory>
			<territory type="DE">Duitsland</territory>
			<territory type="DG">Diego Garcia</territory>
			<territory type="DJ">Djiboeti</territory>
			<territory type="DK">Denemarke</territory>
			<territory type="DM">Dominika</territory>
			<territory type="DO">Dominikaanse Republiek</territory>
			<territory type="DZ">Algerië</territory>
			<territory type="EA">Ceuta en Melilla</territory>
			<territory type="EC">Ecuador</territory>
			<territory type="EE">Estland</territory>
			<territory type="EG">Egipte</territory>
			<territory type="EH">Wes-Sahara</territory>
			<territory type="ER">Eritrea</territory>
			<territory type="ES">Spanje</territory>
			<territory type="ET">Ethiopië</territory>
			<territory type="EU">Europese Unie</territory>
			<territory type="FI">Finland</territory>
			<territory type="FJ">Fidji</territory>
			<territory type="FK">Falklandeilande</territory>
			<territory type="FM">Mikronesië</territory>
			<territory type="FO">Faroëreilande</territory>
			<territory type="FR">Frankryk</territory>
			<territory type="GA">Gaboen</territory>
			<territory type="GB">Groot-Brittanje</territory>
			<territory type="GD">Grenada</territory>
			<territory type="GE">Georgië</territory>
			<territory type="GF">Frans-Guyana</territory>
			<territory type="GH">Ghana</territory>
			<territory type="GI">Gibraltar</territory>
			<territory type="GL">Groenland</territory>
			<territory type="GM">Gambië</territory>
			<territory type="GN">Guinee</territory>
			<territory type="GP">Guadeloupe</territory>
			<territory type="GQ">Ekwatoriaal-Guinee</territory>
			<territory type="GR">Griekeland</territory>
			<territory type="GT">Guatemala</territory>
			<territory type="GU">Guam</territory>
			<territory type="GW">Guinee-Bissau</territory>
			<territory type="GY">Guyana</territory>
			<territory type="HK">Hongkong</territory>
			<territory type="HN">Honduras</territory>
			<territory type="HR">Kroasië</territory>
			<territory type="HT">Haïti</territory>
			<territory type="HU">Hongarye</territory>
			<territory type="IC">Kanariese Eilande</territory>
			<territory type="ID">Indonesië</territory>
			<territory type="IE">Ierland</territory>
			<territory type="IL">Israel</territory>
			<territory type="IN">Indië</territory>
			<territory type="IO">Britse Indiese Oseaan Gebied</territory>
			<territory type="IQ">Irak</territory>
			<territory type="IR">Iran</territory>
			<territory type="IS">Ysland</territory>
			<territory type="IT">Italië</territory>
			<territory type="JE">Jersey</territory>
			<territory type="JM">Jamaika</territory>
			<territory type="JO">Jordanië</territory>
			<territory type="JP">Japan</territory>
			<territory type="KE">Kenia</territory>
			<territory type="KG">Kirgisië</territory>
			<territory type="KH">Kambodja</territory>
			<territory type="KI">Kiribati</territory>
			<territory type="KM">Comore</territory>
			<territory type="KN">Saint Kitts en Nevis</territory>
			<territory type="KP">Noord-Korea</territory>
			<territory type="KR">Suid-Korea</territory>
			<territory type="KW">Koeweit</territory>
			<territory type="KY">Kaaimanseilande</territory>
			<territory type="KZ">Kasakstan</territory>
			<territory type="LA">Laos</territory>
			<territory type="LB">Libanon</territory>
			<territory type="LC">Sint Lucia</territory>
			<territory type="LI">Liechtenstein</territory>
			<territory type="LK">Sri Lanka</territory>
			<territory type="LR">Liberië</territory>
			<territory type="LS">Lesotho</territory>
			<territory type="LT">Litaue</territory>
			<territory type="LU">Luxemburg</territory>
			<territory type="LV">Letland</territory>
			<territory type="LY">Libië</territory>
			<territory type="MA">Marokko</territory>
			<territory type="MC">Monaco</territory>
			<territory type="MD">Moldova</territory>
			<territory type="MG">Madagaskar</territory>
			<territory type="MH">Marshall-eilande</territory>
			<territory type="MK">Macedonië</territory>
			<territory type="ML">Mali</territory>
			<territory type="MM">Mianmar</territory>
			<territory type="MN">Mongolië</territory>
			<territory type="MO">Macao</territory>
			<territory type="MP">Noordelike Marianaeilande</territory>
			<territory type="MQ">Martinique</territory>
			<territory type="MR">Mouritanië</territory>
			<territory type="MS">Montserrat</territory>
			<territory type="MT">Malta</territory>
			<territory type="MU">Mauritius</territory>
			<territory type="MV">Maledive</territory>
			<territory type="MW">Malawi</territory>
			<territory type="MX">Meksiko</territory>
			<territory type="MY">Maleisië</territory>
			<territory type="MZ">Mosambiek</territory>
			<territory type="NA">Namibië</territory>
			<territory type="NC">Nieu-Kaledonië</territory>
			<territory type="NE">Niger</territory>
			<territory type="NF">Norfolk-eiland</territory>
			<territory type="NG">Nigerië</territory>
			<territory type="NI">Nicaragua</territory>
			<territory type="NL">Nederland</territory>
			<territory type="NO">Noorweë</territory>
			<territory type="NP">Nepal</territory>
			<territory type="NR">Naoeroe</territory>
			<territory type="NU">Niue</territory>
			<territory type="NZ">Nieu-Seeland</territory>
			<territory type="OM">Oman</territory>
			<territory type="PA">Panama</territory>
			<territory type="PE">Peru</territory>
			<territory type="PF">Frans-Polinesië</territory>
			<territory type="PG">Papoea Nieu-Guinee</territory>
			<territory type="PH">Filippyne</territory>
			<territory type="PK">Pakistan</territory>
			<territory type="PL">Pole</territory>
			<territory type="PM">Sint-Pierre en Miquelon</territory>
			<territory type="PN">Pitcairn</territory>
			<territory type="PR">Puerto Rico</territory>
			<territory type="PS">Palestina</territory>
			<territory type="PT">Portugal</territory>
			<territory type="PW">Palau</territory>
			<territory type="PY">Paraguay</territory>
			<territory type="QA">Katar</territory>
			<territory type="RE">Réunion</territory>
			<territory type="RO">Roemenië</territory>
			<territory type="RU">Rusland</territory>
			<territory type="RW">Rwanda</territory>
			<territory type="SA">Saoedi-Arabië</territory>
			<territory type="SB">Solomon Eilande</territory>
			<territory type="SC">Seychelle</territory>
			<territory type="SD">Soedan</territory>
			<territory type="SE">Swede</territory>
			<territory type="SG">Singapoer</territory>
			<territory type="SH">Sint Helena</territory>
			<territory type="SI">Slowenië</territory>
			<territory type="SK">Slowakye</territory>
			<territory type="SL">Sierra Leone</territory>
			<territory type="SM">San Marino</territory>
			<territory type="SN">Senegal</territory>
			<territory type="SO">Somalië</territory>
			<territory type="SR">Suriname</territory>
			<territory type="ST">Sao Tome en Principe</territory>
			<territory type="SV">Salvador</territory>
			<territory type="SY">Sirië</territory>
			<territory type="SZ">Swaziland</territory>
			<territory type="TA">Tristan da Cunha</territory>
			<territory type="TC">Turks en Caicos Eilande</territory>
			<territory type="TD">Tsjaad</territory>
			<territory type="TG">Togo</territory>
			<territory type="TH">Thailand</territory>
			<territory type="TJ">Tadjikistan</territory>
			<territory type="TK">Tokelau</territory>
			<territory type="TL">Oos-Timor</territory>
			<territory type="TM">Turkmenië</territory>
			<territory type="TN">Tunisië</territory>
			<territory type="TO">Tonga</territory>
			<territory type="TR">Turkye</territory>
			<territory type="TT">Trinidad en Tobago</territory>
			<territory type="TV">Tuvalu</territory>
			<territory type="TW">Taiwan</territory>
			<territory type="TZ">Tanzanië</territory>
			<territory type="UA">Oekraine</territory>
			<territory type="UG">Uganda</territory>
			<territory type="US">Verenigde State van Amerika</territory>
			<territory type="UY">Uruguay</territory>
			<territory type="UZ">Oesbekistan</territory>
			<territory type="VA">Vatikaan</territory>
			<territory type="VC">Saint Vincent en die Grenadine</territory>
			<territory type="VE">Venezuela</territory>
			<territory type="VG">Britse Maagde-eilande</territory>
			<territory type="VI">V.S. Maagde-eilande</territory>
			<territory type="VN">Viëtnam</territory>
			<territory type="VU">Vanuatu</territory>
			<territory type="WF">Wallis en Futuna</territory>
			<territory type="WS">Samoa</territory>
			<territory type="YE">Jemen</territory>
			<territory type="YT">Mayotte</territory>
			<territory type="ZA">Suid-Afrika</territory>
			<territory type="ZM">Zambië</territory>
			<territory type="ZW">Zimbabwe</territory>
			<territory type="ZZ">onbekend gebied</territory>
		</territories>
		<variants>
			<variant type="1901">Duitse ortografie van 1901</variant>
			<variant type="1996">Duitse ortografie van 1996</variant>
			<variant type="PINYIN">pinyin</variant>
			<variant type="REVISED">hersiene ortografie</variant>
			<variant type="WADEGILE">Wade-Giles</variant>
		</variants>
		<keys>
			<key type="calendar">kalender</key>
			<key type="collation">alfabetiese volgorde</key>
			<key type="currency">valuta</key>
		</keys>
		<types>
			<type type="big5han" key="collation">tradisionele Sjinees in Groot5 volgorde</type>
			<type type="chinese" key="calendar">Sjinese kalender</type>
			<type type="gb2312han" key="collation">vereenvoudigde Sjinees in GB2312 volgorde</type>
			<type type="gregorian" key="calendar">Gregoriaanse kalender</type>
			<type type="hebrew" key="calendar">Hebreeuse kalender</type>
			<type type="islamic" key="calendar">Islamitiese kalender</type>
			<type type="japanese" key="calendar">Japannese kalender</type>
			<type type="phonebook" key="collation">telefoongidsvolgorde</type>
			<type type="traditional" key="collation">tradisioneel volgorde</type>
		</types>
		<measurementSystemNames>
			<measurementSystemName type="metric">Metriek</measurementSystemName>
			<measurementSystemName type="US">VSA</measurementSystemName>
		</measurementSystemNames>
		<codePatterns>
			<codePattern type="language">Taal: {0}</codePattern>
			<codePattern type="script">Skrif: {0}</codePattern>
			<codePattern type="territory">Omgewing: {0}</codePattern>
		</codePatterns>
	</localeDisplayNames>
	<characters>
		<exemplarCharacters>[a á â b c d e é è ê ë f g h i î ï j k l m n o ô ö p q r s t u û v w x y z]</exemplarCharacters>
		<exemplarCharacters type="auxiliary">[à å æ ç ñ ø œ]</exemplarCharacters>
		<exemplarCharacters type="currencySymbol">[a b c d e f g h i j k l m n o p q r s t u v w x y z]</exemplarCharacters>
		<exemplarCharacters type="index">[A B C D E F G H I J K L M N O P Q R S T U V W X Y Z]</exemplarCharacters>
	</characters>
	<delimiters>
		<quotationStart>‘</quotationStart>
		<quotationEnd>’</quotationEnd>
		<alternateQuotationStart>“</alternateQuotationStart>
		<alternateQuotationEnd>”</alternateQuotationEnd>
	</delimiters>
	<dates>
		<calendars>
			<calendar type="gregorian">
				<months>
					<monthContext type="format">
						<monthWidth type="abbreviated">
							<month type="1">Jan</month>
							<month type="2">Feb</month>
							<month type="3">Mar</month>
							<month type="4">Apr</month>
							<month type="5">Mei</month>
							<month type="6">Jun</month>
							<month type="7">Jul</month>
							<month type="8">Aug</month>
							<month type="9">Sep</month>
							<month type="10">Okt</month>
							<month type="11">Nov</month>
							<month type="12">Des</month>
						</monthWidth>
						<monthWidth type="wide">
							<month type="1">Januarie</month>
							<month type="2">Februarie</month>
							<month type="3">Maart</month>
							<month type="4">April</month>
							<month type="5">Mei</month>
							<month type="6">Junie</month>
							<month type="7">Julie</month>
							<month type="8">Augustus</month>
							<month type="9">September</month>
							<month type="10">Oktober</month>
							<month type="11">November</month>
							<month type="12">Desember</month>
						</monthWidth>
					</monthContext>
					<monthContext type="stand-alone">
						<monthWidth type="narrow">
							<month type="1">J</month>
							<month type="2">F</month>
							<month type="3">M</month>
							<month type="4">A</month>
							<month type="5">M</month>
							<month type="6">J</month>
							<month type="7">J</month>
							<month type="8">A</month>
							<month type="9">S</month>
							<month type="10">O</month>
							<month type="11">N</month>
							<month type="12">D</month>
						</monthWidth>
					</monthContext>
				</months>
				<days>
					<dayContext type="format">
						<dayWidth type="abbreviated">
							<day type="sun">So</day>
							<day type="mon">Ma</day>
							<day type="tue">Di</day>
							<day type="wed">Wo</day>
							<day type="thu">Do</day>
							<day type="fri">Vr</day>
							<day type="sat">Sa</day>
						</dayWidth>
						<dayWidth type="wide">
							<day type="sun">Sondag</day>
							<day type="mon">Maandag</day>
							<day type="tue">Dinsdag</day>
							<day type="wed">Woensdag</day>
							<day type="thu">Donderdag</day>
							<day type="fri">Vrydag</day>
							<day type="sat">Saterdag</day>
						</dayWidth>
					</dayContext>
					<dayContext type="stand-alone">
						<dayWidth type="narrow">
							<day type="sun">S</day>
							<day type="mon">M</day>
							<day type="tue">D</day>
							<day type="wed">W</day>
							<day type="thu">D</day>
							<day type="fri">V</day>
							<day type="sat">S</day>
						</dayWidth>
					</dayContext>
				</days>
				<quarters>
					<quarterContext type="format">
						<quarterWidth type="abbreviated">
							<quarter type="1">K1</quarter>
							<quarter type="2">K2</quarter>
							<quarter type="3">K3</quarter>
							<quarter type="4">K4</quarter>
						</quarterWidth>
						<quarterWidth type="wide">
							<quarter type="1">1ste kwartaal</quarter>
							<quarter type="2">2de kwartaal</quarter>
							<quarter type="3">3de kwartaal</quarter>
							<quarter type="4">4de kwartaal</quarter>
						</quarterWidth>
					</quarterContext>
				</quarters>
				<dayPeriods>
					<dayPeriodContext type="format">
						<dayPeriodWidth type="wide">
							<dayPeriod type="am">vm.</dayPeriod>
							<dayPeriod type="pm">nm.</dayPeriod>
						</dayPeriodWidth>
					</dayPeriodContext>
				</dayPeriods>
				<eras>
					<eraNames>
						<era type="0">voor Christus</era>
						<era type="1">na Christus</era>
					</eraNames>
					<eraAbbr>
						<era type="0">v.C.</era>
						<era type="1">n.C.</era>
					</eraAbbr>
				</eras>
				<dateFormats>
					<dateFormatLength type="full">
						<dateFormat>
							<pattern>EEEE dd MMMM y</pattern>
						</dateFormat>
					</dateFormatLength>
					<dateFormatLength type="long">
						<dateFormat>
							<pattern>dd MMMM y</pattern>
						</dateFormat>
					</dateFormatLength>
					<dateFormatLength type="medium">
						<dateFormat>
							<pattern>dd MMM y</pattern>
						</dateFormat>
					</dateFormatLength>
					<dateFormatLength type="short">
						<dateFormat>
							<pattern>yyyy-MM-dd</pattern>
						</dateFormat>
					</dateFormatLength>
				</dateFormats>
				<timeFormats>
					<timeFormatLength type="full">
						<timeFormat>
							<pattern>h:mm:ss a zzzz</pattern>
						</timeFormat>
					</timeFormatLength>
					<timeFormatLength type="long">
						<timeFormat>
							<pattern>h:mm:ss a z</pattern>
						</timeFormat>
					</timeFormatLength>
					<timeFormatLength type="medium">
						<timeFormat>
							<pattern>h:mm:ss a</pattern>
						</timeFormat>
					</timeFormatLength>
					<timeFormatLength type="short">
						<timeFormat>
							<pattern>h:mm a</pattern>
						</timeFormat>
					</timeFormatLength>
				</timeFormats>
				<dateTimeFormats>
					<availableFormats>
						<dateFormatItem id="d">d</dateFormatItem>
						<dateFormatItem id="hm">h:mm a</dateFormatItem>
						<dateFormatItem id="Hm">HH:mm</dateFormatItem>
						<dateFormatItem id="Hms">HH:mm:ss</dateFormatItem>
						<dateFormatItem id="M">L</dateFormatItem>
						<dateFormatItem id="Md">M/d</dateFormatItem>
						<dateFormatItem id="MEd">E, M/d</dateFormatItem>
						<dateFormatItem id="MMM">LLL</dateFormatItem>
						<dateFormatItem id="MMMd">MMM d</dateFormatItem>
						<dateFormatItem id="MMMEd">E, MMM d</dateFormatItem>
						<dateFormatItem id="MMMMd">MMMM d</dateFormatItem>
						<dateFormatItem id="MMMMdd">dd MMMM</dateFormatItem>
						<dateFormatItem id="MMMMEd">E, MMMM d</dateFormatItem>
						<dateFormatItem id="ms">mm:ss</dateFormatItem>
						<dateFormatItem id="y">y</dateFormatItem>
						<dateFormatItem id="yM">M/y</dateFormatItem>
						<dateFormatItem id="yMEd">EEE, y-M-d</dateFormatItem>
						<dateFormatItem id="yMMM">MMM y</dateFormatItem>
						<dateFormatItem id="yMMMEd">EEE, MMM d, y</dateFormatItem>
						<dateFormatItem id="yMMMM">MMMM y</dateFormatItem>
						<dateFormatItem id="yQ">Q y</dateFormatItem>
						<dateFormatItem id="yQQQ">QQQ y</dateFormatItem>
					</availableFormats>
					<intervalFormats>
						<intervalFormatFallback>{0} – {1}</intervalFormatFallback>
						<intervalFormatItem id="d">
							<greatestDifference id="d">d–d</greatestDifference>
						</intervalFormatItem>
						<intervalFormatItem id="h">
							<greatestDifference id="h">h–h a</greatestDifference>
						</intervalFormatItem>
						<intervalFormatItem id="hm">
							<greatestDifference id="h">h:mm–h:mm a</greatestDifference>
							<greatestDifference id="m">h:mm–h:mm a</greatestDifference>
						</intervalFormatItem>
						<intervalFormatItem id="hmv">
							<greatestDifference id="h">h:mm–h:mm a v</greatestDifference>
							<greatestDifference id="m">h:mm–h:mm a v</greatestDifference>
						</intervalFormatItem>
						<intervalFormatItem id="hv">
							<greatestDifference id="h">h–h a v</greatestDifference>
						</intervalFormatItem>
						<intervalFormatItem id="M">
							<greatestDifference id="M">M–M</greatestDifference>
						</intervalFormatItem>
						<intervalFormatItem id="Md">
							<greatestDifference id="d">MM-dd – dd</greatestDifference>
							<greatestDifference id="M">MM-dd – MM-dd</greatestDifference>
						</intervalFormatItem>
						<intervalFormatItem id="MEd">
							<greatestDifference id="d">E, MM-dd – E, MM-dd</greatestDifference>
							<greatestDifference id="M">E, MM-dd – E, MM-dd</greatestDifference>
						</intervalFormatItem>
						<intervalFormatItem id="MMM">
							<greatestDifference id="M">LLL–LLL</greatestDifference>
						</intervalFormatItem>
						<intervalFormatItem id="MMMd">
							<greatestDifference id="d">MM-d – d</greatestDifference>
							<greatestDifference id="M">MM-d – MM-d</greatestDifference>
						</intervalFormatItem>
						<intervalFormatItem id="MMMEd">
							<greatestDifference id="d">E, MM-d – E, MM-d</greatestDifference>
							<greatestDifference id="M">E, MM-d – E, MM-d</greatestDifference>
						</intervalFormatItem>
						<intervalFormatItem id="y">
							<greatestDifference id="y">y–y</greatestDifference>
						</intervalFormatItem>
						<intervalFormatItem id="yM">
							<greatestDifference id="M">yyyy-MM – MM</greatestDifference>
							<greatestDifference id="y">yyyy-MM – yyyy-MM</greatestDifference>
						</intervalFormatItem>
						<intervalFormatItem id="yMd">
							<greatestDifference id="d">yyyy-MM-dd – dd</greatestDifference>
							<greatestDifference id="M">yyyy-MM-dd – MM-dd</greatestDifference>
							<greatestDifference id="y">yyyy-MM-dd – yyyy-MM-dd</greatestDifference>
						</intervalFormatItem>
						<intervalFormatItem id="yMEd">
							<greatestDifference id="d">E, yyyy-MM-dd – E, yyyy-MM-dd</greatestDifference>
							<greatestDifference id="M">E, yyyy-MM-dd – E, yyyy-MM-dd</greatestDifference>
							<greatestDifference id="y">E, yyyy-MM-dd – E, yyyy-MM-dd</greatestDifference>
						</intervalFormatItem>
						<intervalFormatItem id="yMMM">
							<greatestDifference id="M">yyyy-MM – MM</greatestDifference>
							<greatestDifference id="y">yyyy-MM – yyyy-MM</greatestDifference>
						</intervalFormatItem>
						<intervalFormatItem id="yMMMd">
							<greatestDifference id="d">yyyy-MM-d – d</greatestDifference>
							<greatestDifference id="M">yyyy-MM-dd – MM-d</greatestDifference>
							<greatestDifference id="y">yyyy-MM-dd – yyyy-MM-dd</greatestDifference>
						</intervalFormatItem>
						<intervalFormatItem id="yMMMEd">
							<greatestDifference id="d">E, yyyy-MM-dd – E, yyyy-MM-dd</greatestDifference>
							<greatestDifference id="M">E, yyyy-MM-dd – E, yyyy-MM-dd</greatestDifference>
							<greatestDifference id="y">E, yyyy-MM-dd – E, yyyy-MM-dd</greatestDifference>
						</intervalFormatItem>
					</intervalFormats>
				</dateTimeFormats>
				<fields>
					<field type="era">
						<displayName>tydperk</displayName>
					</field>
					<field type="year">
						<displayName>Jaar</displayName>
					</field>
					<field type="month">
						<displayName>Maand</displayName>
					</field>
					<field type="week">
						<displayName>Week</displayName>
					</field>
					<field type="day">
						<displayName>Dag</displayName>
						<relative type="-3">eereergister</relative>
						<relative type="-2">eergister</relative>
						<relative type="-1">Gister</relative>
						<relative type="0">Vandag</relative>
						<relative type="1">Môre</relative>
						<relative type="2">overmôre</relative>
						<relative type="3">overovermôre</relative>
					</field>
					<field type="weekday">
						<displayName>Weeksdag</displayName>
					</field>
					<field type="dayperiod">
						<displayName>AM/PM</displayName>
					</field>
					<field type="hour">
						<displayName>Uur</displayName>
					</field>
					<field type="minute">
						<displayName>Minuut</displayName>
					</field>
					<field type="second">
						<displayName>Sekonde</displayName>
					</field>
					<field type="zone">
						<displayName>Tydsone</displayName>
					</field>
				</fields>
			</calendar>
		</calendars>
		<timeZoneNames>
			<regionFormat>{0}-tyd</regionFormat>
			<fallbackFormat>{0} ({1})</fallbackFormat>
			<zone type="Antarctica/South_Pole">
				<exemplarCity>Suidpool</exemplarCity>
			</zone>
			<zone type="Asia/Bahrain">
				<exemplarCity>Bagrein</exemplarCity>
			</zone>
			<zone type="Asia/Shanghai">
				<exemplarCity>Sjanghai</exemplarCity>
			</zone>
			<zone type="America/Mexico_City">
				<exemplarCity>Mexikostad</exemplarCity>
			</zone>
			<zone type="Europe/Lisbon">
				<exemplarCity>Lissabon</exemplarCity>
			</zone>
			<zone type="Europe/Moscow">
				<exemplarCity>Moskou</exemplarCity>
			</zone>
		</timeZoneNames>
	</dates>
	<numbers>
		<symbols>
			<decimal>,</decimal>
			<group> </group>
			<list>;</list>
			<percentSign>%</percentSign>
			<nativeZeroDigit>0</nativeZeroDigit>
			<patternDigit>#</patternDigit>
			<plusSign>+</plusSign>
			<minusSign>-</minusSign>
			<exponential>E</exponential>
			<perMille>‰</perMille>
			<infinity>∞</infinity>
			<nan>¤¤¤</nan>
		</symbols>
		<decimalFormats>
			<decimalFormatLength>
				<decimalFormat>
					<pattern>#,##0.###</pattern>
				</decimalFormat>
			</decimalFormatLength>
		</decimalFormats>
		<scientificFormats>
			<scientificFormatLength>
				<scientificFormat>
					<pattern>#E0</pattern>
				</scientificFormat>
			</scientificFormatLength>
		</scientificFormats>
		<percentFormats>
			<percentFormatLength>
				<percentFormat>
					<pattern>#,##0%</pattern>
				</percentFormat>
			</percentFormatLength>
		</percentFormats>
		<currencyFormats>
			<currencyFormatLength>
				<currencyFormat>
					<pattern>¤#,##0.00</pattern>
				</currencyFormat>
			</currencyFormatLength>
		</currencyFormats>
		<currencies>
			<currency type="AED">
				<displayName>Verenigde Arabiese Emirate dirham</displayName>
			</currency>
			<currency type="AOA">
				<displayName>Angolese kwanza</displayName>
			</currency>
			<currency type="AUD">
				<displayName>Australiese dollar</displayName>
			</currency>
			<currency type="BHD">
				<displayName>Bahrainse dinar</displayName>
			</currency>
			<currency type="BIF">
				<displayName>Burundiese frank</displayName>
			</currency>
			<currency type="BRL">
				<displayName>Reaal</displayName>
			</currency>
			<currency type="BWP">
				<displayName>Botswana pula</displayName>
			</currency>
			<currency type="CAD">
				<displayName>Kanadese dollar</displayName>
			</currency>
			<currency type="CDF">
				<displayName>Kongolese frank</displayName>
			</currency>
			<currency type="CHF">
				<displayName>Switserse frank</displayName>
			</currency>
			<currency type="CNY">
				<displayName>Sjinese joean renminbi</displayName>
			</currency>
			<currency type="CVE">
				<displayName>Kaap Verdiese escudo</displayName>
			</currency>
			<currency type="DJF">
				<displayName>Djiboeti frank</displayName>
			</currency>
			<currency type="DZD">
				<displayName>Algeriese dinar</displayName>
			</currency>
			<currency type="EGP">
				<displayName>Egiptiese pond</displayName>
			</currency>
			<currency type="ERN">
				<displayName>Eritrese nakfa</displayName>
			</currency>
			<currency type="ETB">
				<displayName>Etiopiese birr</displayName>
			</currency>
			<currency type="EUR">
				<displayName>Euro</displayName>
			</currency>
			<currency type="GBP">
				<displayName>Britse pond</displayName>
			</currency>
			<currency type="GHC">
				<displayName>Ghanese cedi</displayName>
			</currency>
			<currency type="GMD">
				<displayName>Gambiese dalasi</displayName>
			</currency>
			<currency type="GNS">
				<displayName>Guinese frank</displayName>
			</currency>
			<currency type="INR">
				<displayName>Indiese rupee</displayName>
			</currency>
			<currency type="ITL">
				<displayName>Italiaanse lier</displayName>
			</currency>
			<currency type="JPY">
				<displayName>Japannese jen</displayName>
			</currency>
			<currency type="KES">
				<displayName>Keniaanse sjieling</displayName>
			</currency>
			<currency type="KMF">
				<displayName>Comoriese frank</displayName>
			</currency>
			<currency type="LRD">
				<displayName>Liberiese dollar</displayName>
			</currency>
			<currency type="LSL">
				<displayName>Lesotho loti</displayName>
			</currency>
			<currency type="LYD">
				<displayName>Libiese dinar</displayName>
			</currency>
			<currency type="MAD">
				<displayName>Marokkaanse dirham</displayName>
			</currency>
			<currency type="MGA">
				<displayName>Malgassiese frank</displayName>
			</currency>
			<currency type="MRO">
				<displayName>Mauritaniese ouguiya</displayName>
			</currency>
			<currency type="MUR">
				<displayName>Mauritiaanse rupee</displayName>
			</currency>
			<currency type="MWK">
				<displayName>Malawiese kwacha</displayName>
			</currency>
			<currency type="MZM">
				<displayName>Mosambiekse metical</displayName>
			</currency>
			<currency type="NAD">
				<displayName>Namibiese dollar</displayName>
			</currency>
			<currency type="NGN">
				<displayName>Nigeriese naira</displayName>
			</currency>
			<currency type="RUB">
				<displayName>Roebel</displayName>
			</currency>
			<currency type="RWF">
				<displayName>Rwandiese frank</displayName>
			</currency>
			<currency type="SAR">
				<displayName>Saoedi-Arabiese riyal</displayName>
			</currency>
			<currency type="SCR">
				<displayName>Seychellese rupee</displayName>
			</currency>
			<currency type="SDG">
				<displayName>Soedannese pond</displayName>
			</currency>
			<currency type="SDP">
				<displayName>Ou Soedannese pond</displayName>
			</currency>
			<currency type="SHP">
				<displayName>Sint Helena pond</displayName>
			</currency>
			<currency type="SLL">
				<displayName>Sierra Leonese leone</displayName>
			</currency>
			<currency type="SOS">
				<displayName>Somaliese sjieling</displayName>
			</currency>
			<currency type="STD">
				<displayName>São Tomé en Principe dobra</displayName>
			</currency>
			<currency type="SZL">
				<displayName>Swazilandse lilangeni</displayName>
			</currency>
			<currency type="TND">
				<displayName>Tunisiese dinar</displayName>
			</currency>
			<currency type="TRL">
				<displayName>Ou Turkse lier</displayName>
			</currency>
			<currency type="TRY">
				<displayName>Turkse lier</displayName>
			</currency>
			<currency type="TZS">
				<displayName>Tanzaniese sjieling</displayName>
			</currency>
			<currency type="UGX">
				<displayName>Ugandese sjieling</displayName>
			</currency>
			<currency type="USD">
				<displayName>Amerikaanse dollar</displayName>
			</currency>
			<currency type="XAF">
				<displayName>CFA frank BEAC</displayName>
			</currency>
			<currency type="XOF">
				<displayName>CFA frank BCEAO</displayName>
			</currency>
			<currency type="XXX">
				<displayName>Onbekende of ongeldige geldeenheid</displayName>
			</currency>
			<currency type="ZAR">
				<displayName>Suid-Afrikaanse rand</displayName>
			</currency>
			<currency type="ZMK">
				<displayName>Zambiese kwacha</displayName>
			</currency>
			<currency type="ZWD">
				<displayName>Zimbabwiese dollar</displayName>
			</currency>
		</currencies>
	</numbers>
	<units>
		<unit type="day">
			<unitPattern count="one">{0} dag</unitPattern>
			<unitPattern count="other">{0} dae</unitPattern>
		</unit>
		<unit type="hour">
			<unitPattern count="one">{0} uur</unitPattern>
			<unitPattern count="other">{0} uur</unitPattern>
		</unit>
		<unit type="minute">
			<unitPattern count="one">{0} minuut</unitPattern>
			<unitPattern count="other">{0} minute</unitPattern>
		</unit>
		<unit type="month">
			<unitPattern count="one">{0} maand</unitPattern>
			<unitPattern count="other">{0} maande</unitPattern>
		</unit>
		<unit type="second">
			<unitPattern count="one">{0} sekonde</unitPattern>
			<unitPattern count="other">{0} sekondes</unitPattern>
		</unit>
		<unit type="week">
			<unitPattern count="one">{0} week</unitPattern>
			<unitPattern count="other">{0} weke</unitPattern>
		</unit>
		<unit type="year">
			<unitPattern count="one">{0} jaar</unitPattern>
			<unitPattern count="other">{0} jaar</unitPattern>
		</unit>
	</units>
	<listPatterns>
		<listPattern>
			<listPatternPart type="2">{0} en {1}</listPatternPart>
			<listPatternPart type="end">{0} en {1}</listPatternPart>
		</listPattern>
	</listPatterns>
	<posix>
		<messages>
			<yesstr>ja:j</yesstr>
			<nostr>nee:n</nostr>
		</messages>
	</posix>
</ldml>

