<?xml version="1.0" encoding="UTF-8" ?>

<ldml>
	<identity>
		<version number="$Revision: 4763 $"/>
		<generation date="$Date: 2010-02-27 01:03:37 -0600 (Sat, 27 Feb 2010) $"/>
		<language type="kaj"/>
	</identity>
	<characters>
		<exemplarCharacters>[a b c d e f g h i j k l m n o p q r s t u v w x y z]</exemplarCharacters>
		<exemplarCharacters type="index">[A B C D E F G H I J K L M N O P Q R S T U V W X Y Z]</exemplarCharacters>
	</characters>
	<dates>
		<calendars>
			<calendar type="gregorian">
				<months>
					<monthContext type="format">
						<monthWidth type="abbreviated">
							<month type="1">A̱yr</month>
							<month type="2">A̱hw</month>
							<month type="3">A̱ta</month>
							<month type="4">A̱na</month>
							<month type="5">A̱pf</month>
							<month type="6">A̱ki</month>
							<month type="7">A̱ty</month>
							<month type="8">A̱ni</month>
							<month type="9">A̱ku</month>
							<month type="10">Swa</month>
							<month type="11">Sby</month>
							<month type="12">Sbh</month>
						</monthWidth>
						<monthWidth type="wide">
							<month type="1">Hywan A̱yrnig</month>
							<month type="2">Hywan A̱hwa</month>
							<month type="3">Hywan A̱tat</month>
							<month type="4">Hywan A̱naai</month>
							<month type="5">Hywan A̱pfwon</month>
							<month type="6">Hywan A̱kitat</month>
							<month type="7">Hywan A̱tyirin</month>
							<month type="8">Hywan A̱ninai</month>
							<month type="9">Hywan A̱kumviriyin</month>
							<month type="10">Hywan Swak</month>
							<month type="11">Hywan Swak B'a̱yrnig</month>
							<month type="12">Hywan Swak B'a̱hwa</month>
						</monthWidth>
					</monthContext>
				</months>
				<days>
					<dayContext type="format">
						<dayWidth type="abbreviated">
							<day type="sun">Lad</day>
							<day type="mon">Lin</day>
							<day type="tue">Tal</day>
							<day type="wed">Lar</day>
							<day type="thu">Lam</day>
							<day type="fri">Jum</day>
							<day type="sat">Asa</day>
						</dayWidth>
						<dayWidth type="wide">
							<day type="sun">Ladi</day>
							<day type="mon">Lintani</day>
							<day type="tue">Talata</day>
							<day type="wed">Larba</day>
							<day type="thu">Lamit</day>
							<day type="fri">Juma</day>
							<day type="sat">Asabar</day>
						</dayWidth>
					</dayContext>
				</days>
				<dayPeriods>
					<dayPeriodContext type="format">
						<dayPeriodWidth type="wide">
							<dayPeriod type="am">A.M.</dayPeriod>
							<dayPeriod type="pm">P.M.</dayPeriod>
						</dayPeriodWidth>
					</dayPeriodContext>
				</dayPeriods>
				<eras>
					<eraNames>
						<era type="0">Gabanin Miladi</era>
						<era type="1">Miladi</era>
					</eraNames>
					<eraAbbr>
						<era type="0">G.M.</era>
						<era type="1">M.</era>
					</eraAbbr>
				</eras>
				<dateFormats>
					<dateFormatLength type="full">
						<dateFormat>
							<pattern>EEEE, y MMMM dd</pattern>
						</dateFormat>
					</dateFormatLength>
					<dateFormatLength type="long">
						<dateFormat>
							<pattern>y MMMM d</pattern>
						</dateFormat>
					</dateFormatLength>
					<dateFormatLength type="medium">
						<dateFormat>
							<pattern>y MMM d</pattern>
						</dateFormat>
					</dateFormatLength>
					<dateFormatLength type="short">
						<dateFormat>
							<pattern>yy/MM/dd</pattern>
						</dateFormat>
					</dateFormatLength>
				</dateFormats>
				<timeFormats>
					<timeFormatLength type="full">
						<timeFormat>
							<pattern>HH:mm:ss zzzz</pattern>
						</timeFormat>
					</timeFormatLength>
					<timeFormatLength type="long">
						<timeFormat>
							<pattern>HH:mm:ss z</pattern>
						</timeFormat>
					</timeFormatLength>
					<timeFormatLength type="medium">
						<timeFormat>
							<pattern>HH:mm:ss</pattern>
						</timeFormat>
					</timeFormatLength>
					<timeFormatLength type="short">
						<timeFormat>
							<pattern>HH:mm</pattern>
						</timeFormat>
					</timeFormatLength>
				</timeFormats>
			</calendar>
		</calendars>
	</dates>
	<numbers>
		<currencies>
			<currency type="NGN">
				<displayName>A̱naira</displayName>
			</currency>
		</currencies>
	</numbers>
</ldml>

