<?xml version="1.0" encoding="UTF-8" ?>

<ldml>
	<identity>
		<version number="$Revision: 4590 $"/>
		<generation date="$Date: 2010-02-05 13:10:28 -0600 (Fri, 05 Feb 2010) $"/>
		<language type="ki"/>
	</identity>
	<localeDisplayNames>
		<languages>
			<language type="ak">Kiakan</language>
			<language type="am">Kiamhari</language>
			<language type="ar">Kĩarabu</language>
			<language type="be">Kibelarusi</language>
			<language type="bg">Kibulgaria</language>
			<language type="bn">Kibangla</language>
			<language type="cs">Kichecki</language>
			<language type="de">Kĩnjeremani</language>
			<language type="el">Kigiriki</language>
			<language type="en">Gĩthungũ</language>
			<language type="es">Kihispania</language>
			<language type="fa">Kiajemi</language>
			<language type="fr">Kĩbaranja</language>
			<language type="ha">Kihausa</language>
			<language type="hi">Kĩhĩndĩ</language>
			<language type="hu">Kihungari</language>
			<language type="id">Kiindonesia</language>
			<language type="ig">Kiigbo</language>
			<language type="it">Kĩtaliano</language>
			<language type="ja">Kĩnjabani</language>
			<language type="jv">Kijava</language>
			<language type="ki">Gikuyu</language>
			<language type="km">Kikambodia</language>
			<language type="ko">Kikorea</language>
			<language type="ms">Kimalesia</language>
			<language type="my">Kiburma</language>
			<language type="ne">Kinepali</language>
			<language type="nl">Kiholanzi</language>
			<language type="pa">Kipunjabi</language>
			<language type="pl">Kipolandi</language>
			<language type="pt">Kireno</language>
			<language type="ro">Kiromania</language>
			<language type="ru">Kĩracia</language>
			<language type="rw">Kinyarwanda</language>
			<language type="so">Kĩcumarĩ</language>
			<language type="sv">Kiswidi</language>
			<language type="ta">Kitamil</language>
			<language type="th">Kitailandi</language>
			<language type="tr">Kituruki</language>
			<language type="uk">Kiukrania</language>
			<language type="ur">Kiurdu</language>
			<language type="vi">Kivietinamu</language>
			<language type="yo">Kiyoruba</language>
			<language type="zh">Kĩcaina</language>
			<language type="zu">Kizulu</language>
		</languages>
		<territories>
			<territory type="AD">Andora</territory>
			<territory type="AE">Falme za Kiarabu</territory>
			<territory type="AF">Afuganistani</territory>
			<territory type="AG">Antigua na Barbuda</territory>
			<territory type="AI">Anguilla</territory>
			<territory type="AL">Albania</territory>
			<territory type="AM">Armenia</territory>
			<territory type="AN">Antili za Uholanzi</territory>
			<territory type="AO">Angola</territory>
			<territory type="AR">Ajentina</territory>
			<territory type="AS">Samoa ya Marekani</territory>
			<territory type="AT">Austria</territory>
			<territory type="AU">Australia</territory>
			<territory type="AW">Aruba</territory>
			<territory type="AZ">Azabajani</territory>
			<territory type="BA">Bosnia na Hezegovina</territory>
			<territory type="BB">Babadosi</territory>
			<territory type="BD">Bangladeshi</territory>
			<territory type="BE">Ubelgiji</territory>
			<territory type="BF">Bukinafaso</territory>
			<territory type="BG">Bulgaria</territory>
			<territory type="BH">Bahareni</territory>
			<territory type="BI">Mburundi</territory>
			<territory type="BJ">Benini</territory>
			<territory type="BM">Bermuda</territory>
			<territory type="BN">Brunei</territory>
			<territory type="BO">Bolivia</territory>
			<territory type="BR">Brazili</territory>
			<territory type="BS">Bahama</territory>
			<territory type="BT">Butani</territory>
			<territory type="BW">Botswana</territory>
			<territory type="BY">Belarusi</territory>
			<territory type="BZ">Belize</territory>
			<territory type="CA">Kanada</territory>
			<territory type="CD">Jamhuri ya Kidemokrasia ya Kongo</territory>
			<territory type="CF">Jamhuri ya Afrika ya Kati</territory>
			<territory type="CG">Kongo</territory>
			<territory type="CH">Uswisi</territory>
			<territory type="CI">Kodivaa</territory>
			<territory type="CK">Visiwa vya Cook</territory>
			<territory type="CL">Chile</territory>
			<territory type="CM">Kameruni</territory>
			<territory type="CN">Caina</territory>
			<territory type="CO">Kolombia</territory>
			<territory type="CR">Kostarika</territory>
			<territory type="CS">Serbia na Montenegro</territory>
			<territory type="CU">Kiumba</territory>
			<territory type="CV">Kepuvede</territory>
			<territory type="CY">Kuprosi</territory>
			<territory type="CZ">Jamhuri ya Cheki</territory>
			<territory type="DE">Njeremani</territory>
			<territory type="DJ">Jibuti</territory>
			<territory type="DK">Denmaki</territory>
			<territory type="DM">Dominika</territory>
			<territory type="DO">Jamhuri ya Dominika</territory>
			<territory type="DZ">Aljeria</territory>
			<territory type="EC">Ekwado</territory>
			<territory type="EE">Estonia</territory>
			<territory type="EG">Misri</territory>
			<territory type="ER">Eritrea</territory>
			<territory type="ES">Hispania</territory>
			<territory type="ET">Uhabeshi</territory>
			<territory type="FI">Ufini</territory>
			<territory type="FJ">Fiji</territory>
			<territory type="FK">Visiwa vya Falkland</territory>
			<territory type="FM">Mikronesia</territory>
			<territory type="FR">Ubaranja</territory>
			<territory type="GA">Gaboni</territory>
			<territory type="GB">Ngeretha</territory>
			<territory type="GD">Grenada</territory>
			<territory type="GE">Jojia</territory>
			<territory type="GF">Gwiyana ya Ufaransa</territory>
			<territory type="GH">Ngana</territory>
			<territory type="GI">Jibralta</territory>
			<territory type="GL">Grinlandi</territory>
			<territory type="GM">Gambia</territory>
			<territory type="GN">Gine</territory>
			<territory type="GP">Gwadelupe</territory>
			<territory type="GQ">Ginekweta</territory>
			<territory type="GR">Ugiriki</territory>
			<territory type="GT">Gwatemala</territory>
			<territory type="GU">Gwam</territory>
			<territory type="GW">Ginebisau</territory>
			<territory type="GY">Guyana</territory>
			<territory type="HN">Hondurasi</territory>
			<territory type="HR">Korasia</territory>
			<territory type="HT">Haiti</territory>
			<territory type="HU">Hungaria</territory>
			<territory type="ID">Indonesia</territory>
			<territory type="IE">Ayalandi</territory>
			<territory type="IL">Israeli</territory>
			<territory type="IN">India</territory>
			<territory type="IO">Eneo la Uingereza katika Bahari Hindi</territory>
			<territory type="IQ">Iraki</territory>
			<territory type="IR">Uajemi</territory>
			<territory type="IS">Aislandi</territory>
			<territory type="IT">Italia</territory>
			<territory type="JM">Jamaika</territory>
			<territory type="JO">Njorondani</territory>
			<territory type="JP">Njabani</territory>
			<territory type="KE">Kenya</territory>
			<territory type="KG">Kirigizistani</territory>
			<territory type="KH">Kambodia</territory>
			<territory type="KI">Kiribati</territory>
			<territory type="KM">Komoro</territory>
			<territory type="KN">Santakitzi na Nevis</territory>
			<territory type="KP">Korea Kaskazini</territory>
			<territory type="KR">Korea Kusini</territory>
			<territory type="KW">Kuwaiti</territory>
			<territory type="KY">Visiwa vya Kayman</territory>
			<territory type="KZ">Kazakistani</territory>
			<territory type="LA">Laosi</territory>
			<territory type="LB">Lebanoni</territory>
			<territory type="LC">Santalusia</territory>
			<territory type="LI">Lishenteni</territory>
			<territory type="LK">Sirilanka</territory>
			<territory type="LR">Liberia</territory>
			<territory type="LS">Lesoto</territory>
			<territory type="LT">Litwania</territory>
			<territory type="LU">Lasembagi</territory>
			<territory type="LV">Lativia</territory>
			<territory type="LY">Libya</territory>
			<territory type="MA">Moroko</territory>
			<territory type="MC">Monako</territory>
			<territory type="MD">Moldova</territory>
			<territory type="MG">Bukini</territory>
			<territory type="MH">Visiwa vya Marshal</territory>
			<territory type="MK">Masedonia</territory>
			<territory type="ML">Mali</territory>
			<territory type="MM">Myama</territory>
			<territory type="MN">Mongolia</territory>
			<territory type="MP">Visiwa vya Mariana vya Kaskazini</territory>
			<territory type="MQ">Martiniki</territory>
			<territory type="MR">Moritania</territory>
			<territory type="MS">Montserrati</territory>
			<territory type="MT">Malta</territory>
			<territory type="MU">Morisi</territory>
			<territory type="MV">Modivu</territory>
			<territory type="MW">Malawi</territory>
			<territory type="MX">Meksiko</territory>
			<territory type="MY">Malesia</territory>
			<territory type="MZ">Msumbiji</territory>
			<territory type="NA">Namimbia</territory>
			<territory type="NC">Nyukaledonia</territory>
			<territory type="NE">Nijeri</territory>
			<territory type="NF">Kisiwa cha Norfok</territory>
			<territory type="NG">Nainjeria</territory>
			<territory type="NI">Nikaragwa</territory>
			<territory type="NL">Uholanzi</territory>
			<territory type="NO">Norwe</territory>
			<territory type="NP">Nepali</territory>
			<territory type="NR">Nauru</territory>
			<territory type="NU">Niue</territory>
			<territory type="NZ">Nyuzilandi</territory>
			<territory type="OM">Omani</territory>
			<territory type="PA">Panama</territory>
			<territory type="PE">Peru</territory>
			<territory type="PF">Polinesia ya Ufaransa</territory>
			<territory type="PG">Papua</territory>
			<territory type="PH">Filipino</territory>
			<territory type="PK">Pakistani</territory>
			<territory type="PL">Polandi</territory>
			<territory type="PM">Santapieri na Mikeloni</territory>
			<territory type="PN">Pitkairni</territory>
			<territory type="PR">Pwetoriko</territory>
			<territory type="PS">Ukingo wa Magharibi na Ukanda wa Gaza wa Palestina</territory>
			<territory type="PT">Ureno</territory>
			<territory type="PW">Palau</territory>
			<territory type="PY">Paragwai</territory>
			<territory type="QA">Katari</territory>
			<territory type="RE">Riyunioni</territory>
			<territory type="RO">Romania</territory>
			<territory type="RU">Urusi</territory>
			<territory type="RW">Rwanda</territory>
			<territory type="SA">Saudi</territory>
			<territory type="SB">Visiwa vya Solomon</territory>
			<territory type="SC">Shelisheli</territory>
			<territory type="SD">Sudani</territory>
			<territory type="SE">Uswidi</territory>
			<territory type="SG">Singapoo</territory>
			<territory type="SH">Santahelena</territory>
			<territory type="SI">Slovenia</territory>
			<territory type="SK">Slovakia</territory>
			<territory type="SL">Siera Leoni</territory>
			<territory type="SM">Samarino</territory>
			<territory type="SN">Senegali</territory>
			<territory type="SO">Somaria</territory>
			<territory type="SR">Surinamu</territory>
			<territory type="ST">Sao Tome na Principe</territory>
			<territory type="SV">Elsavado</territory>
			<territory type="SY">Siria</territory>
			<territory type="SZ">Uswazi</territory>
			<territory type="TC">Visiwa vya Turki na Kaiko</territory>
			<territory type="TD">Chadi</territory>
			<territory type="TG">Togo</territory>
			<territory type="TH">Tailandi</territory>
			<territory type="TJ">Tajikistani</territory>
			<territory type="TK">Tokelau</territory>
			<territory type="TL">Timori ya Mashariki</territory>
			<territory type="TM">Turukimenistani</territory>
			<territory type="TN">Tunisia</territory>
			<territory type="TO">Tonga</territory>
			<territory type="TR">Uturuki</territory>
			<territory type="TT">Trinidad na Tobago</territory>
			<territory type="TV">Tuvalu</territory>
			<territory type="TW">Taiwani</territory>
			<territory type="TZ">Tanzania</territory>
			<territory type="UA">Ukraini</territory>
			<territory type="UG">Uganda</territory>
			<territory type="US">Amerika</territory>
			<territory type="UY">Urugwai</territory>
			<territory type="UZ">Uzibekistani</territory>
			<territory type="VA">Vatikani</territory>
			<territory type="VC">Santavisenti na Grenadini</territory>
			<territory type="VE">Venezuela</territory>
			<territory type="VG">Visiwa vya Virgin vya Uingereza</territory>
			<territory type="VI">Visiwa vya Virgin vya Marekani</territory>
			<territory type="VN">Vietinamu</territory>
			<territory type="VU">Vanuatu</territory>
			<territory type="WF">Walis na Futuna</territory>
			<territory type="WS">Samoa</territory>
			<territory type="YE">Yemeni</territory>
			<territory type="YT">Mayotte</territory>
			<territory type="ZA">Afrika Kusini</territory>
			<territory type="ZM">Zambia</territory>
			<territory type="ZW">Zimbabwe</territory>
		</territories>
	</localeDisplayNames>
	<characters>
		<exemplarCharacters>[a b c d e g h i ĩ j k m n o r t u ũ w y]</exemplarCharacters>
		<exemplarCharacters type="auxiliary">[f l p q s v x z]</exemplarCharacters>
		<exemplarCharacters type="index">[A B C D E G H I J K M N O R T U W Y]</exemplarCharacters>
	</characters>
	<delimiters>
		<quotationStart>'</quotationStart>
		<quotationEnd>'</quotationEnd>
		<alternateQuotationStart>“</alternateQuotationStart>
		<alternateQuotationEnd>”</alternateQuotationEnd>
	</delimiters>
	<dates>
		<calendars>
			<calendar type="gregorian">
				<months>
					<monthContext type="format">
						<monthWidth type="abbreviated">
							<month type="1">JEN</month>
							<month type="2">WKR</month>
							<month type="3">WGT</month>
							<month type="4">WKN</month>
							<month type="5">WTN</month>
							<month type="6">WTD</month>
							<month type="7">WMJ</month>
							<month type="8">WNN</month>
							<month type="9">WKD</month>
							<month type="10">WIK</month>
							<month type="11">WMW</month>
							<month type="12">DIT</month>
						</monthWidth>
						<monthWidth type="wide">
							<month type="1">Njenuarĩ</month>
							<month type="2">Mwere wa kerĩ</month>
							<month type="3">Mwere wa gatatũ</month>
							<month type="4">Mwere wa kana</month>
							<month type="5">Mwere wa gatano</month>
							<month type="6">Mwere wa gatandatũ</month>
							<month type="7">Mwere wa mũgwanja</month>
							<month type="8">Mwere wa kanana</month>
							<month type="9">Mwere wa kenda</month>
							<month type="10">Mwere wa ikũmi</month>
							<month type="11">Mwere wa ikũmi na ũmwe</month>
							<month type="12">Ndithemba</month>
						</monthWidth>
					</monthContext>
					<monthContext type="stand-alone">
						<monthWidth type="narrow">
							<month type="1">J</month>
							<month type="2">K</month>
							<month type="3">G</month>
							<month type="4">K</month>
							<month type="5">G</month>
							<month type="6">G</month>
							<month type="7">M</month>
							<month type="8">K</month>
							<month type="9">K</month>
							<month type="10">I</month>
							<month type="11">I</month>
							<month type="12">D</month>
						</monthWidth>
					</monthContext>
				</months>
				<days>
					<dayContext type="format">
						<dayWidth type="abbreviated">
							<day type="sun">KMA</day>
							<day type="mon">NTT</day>
							<day type="tue">NMN</day>
							<day type="wed">NMT</day>
							<day type="thu">ART</day>
							<day type="fri">NMA</day>
							<day type="sat">NMM</day>
						</dayWidth>
						<dayWidth type="wide">
							<day type="sun">Kiumia</day>
							<day type="mon">Njumatatũ</day>
							<day type="tue">Njumaine</day>
							<day type="wed">Njumatana</day>
							<day type="thu">Aramithi</day>
							<day type="fri">Njumaa</day>
							<day type="sat">Njumamothi</day>
						</dayWidth>
					</dayContext>
					<dayContext type="stand-alone">
						<dayWidth type="narrow">
							<day type="sun">K</day>
							<day type="mon">N</day>
							<day type="tue">N</day>
							<day type="wed">N</day>
							<day type="thu">A</day>
							<day type="fri">N</day>
							<day type="sat">N</day>
						</dayWidth>
					</dayContext>
				</days>
				<quarters>
					<quarterContext type="format">
						<quarterWidth type="abbreviated">
							<quarter type="1">R1</quarter>
							<quarter type="2">R2</quarter>
							<quarter type="3">R3</quarter>
							<quarter type="4">R4</quarter>
						</quarterWidth>
						<quarterWidth type="wide">
							<quarter type="1">Robo ya mbere</quarter>
							<quarter type="2">Robo ya kerĩ</quarter>
							<quarter type="3">Robo ya gatatũ</quarter>
							<quarter type="4">Robo ya kana</quarter>
						</quarterWidth>
					</quarterContext>
				</quarters>
				<dayPeriods>
					<dayPeriodContext type="format">
						<dayPeriodWidth type="wide">
							<dayPeriod type="am">Kiroko</dayPeriod>
							<dayPeriod type="pm">Hwaĩ-inĩ</dayPeriod>
						</dayPeriodWidth>
					</dayPeriodContext>
				</dayPeriods>
				<eras>
					<eraNames>
						<era type="0">Mbere ya Kristo</era>
						<era type="1">Thutha wa Kristo</era>
					</eraNames>
					<eraAbbr>
						<era type="0">MK</era>
						<era type="1">TK</era>
					</eraAbbr>
				</eras>
				<dateFormats>
					<dateFormatLength type="full">
						<dateFormat>
							<pattern>EEEE, d MMMM y</pattern>
						</dateFormat>
					</dateFormatLength>
					<dateFormatLength type="long">
						<dateFormat>
							<pattern>d MMMM y</pattern>
						</dateFormat>
					</dateFormatLength>
					<dateFormatLength type="medium">
						<dateFormat>
							<pattern>d MMM y</pattern>
						</dateFormat>
					</dateFormatLength>
					<dateFormatLength type="short">
						<dateFormat>
							<pattern>dd/MM/yyyy</pattern>
						</dateFormat>
					</dateFormatLength>
				</dateFormats>
				<timeFormats>
					<timeFormatLength type="full">
						<timeFormat>
							<pattern>h:mm:ss a zzzz</pattern>
						</timeFormat>
					</timeFormatLength>
					<timeFormatLength type="long">
						<timeFormat>
							<pattern>h:mm:ss a z</pattern>
						</timeFormat>
					</timeFormatLength>
					<timeFormatLength type="medium">
						<timeFormat>
							<pattern>h:mm:ss a</pattern>
						</timeFormat>
					</timeFormatLength>
					<timeFormatLength type="short">
						<timeFormat>
							<pattern>h:mm a</pattern>
						</timeFormat>
					</timeFormatLength>
				</timeFormats>
				<dateTimeFormats>
					<availableFormats>
						<dateFormatItem id="d">d</dateFormatItem>
						<dateFormatItem id="hm">h:mm a</dateFormatItem>
						<dateFormatItem id="Hm">HH:mm</dateFormatItem>
						<dateFormatItem id="Hms">HH:mm:ss</dateFormatItem>
						<dateFormatItem id="M">L</dateFormatItem>
						<dateFormatItem id="Md">M/d</dateFormatItem>
						<dateFormatItem id="MEd">E, M/d</dateFormatItem>
						<dateFormatItem id="MMM">LLL</dateFormatItem>
						<dateFormatItem id="MMMd">MMM d</dateFormatItem>
						<dateFormatItem id="MMMEd">E, MMM d</dateFormatItem>
						<dateFormatItem id="MMMMd">MMMM d</dateFormatItem>
						<dateFormatItem id="MMMMEd">E, MMMM d</dateFormatItem>
						<dateFormatItem id="ms">mm:ss</dateFormatItem>
						<dateFormatItem id="y">y</dateFormatItem>
						<dateFormatItem id="yM">M/y</dateFormatItem>
						<dateFormatItem id="yMEd">EEE, M/d/y</dateFormatItem>
						<dateFormatItem id="yMMM">MMM y</dateFormatItem>
						<dateFormatItem id="yMMMEd">EEE, MMM d, y</dateFormatItem>
						<dateFormatItem id="yMMMM">MMMM y</dateFormatItem>
						<dateFormatItem id="yQ">Q y</dateFormatItem>
						<dateFormatItem id="yQQQ">QQQ y</dateFormatItem>
					</availableFormats>
				</dateTimeFormats>
				<fields>
					<field type="era">
						<displayName>Kĩhinda</displayName>
					</field>
					<field type="year">
						<displayName>Mwaka</displayName>
					</field>
					<field type="month">
						<displayName>Mweri</displayName>
					</field>
					<field type="week">
						<displayName>Kiumia</displayName>
					</field>
					<field type="day">
						<displayName>Mũthenya</displayName>
						<relative type="-1">Ira</relative>
						<relative type="0">Ũmũthĩ</relative>
						<relative type="1">Rũciũ</relative>
					</field>
					<field type="weekday">
						<displayName>Mũthenya kiumia-inĩ</displayName>
					</field>
					<field type="dayperiod">
						<displayName>Mũthenya</displayName>
					</field>
					<field type="hour">
						<displayName>Ithaa</displayName>
					</field>
					<field type="minute">
						<displayName>Ndagĩka</displayName>
					</field>
					<field type="second">
						<displayName>Sekunde</displayName>
					</field>
					<field type="zone">
						<displayName>Mũcooro wa mathaa</displayName>
					</field>
				</fields>
			</calendar>
		</calendars>
	</dates>
	<numbers>
		<currencyFormats>
			<currencyFormatLength>
				<currencyFormat>
					<pattern>¤#,##0.00;(¤#,##0.00)</pattern>
				</currencyFormat>
			</currencyFormatLength>
		</currencyFormats>
		<currencies>
			<currency type="AED">
				<displayName>Dirham ya Falme za Kiarabu</displayName>
			</currency>
			<currency type="AOA">
				<displayName>Kwanza ya Angola</displayName>
			</currency>
			<currency type="AUD">
				<displayName>Dola ya Australia</displayName>
			</currency>
			<currency type="BHD">
				<displayName>Dinari ya Bahareni</displayName>
			</currency>
			<currency type="BIF">
				<displayName>Faranga ya Burundi</displayName>
			</currency>
			<currency type="BWP">
				<displayName>Pula ya Botswana</displayName>
			</currency>
			<currency type="CAD">
				<displayName>Ndora ya Kananda</displayName>
			</currency>
			<currency type="CDF">
				<displayName>Faranga ya Kongo</displayName>
			</currency>
			<currency type="CHF">
				<displayName>Faranga ya Uswisi</displayName>
			</currency>
			<currency type="CNY">
				<displayName>Yuan Renminbi ya China</displayName>
			</currency>
			<currency type="CVE">
				<displayName>Eskudo ya Kepuvede</displayName>
			</currency>
			<currency type="DJF">
				<displayName>Faranga ya Jibuti</displayName>
			</currency>
			<currency type="DZD">
				<displayName>Dinari ya Aljeria</displayName>
			</currency>
			<currency type="EGP">
				<displayName>Pauni ya Misri</displayName>
			</currency>
			<currency type="ERN">
				<displayName>Nakfa ya Eritrea</displayName>
			</currency>
			<currency type="ETB">
				<displayName>Bir ya Uhabeshi</displayName>
			</currency>
			<currency type="EUR">
				<displayName>Yuro</displayName>
			</currency>
			<currency type="GBP">
				<displayName>Mbauini cia Ngeretha</displayName>
			</currency>
			<currency type="GHC">
				<displayName>Sedi ya Ghana</displayName>
			</currency>
			<currency type="GMD">
				<displayName>Dalasi ya Gambia</displayName>
			</currency>
			<currency type="GNS">
				<displayName>Faranga ya Gine</displayName>
			</currency>
			<currency type="INR">
				<displayName>Rubia rwa India</displayName>
			</currency>
			<currency type="JPY">
				<displayName>Sarafu ya Kijapani</displayName>
			</currency>
			<currency type="KES">
				<displayName>Ciringi ya Kenya</displayName>
			</currency>
			<currency type="KMF">
				<displayName>Faranga ya Komoro</displayName>
			</currency>
			<currency type="LRD">
				<displayName>Dola ya Liberia</displayName>
			</currency>
			<currency type="LSL">
				<displayName>Loti ya Lesoto</displayName>
			</currency>
			<currency type="LYD">
				<displayName>Dinari ya Libya</displayName>
			</currency>
			<currency type="MAD">
				<displayName>Dirham ya Moroko</displayName>
			</currency>
			<currency type="MGA">
				<displayName>Ariary ya Bukini</displayName>
			</currency>
			<currency type="MRO">
				<displayName>Ugwiya ya Moritania</displayName>
			</currency>
			<currency type="MUR">
				<displayName>Rupia ya Morisi</displayName>
			</currency>
			<currency type="MWK">
				<displayName>Kwacha ya Malawi</displayName>
			</currency>
			<currency type="MZM">
				<displayName>Metikali ya Msumbiji</displayName>
			</currency>
			<currency type="NAD">
				<displayName>Dola ya Namibia</displayName>
			</currency>
			<currency type="NGN">
				<displayName>Naira ya Nijeria</displayName>
			</currency>
			<currency type="RWF">
				<displayName>Faranga ya Rwanda</displayName>
			</currency>
			<currency type="SAR">
				<displayName>Riyal ya Saudia</displayName>
			</currency>
			<currency type="SCR">
				<displayName>Rupia ya Shelisheli</displayName>
			</currency>
			<currency type="SDG">
				<displayName>Pauni ya Sudani</displayName>
			</currency>
			<currency type="SHP">
				<displayName>Pauni ya Santahelena</displayName>
			</currency>
			<currency type="SLL">
				<displayName>Leoni</displayName>
			</currency>
			<currency type="SOS">
				<displayName>ciringi cia cumarĩ</displayName>
			</currency>
			<currency type="STD">
				<displayName>Dobra ya Sao Tome na Principe</displayName>
			</currency>
			<currency type="SZL">
				<displayName>Lilangeni</displayName>
			</currency>
			<currency type="TND">
				<displayName>Dinari ya Tunisia</displayName>
			</currency>
			<currency type="TZS">
				<displayName>ciringi cia Tanizania</displayName>
			</currency>
			<currency type="UGX">
				<displayName>ciringi cia Ũganda</displayName>
			</currency>
			<currency type="USD">
				<displayName>Ndora cia Amerika</displayName>
			</currency>
			<currency type="XAF">
				<displayName>Faranga CFA BEAC</displayName>
			</currency>
			<currency type="XOF">
				<displayName>Faranga CFA BCEAO</displayName>
			</currency>
			<currency type="ZAR">
				<displayName>Randi ya Afrika Kusini</displayName>
			</currency>
			<currency type="ZMK">
				<displayName>Kwacha ya Zambia</displayName>
			</currency>
			<currency type="ZWD">
				<displayName>Dola ya Zimbabwe</displayName>
			</currency>
		</currencies>
	</numbers>
	<posix>
		<messages>
			<yesstr>Ĩĩ:Ĩ</yesstr>
			<nostr>Ca:C</nostr>
		</messages>
	</posix>
</ldml>
