<?xml version="1.0" encoding="UTF-8" ?>

<ldml>
	<identity>
		<version number="$Revision: 4765 $"/>
		<generation date="$Date: 2010-02-27 18:03:30 -0600 (Sat, 27 Feb 2010) $"/>
		<language type="ssy"/>
	</identity>
	<localeDisplayNames>
		<languages>
			<language type="aa">Qafar</language>
		</languages>
		<scripts>
			<script type="Latn">Latin</script>
		</scripts>
		<territories>
			<territory type="DJ">Yabuuti</territory>
			<territory type="ER">Eretria</territory>
			<territory type="ET">Otobbia</territory>
		</territories>
	</localeDisplayNames>
	<characters>
		<exemplarCharacters>[a b c d e f g h i j k l m n o p q r s t u v w x y z]</exemplarCharacters>
		<exemplarCharacters type="index">[A B C D E F G H I J K L M N O P Q R S T U V W X Y Z]</exemplarCharacters>
	</characters>
	<dates>
		<calendars>
			<calendar type="gregorian">
				<months>
					<monthContext type="format">
						<monthWidth type="abbreviated">
							<month type="1">Qun</month>
							<month type="2">Nah</month>
							<month type="3">Cig</month>
							<month type="4">Agd</month>
							<month type="5">Cax</month>
							<month type="6">Qas</month>
							<month type="7">Qad</month>
							<month type="8">Leq</month>
							<month type="9">Way</month>
							<month type="10">Dit</month>
							<month type="11">Xim</month>
							<month type="12">Kax</month>
						</monthWidth>
						<monthWidth type="wide">
							<month type="1">Qunxa Garablu</month>
							<month type="2">Kudo</month>
							<month type="3">Ciggilta Kudo</month>
							<month type="4">Agda Baxis</month>
							<month type="5">Caxah Alsa</month>
							<month type="6">Qasa Dirri</month>
							<month type="7">Qado Dirri</month>
							<month type="8">Liiqen</month>
							<month type="9">Waysu</month>
							<month type="10">Diteli</month>
							<month type="11">Ximoli</month>
							<month type="12">Kaxxa Garablu</month>
						</monthWidth>
					</monthContext>
					<monthContext type="stand-alone">
						<monthWidth type="narrow">
							<month type="1">Q</month>
							<month type="2">N</month>
							<month type="3">C</month>
							<month type="4">A</month>
							<month type="5">C</month>
							<month type="6">Q</month>
							<month type="7">Q</month>
							<month type="8">L</month>
							<month type="9">W</month>
							<month type="10">D</month>
							<month type="11">X</month>
							<month type="12">K</month>
						</monthWidth>
					</monthContext>
				</months>
				<days>
					<dayContext type="format">
						<dayWidth type="abbreviated">
							<day type="sun">Nab</day>
							<day type="mon">San</day>
							<day type="tue">Sal</day>
							<day type="wed">Rab</day>
							<day type="thu">Cam</day>
							<day type="fri">Jum</day>
							<day type="sat">Qun</day>
						</dayWidth>
						<dayWidth type="wide">
							<day type="sun">Naba Sambat</day>
							<day type="mon">Sani</day>
							<day type="tue">Salus</day>
							<day type="wed">Rabuq</day>
							<day type="thu">Camus</day>
							<day type="fri">Jumqata</day>
							<day type="sat">Qunxa Sambat</day>
						</dayWidth>
					</dayContext>
					<dayContext type="stand-alone">
						<dayWidth type="narrow">
							<day type="sun">N</day>
							<day type="mon">S</day>
							<day type="tue">S</day>
							<day type="wed">R</day>
							<day type="thu">C</day>
							<day type="fri">J</day>
							<day type="sat">Q</day>
						</dayWidth>
					</dayContext>
				</days>
				<dayPeriods>
					<dayPeriodContext type="format">
						<dayPeriodWidth type="wide">
							<dayPeriod type="am">saaku</dayPeriod>
							<dayPeriod type="pm">carra</dayPeriod>
						</dayPeriodWidth>
					</dayPeriodContext>
				</dayPeriods>
				<eras>
					<eraAbbr>
						<era type="0">Yaasuusuk Duma</era>
						<era type="1">Yaasuusuk Wadir</era>
					</eraAbbr>
				</eras>
				<dateFormats>
					<dateFormatLength type="full">
						<dateFormat>
							<pattern>EEEE, MMMM dd, y</pattern>
						</dateFormat>
					</dateFormatLength>
					<dateFormatLength type="long">
						<dateFormat>
							<pattern>dd MMMM y</pattern>
						</dateFormat>
					</dateFormatLength>
					<dateFormatLength type="medium">
						<dateFormat>
							<pattern>dd-MMM-y</pattern>
						</dateFormat>
					</dateFormatLength>
					<dateFormatLength type="short">
						<dateFormat>
							<pattern>dd/MM/yy</pattern>
						</dateFormat>
					</dateFormatLength>
				</dateFormats>
				<timeFormats>
					<timeFormatLength type="full">
						<timeFormat>
							<pattern>h:mm:ss a zzzz</pattern>
						</timeFormat>
					</timeFormatLength>
					<timeFormatLength type="long">
						<timeFormat>
							<pattern>h:mm:ss a z</pattern>
						</timeFormat>
					</timeFormatLength>
					<timeFormatLength type="medium">
						<timeFormat>
							<pattern>h:mm:ss a</pattern>
						</timeFormat>
					</timeFormatLength>
					<timeFormatLength type="short">
						<timeFormat>
							<pattern>h:mm a</pattern>
						</timeFormat>
					</timeFormatLength>
				</timeFormats>
			</calendar>
		</calendars>
	</dates>
	<numbers>
		<currencyFormats>
			<currencyFormatLength>
				<currencyFormat>
					<pattern>¤#,##0.00</pattern>
				</currencyFormat>
			</currencyFormatLength>
		</currencyFormats>
	</numbers>
</ldml>

