<?xml version="1.0" encoding="UTF-8" ?>

<ldml>
	<identity>
		<version number="$Revision: 4864 $"/>
		<generation date="$Date: 2010-04-21 11:26:30 -0500 (Wed, 21 Apr 2010) $"/>
		<language type="wo"/>
	</identity>
	<localeDisplayNames>
		<languages>
			<language type="da">Danwaa</language>
			<language type="de">Almaa</language>
			<language type="en">Angale</language>
			<language type="es">Españool</language>
			<language type="fi">Finlaande</language>
			<language type="fr">Fraañse</language>
			<language type="it">Itaaliee</language>
			<language type="ja">Jappone</language>
			<language type="nl">Olaande</language>
			<language type="no">Norweejiee</language>
			<language type="pt">Portugees</language>
			<language type="sv">Suweedwaa</language>
		</languages>
	</localeDisplayNames>
	<characters>
		<exemplarCharacters>[a à b c d e é ë f g i j k l m n ñ ŋ o ó p q r s t u w x y]</exemplarCharacters>
		<exemplarCharacters type="auxiliary">[ã h v z]</exemplarCharacters>
		<exemplarCharacters type="currencySymbol">[a b c d e f g h i j k l m n o p q r s t u v w x y z]</exemplarCharacters>
		<exemplarCharacters type="index">[A B C D E F G H I J K L M N Ŋ O P Q R S T U V W X Y Z]</exemplarCharacters>
	</characters>
	<dates>
		<timeZoneNames>
			<hourFormat>+HH:mm;-HH:mm</hourFormat>
			<gmtFormat>GMT{0}</gmtFormat>
		</timeZoneNames>
	</dates>
</ldml>

