<?xml version="1.0" encoding="UTF-8" ?>

<ldml>
	<identity>
		<version number="$Revision: 4582 $"/>
		<generation date="$Date: 2010-02-05 10:51:25 -0600 (Fri, 05 Feb 2010) $"/>
		<language type="es"/>
		<territory type="CO"/>
	</identity>
	<dates>
		<calendars>
			<calendar type="gregorian">
				<dateFormats>
					<dateFormatLength type="medium">
						<dateFormat>
							<pattern>d/MM/yyyy</pattern>
						</dateFormat>
					</dateFormatLength>
					<dateFormatLength type="short">
						<dateFormat>
							<pattern>d/MM/yy</pattern>
						</dateFormat>
					</dateFormatLength>
				</dateFormats>
				<timeFormats>
					<timeFormatLength type="long">
						<timeFormat>
							<pattern>H:mm:ss z</pattern>
						</timeFormat>
					</timeFormatLength>
					<timeFormatLength type="medium">
						<timeFormat>
							<pattern>H:mm:ss</pattern>
						</timeFormat>
					</timeFormatLength>
					<timeFormatLength type="short">
						<timeFormat>
							<pattern>H:mm</pattern>
						</timeFormat>
					</timeFormatLength>
				</timeFormats>
				<dateTimeFormats>
					<intervalFormats>
						<intervalFormatFallback>{0} a el {1}</intervalFormatFallback>
						<intervalFormatItem id="d">
							<greatestDifference id="d">d-d</greatestDifference>
						</intervalFormatItem>
						<intervalFormatItem id="h">
							<greatestDifference id="h">h-h a</greatestDifference>
						</intervalFormatItem>
						<intervalFormatItem id="H">
							<greatestDifference id="H">H-H</greatestDifference>
						</intervalFormatItem>
						<intervalFormatItem id="hm">
							<greatestDifference id="h">h:mm-h:mm a</greatestDifference>
							<greatestDifference id="m">h:mm-h:mm a</greatestDifference>
						</intervalFormatItem>
						<intervalFormatItem id="Hm">
							<greatestDifference id="H">H:mm-H:mm</greatestDifference>
							<greatestDifference id="m">H:mm-H:mm</greatestDifference>
						</intervalFormatItem>
						<intervalFormatItem id="hmv">
							<greatestDifference id="h">h:mm-h:mm a v</greatestDifference>
							<greatestDifference id="m">h:mm-h:mm a v</greatestDifference>
						</intervalFormatItem>
						<intervalFormatItem id="Hmv">
							<greatestDifference id="H">H:mm-H:mm v</greatestDifference>
							<greatestDifference id="m">H:mm-H:mm v</greatestDifference>
						</intervalFormatItem>
						<intervalFormatItem id="hv">
							<greatestDifference id="h">h-h a v</greatestDifference>
						</intervalFormatItem>
						<intervalFormatItem id="Hv">
							<greatestDifference id="H">H-H v</greatestDifference>
						</intervalFormatItem>
						<intervalFormatItem id="M">
							<greatestDifference id="M">M-M</greatestDifference>
						</intervalFormatItem>
						<intervalFormatItem id="Md">
							<greatestDifference id="d">d/MM - d/MM</greatestDifference>
							<greatestDifference id="M">d/MM - d/MM</greatestDifference>
						</intervalFormatItem>
						<intervalFormatItem id="MEd">
							<greatestDifference id="d">E d/MM - E d/MM</greatestDifference>
							<greatestDifference id="M">E d/MM - E d/MM</greatestDifference>
						</intervalFormatItem>
						<intervalFormatItem id="MMM">
							<greatestDifference id="M">MMM-MMM</greatestDifference>
						</intervalFormatItem>
						<intervalFormatItem id="MMMd">
							<greatestDifference id="d">d-d 'de' MMM</greatestDifference>
							<greatestDifference id="M">d 'de' MMM 'al' d 'de' MMM</greatestDifference>
						</intervalFormatItem>
						<intervalFormatItem id="MMMEd">
							<greatestDifference id="d">E d 'al' E d 'de' MMM</greatestDifference>
							<greatestDifference id="M">E d 'de' MMM 'al' E d 'de' MMM</greatestDifference>
						</intervalFormatItem>
						<intervalFormatItem id="y">
							<greatestDifference id="y">y-y</greatestDifference>
						</intervalFormatItem>
						<intervalFormatItem id="yM">
							<greatestDifference id="M">MM/yy - MM/yy</greatestDifference>
							<greatestDifference id="y">MM/yy - MM/yy</greatestDifference>
						</intervalFormatItem>
						<intervalFormatItem id="yMd">
							<greatestDifference id="d">d/MM/yy - d/MM/yy</greatestDifference>
							<greatestDifference id="M">d/MM/yy - d/MM/yy</greatestDifference>
							<greatestDifference id="y">d/MM/yy - d/MM/yy</greatestDifference>
						</intervalFormatItem>
						<intervalFormatItem id="yMEd">
							<greatestDifference id="d">E d/MM/yy - E d/MM/yy</greatestDifference>
							<greatestDifference id="M">E d/MM/yy - E d/MM/yy</greatestDifference>
							<greatestDifference id="y">E d/MM/yy - E d/MM/yy</greatestDifference>
						</intervalFormatItem>
						<intervalFormatItem id="yMMM">
							<greatestDifference id="M">MMM-MMM 'de' y</greatestDifference>
							<greatestDifference id="y">MMM 'de' y 'a' MMM 'de' y</greatestDifference>
						</intervalFormatItem>
						<intervalFormatItem id="yMMMd">
							<greatestDifference id="d">d-d 'de' MMM 'de' y</greatestDifference>
							<greatestDifference id="M">d 'de' MMM 'al' d 'de' MMM 'de' y</greatestDifference>
							<greatestDifference id="y">d 'de' MMM 'de' y 'al' d 'de' MMM 'de' y</greatestDifference>
						</intervalFormatItem>
						<intervalFormatItem id="yMMMEd">
							<greatestDifference id="d">E d 'al' E d 'de' MMM 'de' y</greatestDifference>
							<greatestDifference id="M">E d 'de' MMM 'al' E d 'de' MMM 'de' y</greatestDifference>
							<greatestDifference id="y">E d 'de' MMM 'de' y 'al' E d 'de' MMM 'de' y</greatestDifference>
						</intervalFormatItem>
					</intervalFormats>
				</dateTimeFormats>
			</calendar>
		</calendars>
	</dates>
	<numbers>
		<currencies>
			<currency type="COP">
				<symbol>$</symbol>
			</currency>
		</currencies>
	</numbers>
</ldml>
