<?xml version="1.0" encoding="UTF-8" ?>

<ldml>
	<identity>
		<version number="$Revision: 4582 $"/>
		<generation date="$Date: 2010-02-05 10:51:25 -0600 (Fri, 05 Feb 2010) $"/>
		<language type="nl"/>
		<territory type="BE"/>
	</identity>
	<localeDisplayNames>
		<languages>
			<language type="lv">Lets</language>
			<language type="oc">Occitaans (na 1500); Provençaals</language>
			<language type="sh">Servo-Kroatisch</language>
			<language type="ssa">Nilo-Saharaans</language>
		</languages>
		<territories>
			<territory type="013">Centraal-Amerika</territory>
			<territory type="IM">Het Eiland Man</territory>
			<territory type="MV">Malediven</territory>
			<territory type="SB">Salomoneilanden</territory>
		</territories>
		<types>
			<type type="traditional" key="collation">Traditioneel</type>
		</types>
	</localeDisplayNames>
	<dates>
		<calendars>
			<calendar type="gregorian">
				<dateFormats>
					<dateFormatLength type="medium">
						<dateFormat>
							<pattern>d-MMM-y</pattern>
						</dateFormat>
					</dateFormatLength>
					<dateFormatLength type="short">
						<dateFormat>
							<pattern>d/MM/yy</pattern>
						</dateFormat>
					</dateFormatLength>
				</dateFormats>
				<dateTimeFormats>
					<intervalFormats>
						<intervalFormatItem id="Md">
							<greatestDifference id="d">d/MM - d/MM</greatestDifference>
							<greatestDifference id="M">d/MM - d/MM</greatestDifference>
						</intervalFormatItem>
						<intervalFormatItem id="MEd">
							<greatestDifference id="d">E d/MM - E d/MM</greatestDifference>
							<greatestDifference id="M">E d/MM - E d/MM</greatestDifference>
						</intervalFormatItem>
						<intervalFormatItem id="yM">
							<greatestDifference id="M">MM/yy - MM/yy</greatestDifference>
							<greatestDifference id="y">MM/yy - MM/yy</greatestDifference>
						</intervalFormatItem>
						<intervalFormatItem id="yMd">
							<greatestDifference id="d">d/MM/yy - d/MM/yy</greatestDifference>
							<greatestDifference id="M">d/MM/yy - d/MM/yy</greatestDifference>
							<greatestDifference id="y">d/MM/yy - d/MM/yy</greatestDifference>
						</intervalFormatItem>
						<intervalFormatItem id="yMEd">
							<greatestDifference id="d">E d/MM/yy - E d/MM/yy</greatestDifference>
							<greatestDifference id="M">E d/MM/yy - E d/MM/yy</greatestDifference>
							<greatestDifference id="y">E d/MM/yy - E d/MM/yy</greatestDifference>
						</intervalFormatItem>
					</intervalFormats>
				</dateTimeFormats>
			</calendar>
		</calendars>
	</dates>
	<numbers>
		<currencyFormats>
			<currencyFormatLength>
				<currencyFormat>
					<pattern>#,##0.00 ¤</pattern>
				</currencyFormat>
			</currencyFormatLength>
		</currencyFormats>
	</numbers>
</ldml>
