<?xml version="1.0" encoding="UTF-8"?>
<package xmlns="http://pear.php.net/dtd/package-2.1" xmlns:tasks="http://pear.php.net/dtd/tasks-1.0" xmlns:xsi="http://www.w3.org/2001/XMLSchema-instance" version="2.1" xsi:schemaLocation="http://pear.php.net/dtd/tasks-1.0     http://pear.php.net/dtd/tasks-1.0.xsd     http://pear.php.net/dtd/package-2.1     http://pear.php.net/dtd/package-2.1.xsd" packagerversion="2.0.0">
 <name>Zend_InputFilter</name>
 <channel>packages.zendframework.com</channel>
 <summary>Package Zend_InputFilter summary.\n\n&quot; . &quot;Package detailed description here (found in README)</summary>
 <description/>
 <lead>
  <name>Your Name</name>
  <user>handle</user>
  <email>handle@php.net</email>
  <active>yes</active>
 </lead>
 <date>2012-08-29</date>
 <time>11:33:44</time>
 <version>
  <release>2.0.0rc6</release>
  <api>2.0.0rc6</api>
 </version>
 <stability>
  <release>stable</release>
  <api>stable</api>
 </stability>
 <license uri="http://www.opensource.org/licenses/bsd-license.php">New BSD License</license>
 <notes>Package  Zend_InputFilter release notes for version 0.1.0.

Package Zend_InputFilter API release notes for version 0.1.0.</notes>
 <contents>
  <dir name="/">
   <file role="php" name="php/Zend/InputFilter/InputProviderInterface.php"/>
   <file role="php" name="php/Zend/InputFilter/InputInterface.php"/>
   <file role="php" name="php/Zend/InputFilter/InputFilterProviderInterface.php"/>
   <file role="php" name="php/Zend/InputFilter/InputFilterInterface.php"/>
   <file role="php" name="php/Zend/InputFilter/InputFilterAwareInterface.php"/>
   <file role="php" name="php/Zend/InputFilter/InputFilter.php"/>
   <file role="php" name="php/Zend/InputFilter/Input.php"/>
   <file role="php" name="php/Zend/InputFilter/Factory.php"/>
   <file role="php" name="php/Zend/InputFilter/Exception/RuntimeException.php"/>
   <file role="php" name="php/Zend/InputFilter/Exception/InvalidArgumentException.php"/>
   <file role="php" name="php/Zend/InputFilter/Exception/ExceptionInterface.php"/>
   <file role="php" name="php/Zend/InputFilter/composer.json"/>
   <file role="php" name="php/Zend/InputFilter/BaseInputFilter.php"/>
  </dir>
 </contents>
 <dependencies>
  <required>
   <php>
    <min>5.2.0</min>
   </php>
   <pearinstaller>
    <min>2.0.0a1</min>
   </pearinstaller>
   <package>
    <name>Zend_Filter</name>
    <channel>packages.zendframework.com</channel>
   </package>
   <package>
    <name>Zend_Validator</name>
    <channel>packages.zendframework.com</channel>
   </package>
   <package>
    <name>Zend_Stdlib</name>
    <channel>packages.zendframework.com</channel>
   </package>
  </required>
 </dependencies>
 <phprelease/>
</package>
