<?xml version="1.0" encoding="UTF-8"?>
<package xmlns="http://pear.php.net/dtd/package-2.1" xmlns:tasks="http://pear.php.net/dtd/tasks-1.0" xmlns:xsi="http://www.w3.org/2001/XMLSchema-instance" version="2.1" xsi:schemaLocation="http://pear.php.net/dtd/tasks-1.0     http://pear.php.net/dtd/tasks-1.0.xsd     http://pear.php.net/dtd/package-2.1     http://pear.php.net/dtd/package-2.1.xsd" packagerversion="2.0.0a3">
 <name>Zend_Db</name>
 <channel>packages.zendframework.com</channel>
 <summary>Package Zend_Db summary.
</summary>
 <description>
Package detailed description here (found in README)</description>
 <lead>
  <name>Your Name</name>
  <user>handle</user>
  <email>handle@php.net</email>
  <active>yes</active>
 </lead>
 <date>2011-10-17</date>
 <time>08:15:31</time>
 <version>
  <release>2.0.0beta1</release>
  <api>2.0.0beta1</api>
 </version>
 <stability>
  <release>beta</release>
  <api>beta</api>
 </stability>
 <license uri="http://www.opensource.org/licenses/bsd-license.php">New BSD License</license>
 <notes>Package Zend_Db release notes for version 0.1.0.

Package Zend_Db API release notes for version 0.1.0.</notes>
 <contents>
  <dir name="/">
   <file role="php" name="php/Zend/Db/Table/Table.php"/>
   <file role="php" name="php/Zend/Db/Table/SelectException.php"/>
   <file role="php" name="php/Zend/Db/Table/Select.php"/>
   <file role="php" name="php/Zend/Db/Table/RowsetException.php"/>
   <file role="php" name="php/Zend/Db/Table/Rowset.php"/>
   <file role="php" name="php/Zend/Db/Table/RowException.php"/>
   <file role="php" name="php/Zend/Db/Table/Row.php"/>
   <file role="php" name="php/Zend/Db/Table/Exception.php"/>
   <file role="php" name="php/Zend/Db/Table/Definition.php"/>
   <file role="php" name="php/Zend/Db/Table/AbstractTable.php"/>
   <file role="php" name="php/Zend/Db/Table/AbstractRowset.php"/>
   <file role="php" name="php/Zend/Db/Table/AbstractRow.php"/>
   <file role="php" name="php/Zend/Db/Statement/SqlsrvException.php"/>
   <file role="php" name="php/Zend/Db/Statement/Sqlsrv.php"/>
   <file role="php" name="php/Zend/Db/Statement/Pdo/Oci.php"/>
   <file role="php" name="php/Zend/Db/Statement/Pdo/Ibm.php"/>
   <file role="php" name="php/Zend/Db/Statement/Pdo.php"/>
   <file role="php" name="php/Zend/Db/Statement/OracleException.php"/>
   <file role="php" name="php/Zend/Db/Statement/Oracle.php"/>
   <file role="php" name="php/Zend/Db/Statement/MysqliException.php"/>
   <file role="php" name="php/Zend/Db/Statement/Mysqli.php"/>
   <file role="php" name="php/Zend/Db/Statement/Exception.php"/>
   <file role="php" name="php/Zend/Db/Statement/Db2Exception.php"/>
   <file role="php" name="php/Zend/Db/Statement/Db2.php"/>
   <file role="php" name="php/Zend/Db/Statement/AbstractStatement.php"/>
   <file role="php" name="php/Zend/Db/Statement.php"/>
   <file role="php" name="php/Zend/Db/SelectException.php"/>
   <file role="php" name="php/Zend/Db/Select.php"/>
   <file role="php" name="php/Zend/Db/Profiler/Query.php"/>
   <file role="php" name="php/Zend/Db/Profiler/Firebug.php"/>
   <file role="php" name="php/Zend/Db/Profiler/Exception.php"/>
   <file role="php" name="php/Zend/Db/Profiler.php"/>
   <file role="php" name="php/Zend/Db/Expr.php"/>
   <file role="php" name="php/Zend/Db/Exception.php"/>
   <file role="php" name="php/Zend/Db/Db.php"/>
   <file role="php" name="php/Zend/Db/Adapter/SqlsrvException.php"/>
   <file role="php" name="php/Zend/Db/Adapter/Sqlsrv.php"/>
   <file role="php" name="php/Zend/Db/Adapter/PdoMysql.php"/>
   <file role="php" name="php/Zend/Db/Adapter/Pdo/Sqlite.php"/>
   <file role="php" name="php/Zend/Db/Adapter/Pdo/Pgsql.php"/>
   <file role="php" name="php/Zend/Db/Adapter/Pdo/Oci.php"/>
   <file role="php" name="php/Zend/Db/Adapter/Pdo/Mssql.php"/>
   <file role="php" name="php/Zend/Db/Adapter/Pdo/Ibm/Ids.php"/>
   <file role="php" name="php/Zend/Db/Adapter/Pdo/Ibm/Ibm.php"/>
   <file role="php" name="php/Zend/Db/Adapter/Pdo/Ibm/Db2.php"/>
   <file role="php" name="php/Zend/Db/Adapter/OracleException.php"/>
   <file role="php" name="php/Zend/Db/Adapter/Oracle.php"/>
   <file role="php" name="php/Zend/Db/Adapter/MysqliException.php"/>
   <file role="php" name="php/Zend/Db/Adapter/Mysqli.php"/>
   <file role="php" name="php/Zend/Db/Adapter/Exception.php"/>
   <file role="php" name="php/Zend/Db/Adapter/Db2Exception.php"/>
   <file role="php" name="php/Zend/Db/Adapter/Db2.php"/>
   <file role="php" name="php/Zend/Db/Adapter/AbstractPdoAdapter.php"/>
   <file role="php" name="php/Zend/Db/Adapter/AbstractAdapter.php"/>
  </dir>
 </contents>
 <dependencies>
  <required>
   <php>
    <min>5.2.0</min>
   </php>
   <pearinstaller>
    <min>2.0.0a1</min>
   </pearinstaller>
  </required>
  <optional>
   <package>
    <name>Zend_Config</name>
    <channel>packages.zendframework.com</channel>
   </package>
  </optional>
 </dependencies>
 <phprelease/>
</package>
