<?xml version="1.0" encoding="UTF-8"?>
<package xmlns="http://pear.php.net/dtd/package-2.1" xmlns:tasks="http://pear.php.net/dtd/tasks-1.0" xmlns:xsi="http://www.w3.org/2001/XMLSchema-instance" version="2.1" xsi:schemaLocation="http://pear.php.net/dtd/tasks-1.0     http://pear.php.net/dtd/tasks-1.0.xsd     http://pear.php.net/dtd/package-2.1     http://pear.php.net/dtd/package-2.1.xsd" packagerversion="2.0.0">
 <name>Zend_Module</name>
 <channel>packages.zendframework.com</channel>
 <summary>Package Zend_Module summary.\n\n&quot; . &quot;Package detailed description here (found in README)</summary>
 <description/>
 <lead>
  <name>Your Name</name>
  <user>handle</user>
  <email>handle@php.net</email>
  <active>yes</active>
 </lead>
 <date>2012-03-22</date>
 <time>19:41:03</time>
 <version>
  <release>2.0.0beta3</release>
  <api>2.0.0beta3</api>
 </version>
 <stability>
  <release>beta</release>
  <api>beta</api>
 </stability>
 <license uri="http://www.opensource.org/licenses/bsd-license.php">New BSD License</license>
 <notes>Package  Zend_Module release notes for version 0.1.0.

Package Zend_Module API release notes for version 0.1.0.</notes>
 <contents>
  <dir name="/">
   <file role="php" name="php/Zend/Module/README.md"/>
   <file role="php" name="php/Zend/Module/ModuleHandler.php"/>
   <file role="php" name="php/Zend/Module/ModuleEvent.php"/>
   <file role="php" name="php/Zend/Module/Manager.php"/>
   <file role="php" name="php/Zend/Module/Listener/ModuleResolverListener.php"/>
   <file role="php" name="php/Zend/Module/Listener/LocatorRegistrationListener.php"/>
   <file role="php" name="php/Zend/Module/Listener/ListenerOptions.php"/>
   <file role="php" name="php/Zend/Module/Listener/InitTrigger.php"/>
   <file role="php" name="php/Zend/Module/Listener/Exception/RuntimeException.php"/>
   <file role="php" name="php/Zend/Module/Listener/Exception/InvalidArgumentException.php"/>
   <file role="php" name="php/Zend/Module/Listener/Exception.php"/>
   <file role="php" name="php/Zend/Module/Listener/DefaultListenerAggregate.php"/>
   <file role="php" name="php/Zend/Module/Listener/ConfigMerger.php"/>
   <file role="php" name="php/Zend/Module/Listener/ConfigListener.php"/>
   <file role="php" name="php/Zend/Module/Listener/AutoloaderListener.php"/>
   <file role="php" name="php/Zend/Module/Listener/AbstractListener.php"/>
   <file role="php" name="php/Zend/Module/Exception/RuntimeException.php"/>
   <file role="php" name="php/Zend/Module/Exception/InvalidArgumentException.php"/>
   <file role="php" name="php/Zend/Module/Exception.php"/>
   <file role="php" name="php/Zend/Module/Consumer/LocatorRegistered.php"/>
   <file role="php" name="php/Zend/Module/Consumer/AutoloaderProvider.php"/>
  </dir>
 </contents>
 <dependencies>
  <required>
   <php>
    <min>5.2.0</min>
   </php>
   <pearinstaller>
    <min>2.0.0a1</min>
   </pearinstaller>
  </required>
  <optional>
   <package>
    <name>Zend_Config</name>
    <channel>packages.zendframework.com</channel>
   </package>
   <package>
    <name>Zend_EventManager</name>
    <channel>packages.zendframework.com</channel>
   </package>
  </optional>
 </dependencies>
 <phprelease/>
</package>
