<?xml version="1.0" encoding="UTF-8"?>
<package xmlns="http://pear.php.net/dtd/package-2.1" xmlns:tasks="http://pear.php.net/dtd/tasks-1.0" xmlns:xsi="http://www.w3.org/2001/XMLSchema-instance" version="2.1" xsi:schemaLocation="http://pear.php.net/dtd/tasks-1.0     http://pear.php.net/dtd/tasks-1.0.xsd     http://pear.php.net/dtd/package-2.1     http://pear.php.net/dtd/package-2.1.xsd" packagerversion="2.0.0">
 <name>Zend_Measure</name>
 <channel>packages.zendframework.com</channel>
 <summary>Package Zend_Measure summary.\n\n&quot; . &quot;Package detailed description here (found in README)</summary>
 <description/>
 <lead>
  <name>Your Name</name>
  <user>handle</user>
  <email>handle@php.net</email>
  <active>yes</active>
 </lead>
 <date>2012-05-22</date>
 <time>23:29:03</time>
 <version>
  <release>2.0.0beta4</release>
  <api>2.0.0beta4</api>
 </version>
 <stability>
  <release>beta</release>
  <api>beta</api>
 </stability>
 <license uri="http://www.opensource.org/licenses/bsd-license.php">New BSD License</license>
 <notes>Package  Zend_Measure release notes for version 0.1.0.

Package Zend_Measure API release notes for version 0.1.0.</notes>
 <contents>
  <dir name="/">
   <file role="php" name="php/Zend/Measure/Weight.php"/>
   <file role="php" name="php/Zend/Measure/Volume.php"/>
   <file role="php" name="php/Zend/Measure/Viscosity/Kinematic.php"/>
   <file role="php" name="php/Zend/Measure/Viscosity/Dynamic.php"/>
   <file role="php" name="php/Zend/Measure/Torque.php"/>
   <file role="php" name="php/Zend/Measure/Time.php"/>
   <file role="php" name="php/Zend/Measure/Temperature.php"/>
   <file role="php" name="php/Zend/Measure/Speed.php"/>
   <file role="php" name="php/Zend/Measure/Pressure.php"/>
   <file role="php" name="php/Zend/Measure/Power.php"/>
   <file role="php" name="php/Zend/Measure/Number.php"/>
   <file role="php" name="php/Zend/Measure/Lightness.php"/>
   <file role="php" name="php/Zend/Measure/Length.php"/>
   <file role="php" name="php/Zend/Measure/Illumination.php"/>
   <file role="php" name="php/Zend/Measure/Frequency.php"/>
   <file role="php" name="php/Zend/Measure/Force.php"/>
   <file role="php" name="php/Zend/Measure/Flow/Volume.php"/>
   <file role="php" name="php/Zend/Measure/Flow/Mole.php"/>
   <file role="php" name="php/Zend/Measure/Flow/Mass.php"/>
   <file role="php" name="php/Zend/Measure/Exception.php"/>
   <file role="php" name="php/Zend/Measure/Energy.php"/>
   <file role="php" name="php/Zend/Measure/Density.php"/>
   <file role="php" name="php/Zend/Measure/Current.php"/>
   <file role="php" name="php/Zend/Measure/Cooking/Weight.php"/>
   <file role="php" name="php/Zend/Measure/Cooking/Volume.php"/>
   <file role="php" name="php/Zend/Measure/Capacitance.php"/>
   <file role="php" name="php/Zend/Measure/Binary.php"/>
   <file role="php" name="php/Zend/Measure/Area.php"/>
   <file role="php" name="php/Zend/Measure/Angle.php"/>
   <file role="php" name="php/Zend/Measure/Acceleration.php"/>
   <file role="php" name="php/Zend/Measure/AbstractMeasure.php"/>
  </dir>
 </contents>
 <dependencies>
  <required>
   <php>
    <min>5.2.0</min>
   </php>
   <pearinstaller>
    <min>2.0.0a1</min>
   </pearinstaller>
  </required>
  <optional>
   <package>
    <name>Zend_Registry</name>
    <channel>packages.zendframework.com</channel>
   </package>
   <package>
    <name>Zend_Locale</name>
    <channel>packages.zendframework.com</channel>
   </package>
  </optional>
 </dependencies>
 <phprelease/>
</package>
