<?xml version="1.0" encoding="UTF-8"?>
<package xmlns="http://pear.php.net/dtd/package-2.1" xmlns:tasks="http://pear.php.net/dtd/tasks-1.0" xmlns:xsi="http://www.w3.org/2001/XMLSchema-instance" version="2.1" xsi:schemaLocation="http://pear.php.net/dtd/tasks-1.0     http://pear.php.net/dtd/tasks-1.0.xsd     http://pear.php.net/dtd/package-2.1     http://pear.php.net/dtd/package-2.1.xsd" packagerversion="2.0.0">
 <name>Zend_Filter</name>
 <channel>packages.zendframework.com</channel>
 <summary>Package Zend_Filter summary.\n\n&quot; . &quot;Package detailed description here (found in README)</summary>
 <description/>
 <lead>
  <name>Your Name</name>
  <user>handle</user>
  <email>handle@php.net</email>
  <active>yes</active>
 </lead>
 <date>2013-05-10</date>
 <time>06:45:34</time>
 <version>
  <release>2.2.0rc3</release>
  <api>2.2.0rc3</api>
 </version>
 <stability>
  <release>stable</release>
  <api>stable</api>
 </stability>
 <license uri="http://www.opensource.org/licenses/bsd-license.php">New BSD License</license>
 <notes>Package  Zend_Filter release notes for version 0.1.0.

Package Zend_Filter API release notes for version 0.1.0.</notes>
 <contents>
  <dir name="/">
   <file role="php" name="php/Zend/Filter/Word/UnderscoreToSeparator.php"/>
   <file role="php" name="php/Zend/Filter/Word/UnderscoreToDash.php"/>
   <file role="php" name="php/Zend/Filter/Word/UnderscoreToCamelCase.php"/>
   <file role="php" name="php/Zend/Filter/Word/SeparatorToSeparator.php"/>
   <file role="php" name="php/Zend/Filter/Word/SeparatorToDash.php"/>
   <file role="php" name="php/Zend/Filter/Word/SeparatorToCamelCase.php"/>
   <file role="php" name="php/Zend/Filter/Word/DashToUnderscore.php"/>
   <file role="php" name="php/Zend/Filter/Word/DashToSeparator.php"/>
   <file role="php" name="php/Zend/Filter/Word/DashToCamelCase.php"/>
   <file role="php" name="php/Zend/Filter/Word/CamelCaseToUnderscore.php"/>
   <file role="php" name="php/Zend/Filter/Word/CamelCaseToSeparator.php"/>
   <file role="php" name="php/Zend/Filter/Word/CamelCaseToDash.php"/>
   <file role="php" name="php/Zend/Filter/Word/AbstractSeparator.php"/>
   <file role="php" name="php/Zend/Filter/UriNormalize.php"/>
   <file role="php" name="php/Zend/Filter/StripTags.php"/>
   <file role="php" name="php/Zend/Filter/StripNewlines.php"/>
   <file role="php" name="php/Zend/Filter/StringTrim.php"/>
   <file role="php" name="php/Zend/Filter/StringToUpper.php"/>
   <file role="php" name="php/Zend/Filter/StringToLower.php"/>
   <file role="php" name="php/Zend/Filter/StaticFilter.php"/>
   <file role="php" name="php/Zend/Filter/RealPath.php"/>
   <file role="php" name="php/Zend/Filter/README.md"/>
   <file role="php" name="php/Zend/Filter/PregReplace.php"/>
   <file role="php" name="php/Zend/Filter/Null.php"/>
   <file role="php" name="php/Zend/Filter/Int.php"/>
   <file role="php" name="php/Zend/Filter/Inflector.php"/>
   <file role="php" name="php/Zend/Filter/HtmlEntities.php"/>
   <file role="php" name="php/Zend/Filter/FilterPluginManager.php"/>
   <file role="php" name="php/Zend/Filter/FilterInterface.php"/>
   <file role="php" name="php/Zend/Filter/FilterChain.php"/>
   <file role="php" name="php/Zend/Filter/File/UpperCase.php"/>
   <file role="php" name="php/Zend/Filter/File/RenameUpload.php"/>
   <file role="php" name="php/Zend/Filter/File/Rename.php"/>
   <file role="php" name="php/Zend/Filter/File/LowerCase.php"/>
   <file role="php" name="php/Zend/Filter/File/Encrypt.php"/>
   <file role="php" name="php/Zend/Filter/File/Decrypt.php"/>
   <file role="php" name="php/Zend/Filter/Exception/RuntimeException.php"/>
   <file role="php" name="php/Zend/Filter/Exception/InvalidArgumentException.php"/>
   <file role="php" name="php/Zend/Filter/Exception/ExtensionNotLoadedException.php"/>
   <file role="php" name="php/Zend/Filter/Exception/ExceptionInterface.php"/>
   <file role="php" name="php/Zend/Filter/Exception/DomainException.php"/>
   <file role="php" name="php/Zend/Filter/Exception/BadMethodCallException.php"/>
   <file role="php" name="php/Zend/Filter/Encrypt/Openssl.php"/>
   <file role="php" name="php/Zend/Filter/Encrypt/EncryptionAlgorithmInterface.php"/>
   <file role="php" name="php/Zend/Filter/Encrypt/BlockCipher.php"/>
   <file role="php" name="php/Zend/Filter/Encrypt.php"/>
   <file role="php" name="php/Zend/Filter/Dir.php"/>
   <file role="php" name="php/Zend/Filter/Digits.php"/>
   <file role="php" name="php/Zend/Filter/Decrypt.php"/>
   <file role="php" name="php/Zend/Filter/Decompress.php"/>
   <file role="php" name="php/Zend/Filter/DateTimeFormatter.php"/>
   <file role="php" name="php/Zend/Filter/Compress/Zip.php"/>
   <file role="php" name="php/Zend/Filter/Compress/Tar.php"/>
   <file role="php" name="php/Zend/Filter/Compress/Snappy.php"/>
   <file role="php" name="php/Zend/Filter/Compress/Rar.php"/>
   <file role="php" name="php/Zend/Filter/Compress/Lzf.php"/>
   <file role="php" name="php/Zend/Filter/Compress/Gz.php"/>
   <file role="php" name="php/Zend/Filter/Compress/CompressionAlgorithmInterface.php"/>
   <file role="php" name="php/Zend/Filter/Compress/Bz2.php"/>
   <file role="php" name="php/Zend/Filter/Compress/AbstractCompressionAlgorithm.php"/>
   <file role="php" name="php/Zend/Filter/Compress.php"/>
   <file role="php" name="php/Zend/Filter/composer.json"/>
   <file role="php" name="php/Zend/Filter/Callback.php"/>
   <file role="php" name="php/Zend/Filter/Boolean.php"/>
   <file role="php" name="php/Zend/Filter/BaseName.php"/>
   <file role="php" name="php/Zend/Filter/AbstractUnicode.php"/>
   <file role="php" name="php/Zend/Filter/AbstractFilter.php"/>
  </dir>
 </contents>
 <dependencies>
  <required>
   <php>
    <min>5.2.0</min>
   </php>
   <pearinstaller>
    <min>2.0.0a1</min>
   </pearinstaller>
   <package>
    <name>Zend_Stdlib</name>
    <channel>packages.zendframework.com</channel>
   </package>
  </required>
  <optional>
   <package>
    <name>Zend_I18n</name>
    <channel>packages.zendframework.com</channel>
   </package>
   <package>
    <name>Zend_Uri</name>
    <channel>packages.zendframework.com</channel>
   </package>
   <package>
    <name>Zend_Validator</name>
    <channel>packages.zendframework.com</channel>
   </package>
   <package>
    <name>Zend_Crypt</name>
    <channel>packages.zendframework.com</channel>
   </package>
   <package>
    <name>Zend_Stdlib</name>
    <channel>packages.zendframework.com</channel>
   </package>
  </optional>
 </dependencies>
 <phprelease/>
</package>
