<?xml version="1.0" encoding="UTF-8" ?>

<ldml>
	<identity>
		<version number="$Revision: 4126 $"/>
		<generation date="$Date: 2009-05-05 18:33:13 -0500 (Tue, 05 May 2009) $"/>
		<language type="as"/>
	</identity>
		<collations  validSubLocales="as_IN">
<collation type="standard">
<settings normalization="on"/>
<rules>
<reset>ঔ</reset>
<p>ং</p>
<p>ঁ</p>
<p>ঃ</p>
<reset before="primary">ত</reset>
<p>ত্‍</p>
<reset>হ</reset>
<p>ক্ষ</p>

</rules>
</collation>
		</collations>
</ldml>

