<?xml version="1.0" encoding="UTF-8" ?>

<ldml>
	<identity>
		<version number="$Revision: 5125 $" />
		<generation date="$Date: 2010-10-22 15:09:18 -0500 (Fri, 22 Oct 2010) $" />
		<language type="de" />
	</identity>
	<collations validSubLocales="de_AT de_BE de_CH de_DE de_LI de_LU">
		<collation type="search" >
			<settings normalization="on"/>
			
			<suppress_contractions>[เ-ไ ເ-ໄ]</suppress_contractions>
			<rules>
				
				<reset>ا</reset>
					<s>آ</s>
					<s>أ</s>
					<s>إ</s>
				<reset>و</reset>
					<s>ؤ</s>
				<reset>ي</reset>
					<s>ئ</s>
					<s>ى</s>
				<reset>ه</reset>
					<s>ة</s>
				<reset><last_primary_ignorable/></reset>
					<s>׳</s>
					<s>״</s>
					<s>ـ</s>
					<s>ٌ</s>
					<s>ٍ</s>
					<s>َ</s>
					<s>ُ</s>
					<s>ِ</s>
					<s>ّ</s>
					<s>ْ</s>
					<s>ฺ</s>
				
				
				<reset>ᄀ</reset>	
					<i>ᆨ</i>
				<reset>ᄀᄀ</reset>	
					<i>ᄁ</i>
					<i>ᆩ</i>
				<reset>ᄀᄉ</reset>	
					<i>ᆪ</i>
				<reset>ᄂ</reset>	
					<i>ᆫ</i>
				<reset>ᄂᄌ</reset>	
					<i>ᆬ</i>
				<reset>ᄂᄒ</reset>	
					<i>ᆭ</i>
				<reset>ᄃ</reset>	
					<i>ᆮ</i>
				<reset>ᄃᄃ</reset>	
					<i>ᄄ</i>
				<reset>ᄅ</reset>	
					<i>ᆯ</i>
				<reset>ᄅᄀ</reset>	
					<i>ᆰ</i>
				<reset>ᄅᄆ</reset>	
					<i>ᆱ</i>
				<reset>ᄅᄇ</reset>	
					<i>ᆲ</i>
				<reset>ᄅᄉ</reset>	
					<i>ᆳ</i>
				<reset>ᄅᄐ</reset>	
					<i>ᆴ</i>
				<reset>ᄅᄑ</reset>	
					<i>ᆵ</i>
				<reset>ᄅᄒ</reset>	
					<i>ᆶ</i>
				<reset>ᄆ</reset>	
					<i>ᆷ</i>
				<reset>ᄇ</reset>	
					<i>ᆸ</i>
				<reset>ᄇᄇ</reset>	
					<i>ᄈ</i>
				<reset>ᄇᄉ</reset>	
					<i>ᆹ</i>
				<reset>ᄉ</reset>	
					<i>ᆺ</i>
				<reset>ᄉᄉ</reset>	
					<i>ᄊ</i>
					<i>ᆻ</i>
				<reset>ᄋ</reset>	
					<i>ᆼ</i>
				<reset>ᄌ</reset>	
					<i>ᆽ</i>
				<reset>ᄌᄌ</reset>	
					<i>ᄍ</i>
				<reset>ᄎ</reset>	
					<i>ᆾ</i>
				<reset>ᄏ</reset>	
					<i>ᆿ</i>
				<reset>ᄐ</reset>	
					<i>ᇀ</i>
				<reset>ᄑ</reset>	
					<i>ᇁ</i>
				<reset>ᄒ</reset>	
					<i>ᇂ</i>
				
				<reset>ᅡᅵ</reset>	
					<i>ᅢ</i>
				<reset>ᅣᅵ</reset>	
					<i>ᅤ</i>
				<reset>ᅥᅵ</reset>	
					<i>ᅦ</i>
				<reset>ᅧᅵ</reset>	
					<i>ᅨ</i>
				<reset>ᅩᅡ</reset>	
					<i>ᅪ</i>
				<reset>ᅩᅡᅵ</reset>	
					<i>ᅫ</i>
				<reset>ᅩᅵ</reset>	
					<i>ᅬ</i>
				<reset>ᅮᅴ</reset>	
					<i>ᅯ</i>
				<reset>ᅮᅴᅵ</reset>	
					<i>ᅰ</i>
				<reset>ᅮᅵ</reset>	
					<i>ᅱ</i>
				
				
				
				<reset>a</reset>
				<x>
					<s>ä</s>
					<extend>e</extend>
				</x>
				<reset>A</reset>
				<x>
					<s>Ä</s>
					<extend>E</extend>
				</x>
				<reset>o</reset>
				<x>
					<s>ö</s>
					<extend>e</extend>
				</x>
				<reset>O</reset>
				<x>
					<s>Ö</s>
					<extend>E</extend>
				</x>
				<reset>u</reset>
				<x>
					<s>ü</s>
					<extend>e</extend>
				</x>
				<reset>U</reset>
				<x>
					<s>Ü</s>
					<extend>E</extend>
				</x>
			</rules>
		</collation>
		<collation type="standard">
		</collation>
		<collation type="phonebook">
			<rules>
				<reset>a</reset>
				<x>
					<s>ä</s>
					<extend>e</extend>
				</x>
				<reset>A</reset>
				<x>
					<s>Ä</s>
					<extend>E</extend>
				</x>
				<reset>o</reset>
				<x>
					<s>ö</s>
					<extend>e</extend>
				</x>
				<reset>O</reset>
				<x>
					<s>Ö</s>
					<extend>E</extend>
				</x>
				<reset>u</reset>
				<x>
					<s>ü</s>
					<extend>e</extend>
				</x>
				<reset>U</reset>
				<x>
					<s>Ü</s>
					<extend>E</extend>
				</x>
			</rules>
		</collation>
	</collations>
</ldml>