<?xml version="1.0" encoding="UTF-8" ?>

<ldml>
	<identity>
		<version number="$Revision: 4982 $" />
		<generation date="$Date: 2010-06-11 16:42:37 -0500 (Fri, 11 Jun 2010) $" />
		<language type="hi" />
	</identity>
	<collations validSubLocales="hi_IN">
		<collation type="standard">
			<settings normalization="on" />
			<rules>
				<reset>ॐ</reset>
				<p>ं</p>
				<s>ँ</s>
				<p>ः</p>
			</rules>
		</collation>
		<collation type="direct">
			<rules>
				<reset><last_non_ignorable/></reset>
				<pc>ँंःअआइईउऊऋऌऍऎएऐऑऒओऔकखगघङचछजझञटठडढणतथदधनऩपफबभमयरऱलळऴवशषसह़ऽािीुूृॄॅॆेैॉॊोौ्ॐ॒॑॓॔क़ख़ग़ज़ड़ढ़फ़य़ॠॡॢॣ।॥०१२३४५६७८९॰</pc>
			</rules>
		</collation>
</collations>
</ldml>
