<?xml version="1.0" encoding="UTF-8" ?>

<ldml>
	<identity>
		<version number="$Revision: 5097 $"/>
		<generation date="$Date: 2010-10-14 01:15:01 -0500 (Thu, 14 Oct 2010) $"/>
		<language type="is" /> 
	</identity>
		<collations  validSubLocales="is_IS">
			<collation type="search" >
				<settings normalization="on"/>
				<suppress_contractions>[เ-ไ ເ-ໄ]</suppress_contractions>
				<rules>
					<reset>ا</reset>
						<s>آ</s>
						<s>أ</s>
						<s>إ</s>
					<reset>و</reset>
						<s>ؤ</s>
					<reset>ي</reset>
						<s>ئ</s>
						<s>ى</s>
					<reset>ه</reset>
						<s>ة</s>
					<reset><last_primary_ignorable/></reset>
						<s>׳</s>
						<s>״</s>
						<s>ـ</s>
						<s>ٌ</s>
						<s>ٍ</s>
						<s>َ</s>
						<s>ُ</s>
						<s>ِ</s>
						<s>ّ</s>
						<s>ْ</s>
						<s>ฺ</s>
					
					
					
					<reset before="primary">b</reset>
					<p>á</p>
					<t>Á</t>
					<reset>d</reset>
					<s>đ</s>
					<t>Đ</t>
					<p>ð</p>
					<t>Ð</t>
					<reset before="primary">f</reset>
					<p>é</p>
					<t>É</t>
					<reset before="primary">j</reset>
					<p>í</p>
					<t>Í</t>
					<reset before="primary">p</reset>
					<p>ó</p>
					<t>Ó</t>
					<reset before="primary">v</reset>
					<p>ú</p>
					<t>Ú</t>
					<reset before="primary">z</reset>
					<p>ý</p>
					<t>Ý</t>
					<reset before="primary">ǀ</reset>
					<p>æ</p>
					<t>Æ</t>
					<s>ä</s>
					<t>Ä</t>
					<p>ö</p>
					<t>Ö</t>
					<s>ø</s>
					<t>Ø</t>
					<p>å</p>
					<t>Å</t>
				</rules>
			</collation>
			<collation type="standard" >
				<rules>
					<reset before="primary">b</reset>
					<p>á</p>
					<t>Á</t>
					<reset>d</reset>
					<s>đ</s>
					<t>Đ</t>
					<p>ð</p>
					<t>Ð</t>
					<reset before="primary">f</reset>
					<p>é</p>
					<t>É</t>
					<reset before="primary">j</reset>
					<p>í</p>
					<t>Í</t>
					<reset before="primary">p</reset>
					<p>ó</p>
					<t>Ó</t>
					<reset before="primary">v</reset>
					<p>ú</p>
					<t>Ú</t>
					<reset before="primary">z</reset>
					<p>ý</p>
					<t>Ý</t>
					<reset before="primary">ǀ</reset>
					<p>æ</p>
					<t>Æ</t>
					<s>ä</s>
					<t>Ä</t>
					<p>ö</p>
					<t>Ö</t>
					<s>ø</s>
					<t>Ø</t>
					<p>å</p>
					<t>Å</t>
				</rules>
			</collation  >
		</collations>
</ldml>
