<?xml version="1.0" encoding="UTF-8" ?>

<ldml>
	<identity>
		<version number="$Revision: 4126 $"/>
		<generation date="$Date: 2009-05-05 18:33:13 -0500 (Tue, 05 May 2009) $"/>
		<language type="om" /> 
	</identity>
	<collations  validSubLocales="om_ET om_KE">
		<collation type="standard" >
			<rules>
				<reset>Z</reset>
				<p>ch</p>
				<t>Ch</t>
				<t>CH</t>
				<p>dh</p>
				<t>Dh</t>
				<t>DH</t>
				<p>kh</p>
				<t>Kh</t>
				<t>KH</t>
				<p>ny</p>
				<t>Ny</t>
				<t>NY</t>
				<p>ph</p>
				<t>Ph</t>
				<t>PH</t>
				<p>sh</p>
				<t>Sh</t>
			</rules>
		</collation  >
	</collations>
</ldml>
