<?xml version="1.0" encoding="UTF-8" ?>

<ldml>
	<identity>
		<version number="$Revision: 5038 $"/>
		<generation date="$Date: 2010-09-01 10:38:38 -0500 (Wed, 01 Sep 2010) $"/>
		<language type="or" /> 
	</identity>
	<collations  validSubLocales="or_IN">
		<collation type="standard">
			<settings normalization="on"/>
			<rules>
				<reset>ଔ</reset>
					<p>ଁ</p>
					<p>ଂ</p>
					<p>ଃ</p>
			
				<reset>ହ</reset>
					<p>କ୍ଷ</p>        
			
				<reset>ଯ</reset>
					<s>ୟ</s>
			</rules>
		</collation>
	</collations>
</ldml>
