<?xml version="1.0" encoding="UTF-8" ?>

<ldml>
	<identity>
		<version number="$Revision: 5125 $"/>
		<generation date="$Date: 2010-10-22 15:09:18 -0500 (Fri, 22 Oct 2010) $"/>
		<language type="root" /> 
	</identity>
		<collations validSubLocales="chr chr_US ga ga_IE id id_ID it it_CH it_IT ka ka_GE ms ms_BN ms_MY nl nl_BE nl_NL pt pt_BR pt_PT st st_LS st_ZA sw sw_KE sw_TZ xh xh_ZA zu zu_ZA">
			<default type="standard"/>
			<collation type="standard">
			</collation>
			<collation type="search" >
				<settings normalization="on"/>
				
				<suppress_contractions>[เ-ไ ເ-ໄ]</suppress_contractions>
				<rules>
					
					<reset>ا</reset>
						<s>آ</s>
						<s>أ</s>
						<s>إ</s>
					<reset>و</reset>
						<s>ؤ</s>
					<reset>ي</reset>
						<s>ئ</s>
						<s>ى</s>
					<reset>ه</reset>
						<s>ة</s>
					<reset><last_primary_ignorable/></reset>
						<s>׳</s>
						<s>״</s>
						<s>ـ</s>
						<s>ٌ</s>
						<s>ٍ</s>
						<s>َ</s>
						<s>ُ</s>
						<s>ِ</s>
						<s>ّ</s>
						<s>ْ</s>
						<s>ฺ</s>
					
					
					<reset>ᄀ</reset>	
						<i>ᆨ</i>
					<reset>ᄀᄀ</reset>	
						<i>ᄁ</i>
						<i>ᆩ</i>
					<reset>ᄀᄉ</reset>	
						<i>ᆪ</i>
					<reset>ᄂ</reset>	
						<i>ᆫ</i>
					<reset>ᄂᄌ</reset>	
						<i>ᆬ</i>
					<reset>ᄂᄒ</reset>	
						<i>ᆭ</i>
					<reset>ᄃ</reset>	
						<i>ᆮ</i>
					<reset>ᄃᄃ</reset>	
						<i>ᄄ</i>
					<reset>ᄅ</reset>	
						<i>ᆯ</i>
					<reset>ᄅᄀ</reset>	
						<i>ᆰ</i>
					<reset>ᄅᄆ</reset>	
						<i>ᆱ</i>
					<reset>ᄅᄇ</reset>	
						<i>ᆲ</i>
					<reset>ᄅᄉ</reset>	
						<i>ᆳ</i>
					<reset>ᄅᄐ</reset>	
						<i>ᆴ</i>
					<reset>ᄅᄑ</reset>	
						<i>ᆵ</i>
					<reset>ᄅᄒ</reset>	
						<i>ᆶ</i>
					<reset>ᄆ</reset>	
						<i>ᆷ</i>
					<reset>ᄇ</reset>	
						<i>ᆸ</i>
					<reset>ᄇᄇ</reset>	
						<i>ᄈ</i>
					<reset>ᄇᄉ</reset>	
						<i>ᆹ</i>
					<reset>ᄉ</reset>	
						<i>ᆺ</i>
					<reset>ᄉᄉ</reset>	
						<i>ᄊ</i>
						<i>ᆻ</i>
					<reset>ᄋ</reset>	
						<i>ᆼ</i>
					<reset>ᄌ</reset>	
						<i>ᆽ</i>
					<reset>ᄌᄌ</reset>	
						<i>ᄍ</i>
					<reset>ᄎ</reset>	
						<i>ᆾ</i>
					<reset>ᄏ</reset>	
						<i>ᆿ</i>
					<reset>ᄐ</reset>	
						<i>ᇀ</i>
					<reset>ᄑ</reset>	
						<i>ᇁ</i>
					<reset>ᄒ</reset>	
						<i>ᇂ</i>
					
					<reset>ᅡᅵ</reset>	
						<i>ᅢ</i>
					<reset>ᅣᅵ</reset>	
						<i>ᅤ</i>
					<reset>ᅥᅵ</reset>	
						<i>ᅦ</i>
					<reset>ᅧᅵ</reset>	
						<i>ᅨ</i>
					<reset>ᅩᅡ</reset>	
						<i>ᅪ</i>
					<reset>ᅩᅡᅵ</reset>	
						<i>ᅫ</i>
					<reset>ᅩᅵ</reset>	
						<i>ᅬ</i>
					<reset>ᅮᅴ</reset>	
						<i>ᅯ</i>
					<reset>ᅮᅴᅵ</reset>	
						<i>ᅰ</i>
					<reset>ᅮᅵ</reset>	
						<i>ᅱ</i>
				</rules>
			</collation>
			<collation type="ducet">
				<settings normalization="on" variableTop="&#x1D371;"/>    
				<rules>
					<reset>&#x1680;</reset> 
			        <p>`</p>    
			        <t>&#xFF40;</t> 
			        <p>&#xB4;</p>   
			        <i>&#x384;</i>    
			        <p>&#x2DC;</p>  
			        <p>^</p>    
			        <t>&#xFF3E;</t> 
			        <p>&#xAF;</p>   
			        <t>&#xFFE3;</t> 
			
			        <reset>&#xFE4C;</reset> 
			        <p>&#x2D8;</p>  
			        <p>&#x2D9;</p>  
			        <p>&#xA8;</p>   
			        <p>&#x2DA;</p>  
			        <p>&#x2DD;</p>  
			        <p>&#x1FBD;</p> 
			        <i>&#x1FBF;</i>   
			        <p>&#x1FFE;</p> 
			        <p>&#xB8;</p>   
			        <p>&#x2DB;</p>  
			
			        <reset>&#x2017;</reset> 
			        <p>&#x1FC0;</p> 
			        <p>&#xFBB2;</p> 
			        <p>&#xFBB3;</p> 
			        <p>&#xFBB4;</p> 
			        <p>&#xFBB5;</p> 
			        <p>&#xFBB6;</p> 
			        <p>&#xFBB7;</p> 
			        <p>&#xFBB8;</p> 
			        <p>&#xFBB9;</p> 
			        <p>&#xFBBA;</p> 
			        <p>&#xFBBB;</p> 
			        <p>&#xFBBC;</p> 
			        <p>&#xFBBD;</p> 
			        <p>&#xFBBE;</p> 
			        <p>&#xFBBF;</p> 
			        <p>&#xFBC0;</p> 
			        <p>&#xFBC1;</p> 
			        <p>&#x309B;</p> 
			        <p>&#x309C;</p> 
			
			        <reset>&#x1805;</reset> 
			        <p>&#xF14;</p>  
			
			        <reset>&#x10FB;</reset> 
			        <p>&#x1360;</p> 
			
			        <reset>&#x10101;</reset>    
			        <p>&#x10102;</p>    
			
			        <reset>&#xFD3F;</reset> 
			        <p>&#xA7;</p>   
			        <p>&#xB6;</p>   
			
			        <reset>&#x204B;</reset> 
			        <p>&#xA9;</p>   
			        <p>&#xAE;</p>   
			
			        <reset>&#xFF0F;</reset> 
			        <p>&#x2044;</p> 
			
			        <reset>&#xFE60;</reset> 
			        <p>&#x214B;</p> 
			
			        <reset>&#x60A;</reset>  
			        <p>&#x2052;</p> 
			
			        <reset>&#x1C3F;</reset> 
			        <p>&#x1940;</p> 
			
			        <reset>&#x104F;</reset> 
			        <p>&#x109E;</p> 
			        <p>&#x109F;</p> 
			        <p>&#xAA77;</p> 
			        <p>&#xAA78;</p> 
			        <p>&#xAA79;</p> 
			        <p>&#x17D7;</p> 
			
			        <reset>&#xA839;</reset> 
			        <p>&#xE4F;</p>  
			
			        <reset>&#xFFE4;</reset> 
			        <p>&#x2016;</p> 
			
			        <reset>&#x2767;</reset> 
			        <p>&#x2768;</p> 
			        <p>&#x2769;</p> 
			        <p>&#x276A;</p> 
			        <p>&#x276B;</p> 
			        <p>&#x276C;</p> 
			        <p>&#x276D;</p> 
			        <p>&#x276E;</p> 
			        <p>&#x276F;</p> 
			        <p>&#x2770;</p> 
			        <p>&#x2771;</p> 
			        <p>&#x2772;</p> 
			        <p>&#x2773;</p> 
			        <p>&#x2774;</p> 
			        <p>&#x2775;</p> 
			
			        <reset>&#x27C4;</reset> 
			        <p>&#x27C5;</p> 
			        <p>&#x27C6;</p> 
			
			        <reset>&#x27E5;</reset> 
			        <p>&#x27E6;</p> 
			        <p>&#x27E7;</p> 
			        <p>&#x27E8;</p> 
			        <p>&#x27E9;</p> 
			        <p>&#x27EA;</p> 
			        <p>&#x27EB;</p> 
			
			        <reset>&#x29D7;</reset> 
			        <p>&#x29D8;</p> 
			        <p>&#x29D9;</p> 
			        <p>&#x29DA;</p> 
			        <p>&#x29DB;</p> 
			
			        <reset>&#x10A7E;</reset>    
			        <p>&#x10A7F;</p>    
						
			        <reset>&#xA7A6;</reset> 
			        <x><t>&#x20A8;</t><extend>s</extend></x> 
			        <reset>&#xFDF6;</reset> 
			        <x><t>&#xFDFC;</t><extend>&#x6CC;&#x627;&#x644;</extend></x> 
			    </rules>
			</collation>
		</collations>
    
</ldml>


