<?xml version="1.0" encoding="UTF-8" ?>

<ldml>
	<identity>
		<version number="$Revision: 4126 $"/>
		<generation date="$Date: 2009-05-05 18:33:13 -0500 (Tue, 05 May 2009) $"/>
		<language type="sq" /> 
	</identity>
		<collations  validSubLocales="sq_AL">
			<collation type="standard" >
				<rules>
					<reset before="primary">D</reset>
					<p>ç</p>
					<t>Ç</t>
					<reset before="primary">E</reset>
					<p>dh</p>
					<t>Dh</t>
					<t>DH</t>
					<reset before="primary">F</reset>
					<p>ë</p>
					<t>Ë</t>
					<reset before="primary">H</reset>
					<p>gj</p>
					<t>Gj</t>
					<t>GJ</t>
					<reset before="primary">M</reset>
					<p>ll</p>
					<t>Ll</t>
					<t>LL</t>
					<reset before="primary">O</reset>
					<p>nj</p>
					<t>Nj</t>
					<t>NJ</t>
					<reset before="primary">S</reset>
					<p>rr</p>
					<t>Rr</t>
					<t>RR</t>
					<reset before="primary">T</reset>
					<p>sh</p>
					<t>Sh</t>
					<t>SH</t>
					<reset before="primary">U</reset>
					<p>th</p>
					<t>Th</t>
					<t>TH</t>
					<reset before="primary">Y</reset>
					<p>xh</p>
					<t>Xh</t>
					<t>XH</t>
					<reset before="primary">Ʒ</reset>
					<p>zh</p>
					<t>Zh</t>
					<t>ZH</t>
				</rules>
			</collation  >
		</collations>
</ldml>
