<?xml version="1.0" encoding="UTF-8" ?>

<ldml>
	<identity>
		<version number="$Revision: 5060 $"/>
		<generation date="$Date: 2010-09-12 17:15:40 -0500 (Sun, 12 Sep 2010) $"/>
		<language type="to" /> 
	</identity>
	<collations validSubLocales="to_TO">
        <collation type="standard">
            <rules>
                <reset>n</reset>
                    <p>ng</p>
                    <t>Ng</t>
                    <t>NG</t>
                    <t>ŋ</t>
                    <t>Ŋ</t>
                <reset>z</reset>
                    <p>ʻ</p>
                    <t>ʽ</t>
                <reset>a</reset>
                    <s>ā</s>
                    <t>á</t>
                    <t>Ā</t>
                    <t>Á</t>
                <reset>e</reset>
                    <s>ē</s>
                    <t>é</t>
                    <t>Ē</t>
                    <t>É</t>
                <reset>i</reset>
                    <s>ī</s>
                    <t>í</t>
                    <t>Ī</t>
                    <t>Í</t>
                <reset>o</reset>
                    <s>ō</s>
                    <t>ó</t>
                    <t>Ō</t>
                    <t>Ó</t>
                <reset>u</reset>
                    <s>ū</s>
                    <t>ú</t>
                    <t>Ū</t>
                    <t>Ú</t>
            </rules>
        </collation>
    </collations>
</ldml>
