<?xml version="1.0" encoding="UTF-8"?>
<package xmlns="http://pear.php.net/dtd/package-2.1" xmlns:tasks="http://pear.php.net/dtd/tasks-1.0" xmlns:xsi="http://www.w3.org/2001/XMLSchema-instance" version="2.1" xsi:schemaLocation="http://pear.php.net/dtd/tasks-1.0     http://pear.php.net/dtd/tasks-1.0.xsd     http://pear.php.net/dtd/package-2.1     http://pear.php.net/dtd/package-2.1.xsd" packagerversion="2.0.0">
 <name>Zend_Serializer</name>
 <channel>packages.zendframework.com</channel>
 <summary>Package Zend_Serializer summary.\n\n&quot; . &quot;Package detailed description here (found in README)</summary>
 <description/>
 <lead>
  <name>Your Name</name>
  <user>handle</user>
  <email>handle@php.net</email>
  <active>yes</active>
 </lead>
 <date>2013-07-24</date>
 <time>10:45:18</time>
 <version>
  <release>2.2.2</release>
  <api>2.2.2</api>
 </version>
 <stability>
  <release>stable</release>
  <api>stable</api>
 </stability>
 <license uri="http://www.opensource.org/licenses/bsd-license.php">New BSD License</license>
 <notes>Package  Zend_Serializer release notes for version 0.1.0.

Package Zend_Serializer API release notes for version 0.1.0.</notes>
 <contents>
  <dir name="/">
   <file role="php" name="php/Zend/Serializer/Serializer.php"/>
   <file role="php" name="php/Zend/Serializer/README.md"/>
   <file role="php" name="php/Zend/Serializer/Exception/RuntimeException.php"/>
   <file role="php" name="php/Zend/Serializer/Exception/InvalidArgumentException.php"/>
   <file role="php" name="php/Zend/Serializer/Exception/ExtensionNotLoadedException.php"/>
   <file role="php" name="php/Zend/Serializer/Exception/ExceptionInterface.php"/>
   <file role="php" name="php/Zend/Serializer/composer.json"/>
   <file role="php" name="php/Zend/Serializer/AdapterPluginManager.php"/>
   <file role="php" name="php/Zend/Serializer/Adapter/WddxOptions.php"/>
   <file role="php" name="php/Zend/Serializer/Adapter/Wddx.php"/>
   <file role="php" name="php/Zend/Serializer/Adapter/PythonPickleOptions.php"/>
   <file role="php" name="php/Zend/Serializer/Adapter/PythonPickle.php"/>
   <file role="php" name="php/Zend/Serializer/Adapter/PhpSerialize.php"/>
   <file role="php" name="php/Zend/Serializer/Adapter/PhpCode.php"/>
   <file role="php" name="php/Zend/Serializer/Adapter/MsgPack.php"/>
   <file role="php" name="php/Zend/Serializer/Adapter/JsonOptions.php"/>
   <file role="php" name="php/Zend/Serializer/Adapter/Json.php"/>
   <file role="php" name="php/Zend/Serializer/Adapter/IgBinary.php"/>
   <file role="php" name="php/Zend/Serializer/Adapter/AdapterOptions.php"/>
   <file role="php" name="php/Zend/Serializer/Adapter/AdapterInterface.php"/>
   <file role="php" name="php/Zend/Serializer/Adapter/AbstractAdapter.php"/>
  </dir>
 </contents>
 <dependencies>
  <required>
   <php>
    <min>5.2.0</min>
   </php>
   <pearinstaller>
    <min>2.0.0a1</min>
   </pearinstaller>
   <package>
    <name>Zend_Stdlib</name>
    <channel>packages.zendframework.com</channel>
   </package>
   <package>
    <name>Zend_Json</name>
    <channel>packages.zendframework.com</channel>
   </package>
   <package>
    <name>Zend_Math</name>
    <channel>packages.zendframework.com</channel>
   </package>
  </required>
  <optional>
   <package>
    <name>Zend_ServiceManager</name>
    <channel>packages.zendframework.com</channel>
   </package>
  </optional>
 </dependencies>
 <phprelease/>
</package>
