<?xml version="1.0" encoding="UTF-8"?>
<package xmlns="http://pear.php.net/dtd/package-2.1" xmlns:tasks="http://pear.php.net/dtd/tasks-1.0" xmlns:xsi="http://www.w3.org/2001/XMLSchema-instance" version="2.1" xsi:schemaLocation="http://pear.php.net/dtd/tasks-1.0     http://pear.php.net/dtd/tasks-1.0.xsd     http://pear.php.net/dtd/package-2.1     http://pear.php.net/dtd/package-2.1.xsd" packagerversion="2.0.0">
 <name>Zend_Navigation</name>
 <channel>packages.zendframework.com</channel>
 <summary>Package Zend_Navigation summary.\n\n&quot; . &quot;Package detailed description here (found in README)</summary>
 <description/>
 <lead>
  <name>Your Name</name>
  <user>handle</user>
  <email>handle@php.net</email>
  <active>yes</active>
 </lead>
 <date>2012-07-26</date>
 <time>00:29:01</time>
 <version>
  <release>2.0.0rc1</release>
  <api>2.0.0rc1</api>
 </version>
 <stability>
  <release>stable</release>
  <api>stable</api>
 </stability>
 <license uri="http://www.opensource.org/licenses/bsd-license.php">New BSD License</license>
 <notes>Package  Zend_Navigation release notes for version 0.1.0.

Package Zend_Navigation API release notes for version 0.1.0.</notes>
 <contents>
  <dir name="/">
   <file role="php" name="php/Zend/Navigation/View/HelperConfig.php"/>
   <file role="php" name="php/Zend/Navigation/Service/DefaultNavigationFactory.php"/>
   <file role="php" name="php/Zend/Navigation/Service/ConstructedNavigationFactory.php"/>
   <file role="php" name="php/Zend/Navigation/Service/AbstractNavigationFactory.php"/>
   <file role="php" name="php/Zend/Navigation/Page/Uri.php"/>
   <file role="php" name="php/Zend/Navigation/Page/Mvc.php"/>
   <file role="php" name="php/Zend/Navigation/Page/AbstractPage.php"/>
   <file role="php" name="php/Zend/Navigation/Navigation.php"/>
   <file role="php" name="php/Zend/Navigation/Exception/OutOfBoundsException.php"/>
   <file role="php" name="php/Zend/Navigation/Exception/InvalidArgumentException.php"/>
   <file role="php" name="php/Zend/Navigation/Exception/ExceptionInterface.php"/>
   <file role="php" name="php/Zend/Navigation/Exception/DomainException.php"/>
   <file role="php" name="php/Zend/Navigation/Exception/BadMethodCallException.php"/>
   <file role="php" name="php/Zend/Navigation/composer.json"/>
   <file role="php" name="php/Zend/Navigation/AbstractContainer.php"/>
  </dir>
 </contents>
 <dependencies>
  <required>
   <php>
    <min>5.2.0</min>
   </php>
   <pearinstaller>
    <min>2.0.0a1</min>
   </pearinstaller>
   <package>
    <name>Zend_Stdlib</name>
    <channel>packages.zendframework.com</channel>
   </package>
  </required>
  <optional>
   <package>
    <name>Zend_View</name>
    <channel>packages.zendframework.com</channel>
   </package>
  </optional>
 </dependencies>
 <phprelease/>
</package>
