<?xml version="1.0" encoding="UTF-8"?>
<package xmlns="http://pear.php.net/dtd/package-2.1" xmlns:tasks="http://pear.php.net/dtd/tasks-1.0" xmlns:xsi="http://www.w3.org/2001/XMLSchema-instance" version="2.1" xsi:schemaLocation="http://pear.php.net/dtd/tasks-1.0     http://pear.php.net/dtd/tasks-1.0.xsd     http://pear.php.net/dtd/package-2.1     http://pear.php.net/dtd/package-2.1.xsd" packagerversion="2.0.0">
 <name>Zend_ModuleManager</name>
 <channel>packages.zendframework.com</channel>
 <summary>Package Zend_ModuleManager summary.\n\n&quot; . &quot;Package detailed description here (found in README)</summary>
 <description/>
 <lead>
  <name>Your Name</name>
  <user>handle</user>
  <email>handle@php.net</email>
  <active>yes</active>
 </lead>
 <date>2013-02-20</date>
 <time>14:58:38</time>
 <version>
  <release>2.1.2</release>
  <api>2.1.2</api>
 </version>
 <stability>
  <release>stable</release>
  <api>stable</api>
 </stability>
 <license uri="http://www.opensource.org/licenses/bsd-license.php">New BSD License</license>
 <notes>Package  Zend_ModuleManager release notes for version 0.1.0.

Package Zend_ModuleManager API release notes for version 0.1.0.</notes>
 <contents>
  <dir name="/">
   <file role="php" name="php/Zend/ModuleManager/README.md"/>
   <file role="php" name="php/Zend/ModuleManager/ModuleManagerInterface.php"/>
   <file role="php" name="php/Zend/ModuleManager/ModuleManager.php"/>
   <file role="php" name="php/Zend/ModuleManager/ModuleEvent.php"/>
   <file role="php" name="php/Zend/ModuleManager/Listener/ServiceListenerInterface.php"/>
   <file role="php" name="php/Zend/ModuleManager/Listener/ServiceListener.php"/>
   <file role="php" name="php/Zend/ModuleManager/Listener/OnBootstrapListener.php"/>
   <file role="php" name="php/Zend/ModuleManager/Listener/ModuleResolverListener.php"/>
   <file role="php" name="php/Zend/ModuleManager/Listener/ModuleLoaderListener.php"/>
   <file role="php" name="php/Zend/ModuleManager/Listener/ModuleDependencyCheckerListener.php"/>
   <file role="php" name="php/Zend/ModuleManager/Listener/LocatorRegistrationListener.php"/>
   <file role="php" name="php/Zend/ModuleManager/Listener/ListenerOptions.php"/>
   <file role="php" name="php/Zend/ModuleManager/Listener/InitTrigger.php"/>
   <file role="php" name="php/Zend/ModuleManager/Listener/Exception/RuntimeException.php"/>
   <file role="php" name="php/Zend/ModuleManager/Listener/Exception/InvalidArgumentException.php"/>
   <file role="php" name="php/Zend/ModuleManager/Listener/Exception/ExceptionInterface.php"/>
   <file role="php" name="php/Zend/ModuleManager/Listener/DefaultListenerAggregate.php"/>
   <file role="php" name="php/Zend/ModuleManager/Listener/ConfigMergerInterface.php"/>
   <file role="php" name="php/Zend/ModuleManager/Listener/ConfigListener.php"/>
   <file role="php" name="php/Zend/ModuleManager/Listener/AutoloaderListener.php"/>
   <file role="php" name="php/Zend/ModuleManager/Listener/AbstractListener.php"/>
   <file role="php" name="php/Zend/ModuleManager/Feature/ViewHelperProviderInterface.php"/>
   <file role="php" name="php/Zend/ModuleManager/Feature/ValidatorProviderInterface.php"/>
   <file role="php" name="php/Zend/ModuleManager/Feature/ServiceProviderInterface.php"/>
   <file role="php" name="php/Zend/ModuleManager/Feature/SerializerProviderInterface.php"/>
   <file role="php" name="php/Zend/ModuleManager/Feature/RouteProviderInterface.php"/>
   <file role="php" name="php/Zend/ModuleManager/Feature/LocatorRegisteredInterface.php"/>
   <file role="php" name="php/Zend/ModuleManager/Feature/InitProviderInterface.php"/>
   <file role="php" name="php/Zend/ModuleManager/Feature/FormElementProviderInterface.php"/>
   <file role="php" name="php/Zend/ModuleManager/Feature/FilterProviderInterface.php"/>
   <file role="php" name="php/Zend/ModuleManager/Feature/DependencyIndicatorInterface.php"/>
   <file role="php" name="php/Zend/ModuleManager/Feature/ControllerProviderInterface.php"/>
   <file role="php" name="php/Zend/ModuleManager/Feature/ControllerPluginProviderInterface.php"/>
   <file role="php" name="php/Zend/ModuleManager/Feature/ConsoleUsageProviderInterface.php"/>
   <file role="php" name="php/Zend/ModuleManager/Feature/ConsoleBannerProviderInterface.php"/>
   <file role="php" name="php/Zend/ModuleManager/Feature/ConfigProviderInterface.php"/>
   <file role="php" name="php/Zend/ModuleManager/Feature/BootstrapListenerInterface.php"/>
   <file role="php" name="php/Zend/ModuleManager/Feature/AutoloaderProviderInterface.php"/>
   <file role="php" name="php/Zend/ModuleManager/Exception/RuntimeException.php"/>
   <file role="php" name="php/Zend/ModuleManager/Exception/MissingDependencyModuleException.php"/>
   <file role="php" name="php/Zend/ModuleManager/Exception/InvalidArgumentException.php"/>
   <file role="php" name="php/Zend/ModuleManager/Exception/ExceptionInterface.php"/>
   <file role="php" name="php/Zend/ModuleManager/composer.json"/>
  </dir>
 </contents>
 <dependencies>
  <required>
   <php>
    <min>5.2.0</min>
   </php>
   <pearinstaller>
    <min>2.0.0a1</min>
   </pearinstaller>
   <package>
    <name>Zend_EventManager</name>
    <channel>packages.zendframework.com</channel>
   </package>
   <package>
    <name>Zend_Stdlib</name>
    <channel>packages.zendframework.com</channel>
   </package>
  </required>
  <optional>
   <package>
    <name>Zend_Config</name>
    <channel>packages.zendframework.com</channel>
   </package>
   <package>
    <name>Zend_Loader</name>
    <channel>packages.zendframework.com</channel>
   </package>
   <package>
    <name>Zend_ServiceManager</name>
    <channel>packages.zendframework.com</channel>
   </package>
  </optional>
 </dependencies>
 <phprelease/>
</package>
