<?xml version="1.0" encoding="UTF-8" ?>

<ldml>
	<identity>
		<version number="$Revision: 4763 $"/>
		<generation date="$Date: 2010-02-27 01:03:37 -0600 (Sat, 27 Feb 2010) $"/>
		<language type="nso"/>
	</identity>
	<localeDisplayNames>
		<languages>
			<language type="nso">Sesotho sa Leboa</language>
		</languages>
	</localeDisplayNames>
	<characters>
		<exemplarCharacters>[a b d e ê f g h i j k l m n o ô p r s š t u w x y]</exemplarCharacters>
		<exemplarCharacters type="auxiliary">[c q v z]</exemplarCharacters>
		<exemplarCharacters type="currencySymbol">[a b c d e f g h i j k l m n o p q r s t u v w x y z]</exemplarCharacters>
		<exemplarCharacters type="index">[A B C D E F G H I J K L M N O P Q R S T U V W X Y Z]</exemplarCharacters>
	</characters>
	<delimiters>
		<quotationStart>‘</quotationStart>
		<quotationEnd>’</quotationEnd>
		<alternateQuotationStart>“</alternateQuotationStart>
		<alternateQuotationEnd>”</alternateQuotationEnd>
	</delimiters>
	<dates>
		<calendars>
			<calendar type="gregorian">
				<months>
					<monthContext type="format">
						<monthWidth type="abbreviated">
							<month type="1">Jan</month>
							<month type="2">Feb</month>
							<month type="3">Mat</month>
							<month type="4">Apo</month>
							<month type="5">Mei</month>
							<month type="6">Jun</month>
							<month type="7">Jul</month>
							<month type="8">Ago</month>
							<month type="9">Set</month>
							<month type="10">Okt</month>
							<month type="11">Nof</month>
							<month type="12">Dis</month>
						</monthWidth>
						<monthWidth type="wide">
							<month type="1">Janaware</month>
							<month type="2">Feberware</month>
							<month type="3">Matšhe</month>
							<month type="4">Aporele</month>
							<month type="5">Mei</month>
							<month type="6">June</month>
							<month type="7">Julae</month>
							<month type="8">Agostose</month>
							<month type="9">Setemere</month>
							<month type="10">Oktobore</month>
							<month type="11">Nofemere</month>
							<month type="12">Disemere</month>
						</monthWidth>
					</monthContext>
				</months>
				<days>
					<dayContext type="format">
						<dayWidth type="abbreviated">
							<day type="sun">Son</day>
							<day type="mon">Mos</day>
							<day type="tue">Bed</day>
							<day type="wed">Rar</day>
							<day type="thu">Ne</day>
							<day type="fri">Hla</day>
							<day type="sat">Mok</day>
						</dayWidth>
						<dayWidth type="wide">
							<day type="sun">Sontaga</day>
							<day type="mon">Mosupalogo</day>
							<day type="tue">Labobedi</day>
							<day type="wed">Laboraro</day>
							<day type="thu">Labone</day>
							<day type="fri">Labohlano</day>
							<day type="sat">Mokibelo</day>
						</dayWidth>
					</dayContext>
				</days>
			</calendar>
		</calendars>
	</dates>
	<numbers>
		<symbols>
			<decimal>,</decimal>
			<group> </group>
		</symbols>
		<decimalFormats>
			<decimalFormatLength>
				<decimalFormat>
					<pattern>#,##0.###</pattern>
				</decimalFormat>
			</decimalFormatLength>
		</decimalFormats>
		<scientificFormats>
			<scientificFormatLength>
				<scientificFormat>
					<pattern>#E0</pattern>
				</scientificFormat>
			</scientificFormatLength>
		</scientificFormats>
		<percentFormats>
			<percentFormatLength>
				<percentFormat>
					<pattern>#,##0%</pattern>
				</percentFormat>
			</percentFormatLength>
		</percentFormats>
		<currencyFormats>
			<currencyFormatLength>
				<currencyFormat>
					<pattern>¤#,##0.00</pattern>
				</currencyFormat>
			</currencyFormatLength>
		</currencyFormats>
	</numbers>
</ldml>

