<?xml version="1.0" encoding="UTF-8"?>
<package xmlns="http://pear.php.net/dtd/package-2.1" xmlns:tasks="http://pear.php.net/dtd/tasks-1.0" xmlns:xsi="http://www.w3.org/2001/XMLSchema-instance" version="2.1" xsi:schemaLocation="http://pear.php.net/dtd/tasks-1.0     http://pear.php.net/dtd/tasks-1.0.xsd     http://pear.php.net/dtd/package-2.1     http://pear.php.net/dtd/package-2.1.xsd" packagerversion="2.0.0">
 <name>Zend_Session</name>
 <channel>packages.zendframework.com</channel>
 <summary>Package Zend_Session summary.\n\n&quot; . &quot;Package detailed description here (found in README)</summary>
 <description/>
 <lead>
  <name>Your Name</name>
  <user>handle</user>
  <email>handle@php.net</email>
  <active>yes</active>
 </lead>
 <date>2013-02-20</date>
 <time>14:58:45</time>
 <version>
  <release>2.1.2</release>
  <api>2.1.2</api>
 </version>
 <stability>
  <release>stable</release>
  <api>stable</api>
 </stability>
 <license uri="http://www.opensource.org/licenses/bsd-license.php">New BSD License</license>
 <notes>Package  Zend_Session release notes for version 0.1.0.

Package Zend_Session API release notes for version 0.1.0.</notes>
 <contents>
  <dir name="/">
   <file role="php" name="php/Zend/Session/ValidatorChain.php"/>
   <file role="php" name="php/Zend/Session/Validator/ValidatorInterface.php"/>
   <file role="php" name="php/Zend/Session/Validator/RemoteAddr.php"/>
   <file role="php" name="php/Zend/Session/Validator/HttpUserAgent.php"/>
   <file role="php" name="php/Zend/Session/Storage/StorageInterface.php"/>
   <file role="php" name="php/Zend/Session/Storage/SessionStorage.php"/>
   <file role="php" name="php/Zend/Session/Storage/SessionArrayStorage.php"/>
   <file role="php" name="php/Zend/Session/Storage/ArrayStorage.php"/>
   <file role="php" name="php/Zend/Session/Storage/AbstractSessionArrayStorage.php"/>
   <file role="php" name="php/Zend/Session/SessionManager.php"/>
   <file role="php" name="php/Zend/Session/SaveHandler/SaveHandlerInterface.php"/>
   <file role="php" name="php/Zend/Session/SaveHandler/MongoDBOptions.php"/>
   <file role="php" name="php/Zend/Session/SaveHandler/MongoDB.php"/>
   <file role="php" name="php/Zend/Session/SaveHandler/DbTableGatewayOptions.php"/>
   <file role="php" name="php/Zend/Session/SaveHandler/DbTableGateway.php"/>
   <file role="php" name="php/Zend/Session/SaveHandler/Cache.php"/>
   <file role="php" name="php/Zend/Session/README.md"/>
   <file role="php" name="php/Zend/Session/ManagerInterface.php"/>
   <file role="php" name="php/Zend/Session/Exception/RuntimeException.php"/>
   <file role="php" name="php/Zend/Session/Exception/InvalidArgumentException.php"/>
   <file role="php" name="php/Zend/Session/Exception/ExceptionInterface.php"/>
   <file role="php" name="php/Zend/Session/Exception/BadMethodCallException.php"/>
   <file role="php" name="php/Zend/Session/Container.php"/>
   <file role="php" name="php/Zend/Session/Config/StandardConfig.php"/>
   <file role="php" name="php/Zend/Session/Config/SessionConfig.php"/>
   <file role="php" name="php/Zend/Session/Config/ConfigInterface.php"/>
   <file role="php" name="php/Zend/Session/composer.json"/>
   <file role="php" name="php/Zend/Session/compatibility/Storage/SessionArrayStorage.php"/>
   <file role="php" name="php/Zend/Session/compatibility/Container.php"/>
   <file role="php" name="php/Zend/Session/compatibility/autoload.php"/>
   <file role="php" name="php/Zend/Session/AbstractManager.php"/>
   <file role="php" name="php/Zend/Session/AbstractContainer.php"/>
  </dir>
 </contents>
 <dependencies>
  <required>
   <php>
    <min>5.2.0</min>
   </php>
   <pearinstaller>
    <min>2.0.0a1</min>
   </pearinstaller>
   <package>
    <name>Zend_Stdlib</name>
    <channel>packages.zendframework.com</channel>
   </package>
  </required>
  <optional>
   <package>
    <name>Zend_Validator</name>
    <channel>packages.zendframework.com</channel>
   </package>
   <package>
    <name>Zend_EventManager</name>
    <channel>packages.zendframework.com</channel>
   </package>
  </optional>
 </dependencies>
 <phprelease/>
</package>
