<?xml version="1.0" encoding="UTF-8"?>
<package xmlns="http://pear.php.net/dtd/package-2.1" xmlns:tasks="http://pear.php.net/dtd/tasks-1.0" xmlns:xsi="http://www.w3.org/2001/XMLSchema-instance" version="2.1" xsi:schemaLocation="http://pear.php.net/dtd/tasks-1.0     http://pear.php.net/dtd/tasks-1.0.xsd     http://pear.php.net/dtd/package-2.1     http://pear.php.net/dtd/package-2.1.xsd" packagerversion="2.0.0">
 <name>Zend_Translator</name>
 <channel>packages.zendframework.com</channel>
 <summary>Package Zend_Translator summary.\n\n&quot; . &quot;Package detailed description here (found in README)</summary>
 <description/>
 <lead>
  <name>Your Name</name>
  <user>handle</user>
  <email>handle@php.net</email>
  <active>yes</active>
 </lead>
 <date>2012-03-22</date>
 <time>19:41:36</time>
 <version>
  <release>2.0.0beta3</release>
  <api>2.0.0beta3</api>
 </version>
 <stability>
  <release>beta</release>
  <api>beta</api>
 </stability>
 <license uri="http://www.opensource.org/licenses/bsd-license.php">New BSD License</license>
 <notes>Package  Zend_Translator release notes for version 0.1.0.

Package Zend_Translator API release notes for version 0.1.0.</notes>
 <contents>
  <dir name="/">
   <file role="php" name="php/Zend/Translator/Translator.php"/>
   <file role="php" name="php/Zend/Translator/Plural.php"/>
   <file role="php" name="php/Zend/Translator/Exception/InvalidFileTypeException.php"/>
   <file role="php" name="php/Zend/Translator/Exception/InvalidArgumentException.php"/>
   <file role="php" name="php/Zend/Translator/Exception/BadMethodCallException.php"/>
   <file role="php" name="php/Zend/Translator/Exception.php"/>
   <file role="php" name="php/Zend/Translator/Adapter/XmlTm.php"/>
   <file role="php" name="php/Zend/Translator/Adapter/Xliff.php"/>
   <file role="php" name="php/Zend/Translator/Adapter/Tmx.php"/>
   <file role="php" name="php/Zend/Translator/Adapter/Tbx.php"/>
   <file role="php" name="php/Zend/Translator/Adapter/Qt.php"/>
   <file role="php" name="php/Zend/Translator/Adapter/Ini.php"/>
   <file role="php" name="php/Zend/Translator/Adapter/Gettext.php"/>
   <file role="php" name="php/Zend/Translator/Adapter/Exception.php"/>
   <file role="php" name="php/Zend/Translator/Adapter/Csv.php"/>
   <file role="php" name="php/Zend/Translator/Adapter/ArrayAdapter.php"/>
   <file role="php" name="php/Zend/Translator/Adapter/AbstractAdapter.php"/>
  </dir>
 </contents>
 <dependencies>
  <required>
   <php>
    <min>5.2.0</min>
   </php>
   <pearinstaller>
    <min>2.0.0a1</min>
   </pearinstaller>
   <package>
    <name>Zend_Locale</name>
    <channel>packages.zendframework.com</channel>
   </package>
  </required>
  <optional>
   <package>
    <name>Zend_Cache</name>
    <channel>packages.zendframework.com</channel>
   </package>
   <package>
    <name>Zend_Config</name>
    <channel>packages.zendframework.com</channel>
   </package>
   <package>
    <name>Zend_Log</name>
    <channel>packages.zendframework.com</channel>
   </package>
  </optional>
 </dependencies>
 <phprelease/>
</package>
