<?xml version="1.0" encoding="UTF-8" ?>

<ldml>
	<identity>
		<version number="$Revision: 4849 $"/>
		<generation date="$Date: 2010-04-14 15:58:43 -0500 (Wed, 14 Apr 2010) $"/>
		<language type="ar"/>
		<territory type="DZ"/>
	</identity>
	<dates>
		<calendars>
			<calendar type="gregorian">
				<dateFormats>
					<dateFormatLength type="medium">
						<dateFormat>
							<pattern>yyyy/MM/dd</pattern>
						</dateFormat>
					</dateFormatLength>
					<dateFormatLength type="short">
						<dateFormat>
							<pattern>yyyy/M/d</pattern>
						</dateFormat>
					</dateFormatLength>
				</dateFormats>
				<dateTimeFormats>
					<availableFormats>
						<dateFormatItem id="Md">M/d</dateFormatItem>
						<dateFormatItem id="MMdd">MM/dd</dateFormatItem>
						<dateFormatItem id="yM">yyyy/M</dateFormatItem>
						<dateFormatItem id="yyyyMM">yyyy/MM</dateFormatItem>
					</availableFormats>
					<intervalFormats>
						<intervalFormatItem id="d">
							<greatestDifference id="d">d‏-d</greatestDifference>
						</intervalFormatItem>
						<intervalFormatItem id="M">
							<greatestDifference id="M">M‏-M</greatestDifference>
						</intervalFormatItem>
						<intervalFormatItem id="MMMd">
							<greatestDifference id="d">d‏-d MMM</greatestDifference>
						</intervalFormatItem>
						<intervalFormatItem id="y">
							<greatestDifference id="y">y‏-y</greatestDifference>
						</intervalFormatItem>
					</intervalFormats>
				</dateTimeFormats>
			</calendar>
		</calendars>
	</dates>
	<numbers>
		<defaultNumberingSystem>latn</defaultNumberingSystem>
	</numbers>
</ldml>

