<?xml version="1.0" encoding="UTF-8" ?>

<ldml>
	<identity>
		<version number="$Revision: 4767 $"/>
		<generation date="$Date: 2010-02-27 20:54:27 -0600 (Sat, 27 Feb 2010) $"/>
		<language type="kl"/>
	</identity>
	<fallback>da en</fallback>
	<localeDisplayNames>
		<localeDisplayPattern>
			<localePattern>{0} ({1})</localePattern>
			<localeSeparator>, </localeSeparator>
		</localeDisplayPattern>
		<languages>
			<language type="ar">arabiamiusut</language>
			<language type="cs">tjekkiamut</language>
			<language type="da">qallunaatut</language>
			<language type="de">tyskisut</language>
			<language type="en">tuluttut</language>
			<language type="es">spanskisut</language>
			<language type="et">estlandimiutut</language>
			<language type="fi">finnisuut</language>
			<language type="fr">franskisuut</language>
			<language type="ga">irlandimiutut</language>
			<language type="is">islandimiusut</language>
			<language type="it">italiamiutut</language>
			<language type="ja">japanimiusut</language>
			<language type="kl">kalaallisut</language>
			<language type="la">latin</language>
			<language type="lt">litauenimiutut</language>
			<language type="lv">letlandimiutut</language>
			<language type="nl">hollandimiutut</language>
			<language type="pt">portugalimiutut</language>
			<language type="ro">rumænimiutut</language>
			<language type="ru">russisut</language>
			<language type="sk">slovakimiusut</language>
			<language type="sv">svenskisuut</language>
			<language type="und">atorsinnaanngitsoq oqaatsit</language>
			<language type="ur">urdu</language>
			<language type="zh">kineserisut</language>
		</languages>
		<scripts>
			<script type="Latn">latin</script>
		</scripts>
		<territories>
			<territory type="001">silarsuaq</territory>
			<territory type="002">Afrika</territory>
			<territory type="003">Amerika Avannarleq</territory>
			<territory type="005">Amerika Kujalleq</territory>
			<territory type="009">Oceania</territory>
			<territory type="011">Afrika Killiit</territory>
			<territory type="013">America Qitiusumik</territory>
			<territory type="014">Afrika Kangilliit</territory>
			<territory type="015">Afrika Avannarleq</territory>
			<territory type="017">Afrika Qitiusumik</territory>
			<territory type="019">Amerika</territory>
			<territory type="030">Asia Kangilliit</territory>
			<territory type="034">Asia Kujalleq</territory>
			<territory type="039">Europa Kujalleq</territory>
			<territory type="053">Australia aamma Nutaaq Zeeland</territory>
			<territory type="054">Melanesia</territory>
			<territory type="061">Polynesia</territory>
			<territory type="142">Asia</territory>
			<territory type="143">Asia Qitiusumik</territory>
			<territory type="145">Asia Killiit</territory>
			<territory type="150">Europa</territory>
			<territory type="151">Europa Kangilliit</territory>
			<territory type="154">Europa Avannarleq</territory>
			<territory type="155">Europa Killiit</territory>
			<territory type="419">America Latin aamma Karibia</territory>
			<territory type="AD">Andorra</territory>
			<territory type="AF">Afghanistan</territory>
			<territory type="AG">Antigua aamma Barbuda</territory>
			<territory type="AL">Albania</territory>
			<territory type="AM">Armenia</territory>
			<territory type="AO">Angola</territory>
			<territory type="AQ">Qalasersuaq Kujalleq</territory>
			<territory type="AR">Argentina</territory>
			<territory type="AT">Østrigi</territory>
			<territory type="AU">Australia</territory>
			<territory type="AW">Aruba</territory>
			<territory type="AX">Ålandi</territory>
			<territory type="BA">Bosnia aamma Herzegovina</territory>
			<territory type="BB">Barbados</territory>
			<territory type="BE">Belgia</territory>
			<territory type="BF">Burkina Faso</territory>
			<territory type="BG">Bulgaria</territory>
			<territory type="BH">Bahrain</territory>
			<territory type="BI">Burundi</territory>
			<territory type="BM">Bermuda</territory>
			<territory type="BN">Brunei</territory>
			<territory type="BO">Bolivia</territory>
			<territory type="BR">Brasilien</territory>
			<territory type="BS">Bahamas</territory>
			<territory type="BW">Botswana</territory>
			<territory type="BY">Hvideruslandi</territory>
			<territory type="BZ">Belize</territory>
			<territory type="CA">Canada</territory>
			<territory type="CD">Kongo-Kinshasa</territory>
			<territory type="CD" alt="variant">Kongo-Kinshasa</territory>
			<territory type="CG">Kongo-Brazzaville</territory>
			<territory type="CG" alt="variant">Kongo-Brazzaville</territory>
			<territory type="CH">Schweizi</territory>
			<territory type="CN">Kina</territory>
			<territory type="CO">Colombia</territory>
			<territory type="CP">Clipperton qeqertaq</territory>
			<territory type="CR">Costa Rica</territory>
			<territory type="CU">Kuba</territory>
			<territory type="CV">Cap Verde</territory>
			<territory type="CX">Jul-qeqertaq</territory>
			<territory type="CZ">Tjekkia</territory>
			<territory type="DE">Tysklandi</territory>
			<territory type="DG">Diego Garcia</territory>
			<territory type="DJ">Djibouti</territory>
			<territory type="DK">Danmarki</territory>
			<territory type="DM">Dominica</territory>
			<territory type="DZ">Algeriet</territory>
			<territory type="EA">Ceuta aamma Melilla</territory>
			<territory type="EC">Ecuador</territory>
			<territory type="EE">Estlandi</territory>
			<territory type="EG">Egypten</territory>
			<territory type="EH">Sahara Killiit</territory>
			<territory type="ER">Eritrea</territory>
			<territory type="ES">Spania</territory>
			<territory type="ET">Ethiopia</territory>
			<territory type="EU">Europami nunat kattusimaffiat</territory>
			<territory type="FI">Finlandi</territory>
			<territory type="FJ">Fiji</territory>
			<territory type="FK">Falklandi qeqertaq</territory>
			<territory type="FK" alt="variant">Falklandi qeqertaq</territory>
			<territory type="FM">Micronesia</territory>
			<territory type="FO">Savalimmiut</territory>
			<territory type="FR">Frankrigi</territory>
			<territory type="GA">Gabon</territory>
			<territory type="GB">Tuluit Nunaat</territory>
			<territory type="GD">Grenada</territory>
			<territory type="GE">Georgia</territory>
			<territory type="GG">Guernsey</territory>
			<territory type="GH">Ghana</territory>
			<territory type="GI">Gibraltar</territory>
			<territory type="GL">Kalaallit Nunaat</territory>
			<territory type="GM">Gambia</territory>
			<territory type="GN">Guinea</territory>
			<territory type="GP">Guadeloupe</territory>
			<territory type="GR">Grækenlandi</territory>
			<territory type="GT">Guatemala</territory>
			<territory type="GU">Guam</territory>
			<territory type="GW">Guinea-Bissau</territory>
			<territory type="GY">Guyana</territory>
			<territory type="HK">Hongkong</territory>
			<territory type="HK" alt="short">Hongkong</territory>
			<territory type="HN">Honduras</territory>
			<territory type="HT">Haiti</territory>
			<territory type="HU">Ungarni</territory>
			<territory type="IC">Kanaria qeqertaq</territory>
			<territory type="ID">Indonesia</territory>
			<territory type="IE">Irlandi</territory>
			<territory type="IL">Israel</territory>
			<territory type="IN">India</territory>
			<territory type="IQ">Irak</territory>
			<territory type="IR">Iran</territory>
			<territory type="IS">Islandi</territory>
			<territory type="IT">Italia</territory>
			<territory type="JE">Jersey</territory>
			<territory type="JM">Jamaica</territory>
			<territory type="JP">Japani</territory>
			<territory type="KE">Kenya</territory>
			<territory type="KH">Kambodia</territory>
			<territory type="KI">Kiribati</territory>
			<territory type="KN">Saint Kitts aamma Nevis</territory>
			<territory type="KP">Korea Avannarleq</territory>
			<territory type="KR">Korea Kujalleq</territory>
			<territory type="KW">Kuwait</territory>
			<territory type="KZ">Kasakhstani</territory>
			<territory type="LA">Laos</territory>
			<territory type="LB">Libanon</territory>
			<territory type="LC">Saint Lucia</territory>
			<territory type="LI">Liechtenstein</territory>
			<territory type="LK">Sri Lanka</territory>
			<territory type="LR">Liberia</territory>
			<territory type="LS">Lesotho</territory>
			<territory type="LT">Litaueni</territory>
			<territory type="LU">Luxembourg</territory>
			<territory type="LV">Letlandi</territory>
			<territory type="LY">Libya</territory>
			<territory type="MA">Marocko</territory>
			<territory type="MC">Monaco</territory>
			<territory type="MD">Moldavia</territory>
			<territory type="ME">Montenegro</territory>
			<territory type="MF">Saint Martin</territory>
			<territory type="MG">Madagaskar</territory>
			<territory type="MK">Makedonia</territory>
			<territory type="MK" alt="variant">Makedonia</territory>
			<territory type="ML">Mali</territory>
			<territory type="MM">Burma</territory>
			<territory type="MO">Macao</territory>
			<territory type="MO" alt="short">Macao</territory>
			<territory type="MQ">Martinique</territory>
			<territory type="MR">Mauritania</territory>
			<territory type="MS">Montserrat</territory>
			<territory type="MT">Malta</territory>
			<territory type="MU">Mauritius</territory>
			<territory type="MW">Malawi</territory>
			<territory type="MX">Mexiko</territory>
			<territory type="MY">Malaysia</territory>
			<territory type="MZ">Moçambique</territory>
			<territory type="NA">Namibia</territory>
			<territory type="NC">Nutaaq Caledonia</territory>
			<territory type="NE">Niger</territory>
			<territory type="NG">Nigeria</territory>
			<territory type="NI">Nicaragua</territory>
			<territory type="NL">Hollandi</territory>
			<territory type="NO">Norge</territory>
			<territory type="NP">Nepal</territory>
			<territory type="NR">Nauru</territory>
			<territory type="NU">Niue</territory>
			<territory type="NZ">Nutaaq Zeeland</territory>
			<territory type="OM">Oman</territory>
			<territory type="PA">Panama</territory>
			<territory type="PE">Peru</territory>
			<territory type="PG">Papua Nutaaq Guinea</territory>
			<territory type="PK">Pakistan</territory>
			<territory type="PL">Poleni</territory>
			<territory type="PM">Saint Pierre aamma Miquelon</territory>
			<territory type="PR">Puerto Rico</territory>
			<territory type="PT">Portugali</territory>
			<territory type="PW">Palau</territory>
			<territory type="PY">Paraguay</territory>
			<territory type="QA">Quatar</territory>
			<territory type="RE">Réunion</territory>
			<territory type="RO">Rumænia</territory>
			<territory type="RS">Serbia</territory>
			<territory type="RU">Ruslandi</territory>
			<territory type="RW">Rwanda</territory>
			<territory type="SA">Saudi Arabia</territory>
			<territory type="SD">Sudan</territory>
			<territory type="SE">Sverige</territory>
			<territory type="SG">Singapore</territory>
			<territory type="SH">Saint Helena</territory>
			<territory type="SI">Slovenia</territory>
			<territory type="SJ">Svalbard aamma Jan Mayen</territory>
			<territory type="SK">Slovakia</territory>
			<territory type="SL">Sierra Leone</territory>
			<territory type="SM">San Marino</territory>
			<territory type="SN">Senegal</territory>
			<territory type="SO">Somalia</territory>
			<territory type="SR">Suriname</territory>
			<territory type="ST">São Tomé aamma Príncipe</territory>
			<territory type="SV">El Salvador</territory>
			<territory type="SY">Syria</territory>
			<territory type="SZ">Swazilandi</territory>
			<territory type="TA">Tristan da Cunha</territory>
			<territory type="TD">Chad</territory>
			<territory type="TG">Togo</territory>
			<territory type="TH">Thailandi</territory>
			<territory type="TJ">Tajikistan</territory>
			<territory type="TK">Tokelau</territory>
			<territory type="TL">Timor Kangilliit</territory>
			<territory type="TL" alt="variant">Timor Kangilliit</territory>
			<territory type="TM">Turkmenistani</territory>
			<territory type="TN">Tunisia</territory>
			<territory type="TO">Tonga</territory>
			<territory type="TR">Tyrkia</territory>
			<territory type="TT">Trinidad aamma Tobago</territory>
			<territory type="TV">Tuvalu</territory>
			<territory type="TW">Taiwan</territory>
			<territory type="TZ">Tanzania</territory>
			<territory type="UA">Ukraina</territory>
			<territory type="UG">Uganda</territory>
			<territory type="US">Naalagaaffeqatigiit</territory>
			<territory type="UY">Uruguay</territory>
			<territory type="UZ">Uzbekistani</territory>
			<territory type="VA">Vatikani</territory>
			<territory type="VE">Venezuela</territory>
			<territory type="VN">Vietnam</territory>
			<territory type="VU">Vanuatu</territory>
			<territory type="WF">Wallis aamma Futuna</territory>
			<territory type="WS">Samoa</territory>
			<territory type="YE">Jemen</territory>
			<territory type="YT">Mayotte</territory>
			<territory type="ZM">Zambia</territory>
			<territory type="ZW">Zimbabwe</territory>
			<territory type="ZZ">atorsinnaanngitsoq sinerissap ilaa aalajangersimasoq</territory>
		</territories>
		<codePatterns>
			<codePattern type="language">oqaatsit: {0}</codePattern>
			<codePattern type="script">allaqqitaq: {0}</codePattern>
			<codePattern type="territory">nunap imartaa nunataalu: {0}</codePattern>
		</codePatterns>
	</localeDisplayNames>
	<characters>
		<exemplarCharacters>[a á â ã b c d e é ê f g h i í î ĩ j k l m n o ô p q ĸ r s t u ú û ũ v w x y z æ ø å]</exemplarCharacters>
		<exemplarCharacters type="auxiliary">[b c d h x z æ ø å]</exemplarCharacters>
		<exemplarCharacters type="currencySymbol">[a b c č d e f g h i j k l ł m n o p q r s t u v w x y z]</exemplarCharacters>
		<exemplarCharacters type="index">[A B C D E F G H I J K L M N O P Q R S T U V W X Y Z Æ Ø Å]</exemplarCharacters>
	</characters>
	<delimiters>
		<quotationStart>»</quotationStart>
		<quotationEnd>«</quotationEnd>
		<alternateQuotationStart>›</alternateQuotationStart>
		<alternateQuotationEnd>‹</alternateQuotationEnd>
	</delimiters>
	<dates>
		<calendars>
			<calendar type="gregorian">
				<months>
					<monthContext type="format">
						<monthWidth type="abbreviated">
							<month type="1">jan</month>
							<month type="2">feb</month>
							<month type="3">mar</month>
							<month type="4">apr</month>
							<month type="5">maj</month>
							<month type="6">jun</month>
							<month type="7">jul</month>
							<month type="8">aug</month>
							<month type="9">sep</month>
							<month type="10">okt</month>
							<month type="11">nov</month>
							<month type="12">dec</month>
						</monthWidth>
						<monthWidth type="wide">
							<month type="1">januari</month>
							<month type="2">februari</month>
							<month type="3">martsi</month>
							<month type="4">aprili</month>
							<month type="5">maji</month>
							<month type="6">juni</month>
							<month type="7">juli</month>
							<month type="8">augustusi</month>
							<month type="9">septemberi</month>
							<month type="10">oktoberi</month>
							<month type="11">novemberi</month>
							<month type="12">decemberi</month>
						</monthWidth>
					</monthContext>
					<monthContext type="stand-alone">
						<monthWidth type="narrow">
							<month type="1">J</month>
							<month type="2">F</month>
							<month type="3">M</month>
							<month type="4">A</month>
							<month type="5">M</month>
							<month type="6">J</month>
							<month type="7">J</month>
							<month type="8">A</month>
							<month type="9">S</month>
							<month type="10">O</month>
							<month type="11">N</month>
							<month type="12">D</month>
						</monthWidth>
					</monthContext>
				</months>
				<days>
					<dayContext type="format">
						<dayWidth type="abbreviated">
							<day type="sun">sab</day>
							<day type="mon">ata</day>
							<day type="tue">mar</day>
							<day type="wed">pin</day>
							<day type="thu">sis</day>
							<day type="fri">tal</day>
							<day type="sat">arf</day>
						</dayWidth>
						<dayWidth type="wide">
							<day type="sun">sabaat</day>
							<day type="mon">ataasinngorneq</day>
							<day type="tue">marlunngorneq</day>
							<day type="wed">pingasunngorneq</day>
							<day type="thu">sisamanngorneq</day>
							<day type="fri">tallimanngorneq</day>
							<day type="sat">arfininngorneq</day>
						</dayWidth>
					</dayContext>
					<dayContext type="stand-alone">
						<dayWidth type="narrow">
							<day type="sun">S</day>
							<day type="mon">A</day>
							<day type="tue">M</day>
							<day type="wed">P</day>
							<day type="thu">S</day>
							<day type="fri">T</day>
							<day type="sat">A</day>
						</dayWidth>
					</dayContext>
				</days>
				<quarters>
					<quarterContext type="stand-alone">
						<quarterWidth type="narrow">
							<quarter type="1">Q1</quarter>
							<quarter type="2">Q2</quarter>
							<quarter type="3">Q3</quarter>
							<quarter type="4">Q4</quarter>
						</quarterWidth>
					</quarterContext>
				</quarters>
				<dayPeriods>
					<dayPeriodContext type="format">
						<dayPeriodWidth type="abbreviated">
							<dayPeriod type="am">u.t.</dayPeriod>
							<dayPeriod type="pm">u.k.</dayPeriod>
						</dayPeriodWidth>
						<dayPeriodWidth type="wide">
							<dayPeriod type="am">ulloqeqqata-tungaa</dayPeriod>
							<dayPeriod type="pm">ulloqeqqata-kingorna</dayPeriod>
						</dayPeriodWidth>
					</dayPeriodContext>
				</dayPeriods>
				<eras>
					<eraNames>
						<era type="0">Kristusip inunngornerata siornagut</era>
						<era type="1">Kristusip inunngornerata kingornagut</era>
					</eraNames>
					<eraAbbr>
						<era type="0">Kr.in.si.</era>
						<era type="1">Kr.in.king.</era>
					</eraAbbr>
					<eraNarrow>
						<era type="0">Kr.s.</era>
						<era type="1">Kr.k.</era>
					</eraNarrow>
				</eras>
				<dateFormats>
					<dateFormatLength type="full">
						<dateFormat>
							<pattern>EEEE dd MMMM y</pattern>
						</dateFormat>
					</dateFormatLength>
					<dateFormatLength type="long">
						<dateFormat>
							<pattern>dd MMMM y</pattern>
						</dateFormat>
					</dateFormatLength>
					<dateFormatLength type="medium">
						<dateFormat>
							<pattern>MMM dd, y</pattern>
						</dateFormat>
					</dateFormatLength>
					<dateFormatLength type="short">
						<dateFormat>
							<pattern>yyyy-MM-dd</pattern>
						</dateFormat>
					</dateFormatLength>
				</dateFormats>
				<timeFormats>
					<timeFormatLength type="full">
						<timeFormat>
							<pattern>h:mm:ss a zzzz</pattern>
						</timeFormat>
					</timeFormatLength>
					<timeFormatLength type="long">
						<timeFormat>
							<pattern>h:mm:ss a z</pattern>
						</timeFormat>
					</timeFormatLength>
					<timeFormatLength type="medium">
						<timeFormat>
							<pattern>h:mm:ss a</pattern>
						</timeFormat>
					</timeFormatLength>
					<timeFormatLength type="short">
						<timeFormat>
							<pattern>h:mm a</pattern>
						</timeFormat>
					</timeFormatLength>
				</timeFormats>
				<fields>
					<field type="era">
						<displayName>æra</displayName>
					</field>
					<field type="year">
						<displayName>ukioq</displayName>
					</field>
					<field type="month">
						<displayName>qaammat</displayName>
					</field>
					<field type="week">
						<displayName>sapaatip-akunnera</displayName>
					</field>
					<field type="day">
						<displayName>ulloq</displayName>
						<relative type="-3">ippassaanissaani</relative>
						<relative type="-2">ippassaani</relative>
						<relative type="-1">ippassaq</relative>
						<relative type="0">ullumi</relative>
						<relative type="1">aqagu</relative>
						<relative type="2">aqaguagu</relative>
						<relative type="3">aqaguaguani</relative>
					</field>
					<field type="weekday">
						<displayName>sapaatip-akunnera ulloq</displayName>
					</field>
					<field type="dayperiod">
						<displayName>u.t./u.k.</displayName>
					</field>
					<field type="hour">
						<displayName>nalunaaquttap-akunnera</displayName>
					</field>
					<field type="minute">
						<displayName>minutsi</displayName>
					</field>
					<field type="second">
						<displayName>sekindi</displayName>
					</field>
					<field type="zone">
						<displayName>nalunaaquttap nikittarfii</displayName>
					</field>
				</fields>
			</calendar>
		</calendars>
	</dates>
	<numbers>
		<symbols>
			<decimal>,</decimal>
			<group>.</group>
			<list>;</list>
			<percentSign>%</percentSign>
			<nativeZeroDigit>0</nativeZeroDigit>
			<patternDigit>#</patternDigit>
			<plusSign>+</plusSign>
			<minusSign>−</minusSign>
			<exponential>×10^</exponential>
			<perMille>‰</perMille>
			<infinity>∞</infinity>
			<nan>¤¤¤</nan>
		</symbols>
		<decimalFormats>
			<decimalFormatLength>
				<decimalFormat>
					<pattern>#,##0.###</pattern>
				</decimalFormat>
			</decimalFormatLength>
		</decimalFormats>
		<scientificFormats>
			<scientificFormatLength>
				<scientificFormat>
					<pattern>#E0</pattern>
				</scientificFormat>
			</scientificFormatLength>
		</scientificFormats>
		<percentFormats>
			<percentFormatLength>
				<percentFormat>
					<pattern>#,##0 %</pattern>
				</percentFormat>
			</percentFormatLength>
		</percentFormats>
		<currencyFormats>
			<currencyFormatLength>
				<currencyFormat>
					<pattern>¤#,##0.00;¤-#,##0.00</pattern>
				</currencyFormat>
			</currencyFormatLength>
			<unitPattern count="other">{0} {1}</unitPattern>
		</currencyFormats>
		<currencies>
			<currency type="DKK">
				<displayName>danskinut koruuni</displayName>
				<symbol>kr</symbol>
			</currency>
			<currency type="EUR">
				<displayName>euro</displayName>
			</currency>
		</currencies>
	</numbers>
	<units>
		<unit type="day">
			<unitPattern count="other">{0} ulloq unnuarlu</unitPattern>
		</unit>
		<unit type="hour">
			<unitPattern count="other">{0} nalunaaquttap-akunnera</unitPattern>
		</unit>
		<unit type="minute">
			<unitPattern count="other">{0} minutsi</unitPattern>
		</unit>
		<unit type="month">
			<unitPattern count="other">{0} qaammat</unitPattern>
		</unit>
		<unit type="second">
			<unitPattern count="other">{0} sekundi</unitPattern>
		</unit>
		<unit type="week">
			<unitPattern count="other">{0} sapaatip-akunnera</unitPattern>
		</unit>
		<unit type="year">
			<unitPattern count="other">{0} ukioq</unitPattern>
		</unit>
	</units>
	<listPatterns>
		<listPattern>
			<listPatternPart type="2">{0} aamma {1}</listPatternPart>
			<listPatternPart type="start">{0} aamma {1}</listPatternPart>
		</listPattern>
	</listPatterns>
	<posix>
		<messages>
			<yesstr>aap:a</yesstr>
			<nostr>naagga:n</nostr>
		</messages>
	</posix>
</ldml>

