<?xml version="1.0" encoding="UTF-8" ?>

<ldml>
	<identity>
		<version number="$Revision: 4763 $"/>
		<generation date="$Date: 2010-02-27 01:03:37 -0600 (Sat, 27 Feb 2010) $"/>
		<language type="kpe"/>
	</identity>
	<characters>
		<exemplarCharacters>[a b ɓ d e ə ɛ f g ĝ {gb} {gw} ɣ h i j k {kp} {kw} l m n {ny} ɲ ŋ {ŋw} o ɔ p t u v w y z]</exemplarCharacters>
		<exemplarCharacters type="index">[A B Ɓ C D E Ə Ɛ F G Ɣ H I J K L M N Ɲ Ŋ O Ɔ P Q R S T U V W X Y Z]</exemplarCharacters>
	</characters>
	<numbers>
		<currencies>
			<currency type="LRD">
				<symbol>$</symbol>
			</currency>
		</currencies>
	</numbers>
</ldml>

