<?xml version="1.0" encoding="UTF-8" ?>

<ldml>
	<identity>
		<version number="$Revision: 5094 $"/>
		<generation date="$Date: 2010-10-13 11:33:36 -0500 (Wed, 13 Oct 2010) $"/>
		<language type="nds"/>
	</identity>
	<localeDisplayNames>
		<localeDisplayPattern>
			<localePattern>{0} ({1})</localePattern>
			<localeSeparator>, </localeSeparator>
		</localeDisplayPattern>
		<languages>
			<language type="aa">Afar</language>
			<language type="ab">Abchaasch</language>
			<language type="ace">Aceh</language>
			<language type="ach">Acholi</language>
			<language type="ada">Adangme</language>
			<language type="ady">Adygeisch</language>
			<language type="ae">Avestsch</language>
			<language type="af">Afrikaansch</language>
			<language type="afa">Afro-Asiaatsche Spraken</language>
			<language type="afh">Afrihili</language>
			<language type="ain">Ainu</language>
			<language type="ak">Akan</language>
			<language type="akk">Akkadsch</language>
			<language type="ale">Aleutsch</language>
			<language type="alg">Algonkin-Spraken</language>
			<language type="alt">Süüd-Altaisch</language>
			<language type="am">Amhaarsch</language>
			<language type="an">Aragoneesch</language>
			<language type="ang">Ooldengelsch</language>
			<language type="anp">Angika</language>
			<language type="apa">Apache</language>
			<language type="ar">Araabsch</language>
			<language type="arc">Aramääsch</language>
			<language type="arn">Araukaansch</language>
			<language type="arp">Arapaho</language>
			<language type="art">Kunstspraken</language>
			<language type="arw">Arawak-Spraken</language>
			<language type="as">Assameesch</language>
			<language type="ast">Asturiaansch</language>
			<language type="ath">Athabasksche Spraken</language>
			<language type="aus">Austraalsche Spraken</language>
			<language type="av">Awaarsch</language>
			<language type="awa">Awadhi</language>
			<language type="ay">Aymara</language>
			<language type="az">Aserbaidschaansch</language>
			<language type="ba">Baschkiersch</language>
			<language type="bad">Banda</language>
			<language type="bai">Bamileke</language>
			<language type="bal">Belutschisch</language>
			<language type="ban">Balineesch</language>
			<language type="bas">Basaa</language>
			<language type="bat">Baltsche Spraken</language>
			<language type="be">Wittruss’sch</language>
			<language type="bej">Bedscha</language>
			<language type="bem">Bemba</language>
			<language type="ber">Berberspraken</language>
			<language type="bg">Bulgaarsch</language>
			<language type="bh">Bihaarsch</language>
			<language type="bho">Bhodschpuri</language>
			<language type="bi">Bislama</language>
			<language type="bik">Bikol</language>
			<language type="bin">Bini</language>
			<language type="bla">Siksika</language>
			<language type="bm">Bambara</language>
			<language type="bn">Bengaalsch</language>
			<language type="bnt">Bantuspraken</language>
			<language type="bo">Tibeetsch</language>
			<language type="br">Bretoonsch</language>
			<language type="bra">Braj-Bhakha</language>
			<language type="bs">Bosnisch</language>
			<language type="btk">Batak</language>
			<language type="bua">Burjaatsch</language>
			<language type="bug">Bugineesch</language>
			<language type="byn">Blin</language>
			<language type="ca">Katalaansch</language>
			<language type="cad">Caddo</language>
			<language type="cai">Indianerspraken in Zentralamerika</language>
			<language type="car">Kariebsche Spraken</language>
			<language type="cau">Kaukaasche Spraken</language>
			<language type="cch">Atsam</language>
			<language type="ce">Tschetscheensch</language>
			<language type="ceb">Cebuano</language>
			<language type="cel">Keltsche Spraken</language>
			<language type="ch">Chamorro</language>
			<language type="chb">Chibcha-Spraken</language>
			<language type="chg">Tschagataisch</language>
			<language type="chk">Trukeesch</language>
			<language type="chm">Mari</language>
			<language type="chn">Chinook</language>
			<language type="cho">Choctaw</language>
			<language type="chp">Chipewyan</language>
			<language type="chr">Cherokee</language>
			<language type="chy">Cheyenne</language>
			<language type="cmc">Cham-Spraken</language>
			<language type="co">Koorsch</language>
			<language type="cop">Koptsch</language>
			<language type="cpe">Kreoolsch-Engelsche Spraken</language>
			<language type="cpf">Kreoolsch-Franzöösche Spraken</language>
			<language type="cpp">Kreoolsch-Portugeesche Spraken</language>
			<language type="cr">Cree</language>
			<language type="crh">Krimtataarsch</language>
			<language type="crp">Kreoolsche Spraken</language>
			<language type="cs">Tschech’sch</language>
			<language type="csb">Kaschuubsch</language>
			<language type="cu">Karkenslaavsch</language>
			<language type="cus">Kuschietsche Spraken</language>
			<language type="cv">Tschuwasch’sch</language>
			<language type="cy">Waliesch</language>
			<language type="da">Däänsch</language>
			<language type="dak">Dakota</language>
			<language type="dar">Dargiensch</language>
			<language type="day">Dajak</language>
			<language type="de">Düütsch</language>
			<language type="de_AT">Öösterrieksch Hoochdüütsch</language>
			<language type="de_CH">Swiezer Hoochdüütsch</language>
			<language type="del">Delaware</language>
			<language type="den">Slave</language>
			<language type="dgr">Dogrib</language>
			<language type="din">Dinka</language>
			<language type="doi">Dogri</language>
			<language type="dra">Drawiedsche Spraken</language>
			<language type="dsb">Neddersorbsch</language>
			<language type="dua">Duala</language>
			<language type="dum">Middelnedderlandsch</language>
			<language type="dv">Maledievsch</language>
			<language type="dyu">Dyula</language>
			<language type="dz">Bhutaansch</language>
			<language type="ee">Ewe</language>
			<language type="efi">Efik</language>
			<language type="egy">Ägyptsch</language>
			<language type="eka">Ekajuk</language>
			<language type="el">Greeksch</language>
			<language type="elx">Elaamsch</language>
			<language type="en">Engelsch</language>
			<language type="en_AU">Austraalsch Engelsch</language>
			<language type="en_CA">Kanaadsch Engelsch</language>
			<language type="en_GB">Brietsch Engelsch</language>
			<language type="en_US">Amerikaansch Engelsch</language>
			<language type="enm">Middelengelsch</language>
			<language type="eo">Esperanto</language>
			<language type="es">Spaansch</language>
			<language type="es_419">Latienamerikaansch Spaansch</language>
			<language type="es_ES">Ibeersch Spaansch</language>
			<language type="et">Eestnisch</language>
			<language type="eu">Basksch</language>
			<language type="ewo">Ewondo</language>
			<language type="fa">Pers’sch</language>
			<language type="fan">Pangwe</language>
			<language type="fat">Fanti</language>
			<language type="ff">Ful</language>
			<language type="fi">Finnsch</language>
			<language type="fil">Philippiensch</language>
			<language type="fiu">Finnougrische Spraken</language>
			<language type="fj">Fidschiaansch</language>
			<language type="fo">Färöösch</language>
			<language type="fon">Fon</language>
			<language type="fr">Franzöösch</language>
			<language type="fr_CA">Kanaadsch Franzöösch</language>
			<language type="fr_CH">Swiezer Franzöösch</language>
			<language type="frm">Middelfranzöösch</language>
			<language type="fro">Ooldfranzöösch</language>
			<language type="frr">Noordfreesch</language>
			<language type="frs">Saterfreesch</language>
			<language type="fur">Friuulsch</language>
			<language type="fy">Westfreesch</language>
			<language type="ga">Iersch</language>
			<language type="gaa">Ga</language>
			<language type="gay">Gayo</language>
			<language type="gba">Gbaya</language>
			<language type="gd">Schottsch Gäälsch</language>
			<language type="gem">Germaansche Spraken</language>
			<language type="gez">Geez</language>
			<language type="gil">Gilberteesch</language>
			<language type="gl">Galizisch</language>
			<language type="gmh">Middelhoochdüütsch</language>
			<language type="gn">Guarani</language>
			<language type="goh">Ooldhoochdüütsch</language>
			<language type="gon">Gondi</language>
			<language type="gor">Gorontalo</language>
			<language type="got">Gootsch</language>
			<language type="grb">Grebo</language>
			<language type="grc">Ooldgreeksch</language>
			<language type="gsw">Swiezerdüütsch</language>
			<language type="gu">Gujarati</language>
			<language type="gv">Manx</language>
			<language type="gwi">Kutchin</language>
			<language type="ha">Haussa</language>
			<language type="hai">Haida</language>
			<language type="haw">Hawaiiaansch</language>
			<language type="he">Hebrääsch</language>
			<language type="hi">Hindi</language>
			<language type="hil">Hiligaynon</language>
			<language type="him">Himachali</language>
			<language type="hit">Hethitsch</language>
			<language type="hmn">Miao-Spraken</language>
			<language type="ho">Hiri-Motu</language>
			<language type="hr">Kroaatsch</language>
			<language type="hsb">Böversorbsch</language>
			<language type="ht">Haitiaansch-Kreoolsch</language>
			<language type="hu">Ungaarsch</language>
			<language type="hup">Hupa</language>
			<language type="hy">Armeensch</language>
			<language type="hz">Herero</language>
			<language type="ia">Interlingua</language>
			<language type="iba">Iban</language>
			<language type="id">Indoneesch</language>
			<language type="ie">Interlingue</language>
			<language type="ig">Igbo</language>
			<language type="ii">Sichuan Yi</language>
			<language type="ijo">Ijo</language>
			<language type="ik">Inupiak</language>
			<language type="ilo">Ilokano</language>
			<language type="inc">Indoarische Spraken</language>
			<language type="ine">Indogermaansche Spraken</language>
			<language type="inh">Ingusch’sch</language>
			<language type="io">Ido</language>
			<language type="ira">Iraansche Spraken</language>
			<language type="iro">Irokeesche Spraken</language>
			<language type="is">Ieslandsch</language>
			<language type="it">Italieensch</language>
			<language type="iu">Inuktitut</language>
			<language type="ja">Japaansch</language>
			<language type="jbo">Lojban</language>
			<language type="jpr">Jöödsch-Pers’sch</language>
			<language type="jrb">Jöödsch-Araabsch</language>
			<language type="jv">Javaansch</language>
			<language type="ka">Georgsch</language>
			<language type="kaa">Karakalpaksch</language>
			<language type="kab">Kabyylsch</language>
			<language type="kac">Kachin</language>
			<language type="kaj">Jju</language>
			<language type="kam">Kamba</language>
			<language type="kar">Kareensch</language>
			<language type="kaw">Kawi</language>
			<language type="kbd">Kabardiensch</language>
			<language type="kcg">Tyap</language>
			<language type="kfo">Koro</language>
			<language type="kg">Kongo</language>
			<language type="kha">Khasi</language>
			<language type="khi">Khoisan-Spraken</language>
			<language type="kho">Saaksch</language>
			<language type="ki">Kikuyu</language>
			<language type="kj">Kwanyama</language>
			<language type="kk">Kasach’sch</language>
			<language type="kl">Gröönlandsch</language>
			<language type="km">Kambodschaansch</language>
			<language type="kmb">Kimbundu</language>
			<language type="kn">Kannada</language>
			<language type="ko">Koreaansch</language>
			<language type="kok">Konkani</language>
			<language type="kos">Kosraeaansch</language>
			<language type="kpe">Kpelle</language>
			<language type="kr">Kanuursch</language>
			<language type="krc">Karatschaisch-Balkaarsch</language>
			<language type="krl">Kareelsch</language>
			<language type="kro">Kru-Spraken</language>
			<language type="kru">Oraon</language>
			<language type="ks">Kaschmiersch</language>
			<language type="ku">Kurdsch</language>
			<language type="kum">Kumücksch</language>
			<language type="kut">Kutenai</language>
			<language type="kv">Komi</language>
			<language type="kw">Koornsch</language>
			<language type="ky">Kirgiesch</language>
			<language type="la">Latiensch</language>
			<language type="lad">Ladiensch</language>
			<language type="lah">Lahnda</language>
			<language type="lam">Lamba</language>
			<language type="lb">Luxemborgsch</language>
			<language type="lez">Lesgisch</language>
			<language type="lg">Ganda</language>
			<language type="li">Limborgsch</language>
			<language type="ln">Lingala</language>
			<language type="lo">Laootsch</language>
			<language type="lol">Mongo</language>
			<language type="loz">Rotse</language>
			<language type="lt">Litausch</language>
			<language type="lu">Luba</language>
			<language type="lua">Luba-Lulua</language>
			<language type="lui">Luiseno</language>
			<language type="lun">Lunda</language>
			<language type="luo">Luo</language>
			<language type="lus">Lushai</language>
			<language type="lv">Lettsch</language>
			<language type="mad">Madureesch</language>
			<language type="mag">Magahi</language>
			<language type="mai">Maithili</language>
			<language type="mak">Makassarsch</language>
			<language type="man">Manding</language>
			<language type="map">Austroneesche Spraken</language>
			<language type="mas">Massai</language>
			<language type="mdf">Mokscha</language>
			<language type="mdr">Mandareesch</language>
			<language type="men">Mende</language>
			<language type="mg">Madagassisch</language>
			<language type="mga">Middeliersch</language>
			<language type="mh">Marschalleesch</language>
			<language type="mi">Maori</language>
			<language type="mic">Micmac</language>
			<language type="min">Minangkabau</language>
			<language type="mis">Verschedene Spraken</language>
			<language type="mk">Mazedoonsch</language>
			<language type="mkh">Mon-Khmer-Spraken</language>
			<language type="ml">Malayalam</language>
			<language type="mn">Mongoolsch</language>
			<language type="mnc">Mandschuursch</language>
			<language type="mni">Manipuri</language>
			<language type="mno">Manobo</language>
			<language type="mo">Moldaawsch</language>
			<language type="moh">Mohawk</language>
			<language type="mos">Mossi</language>
			<language type="mr">Marathi</language>
			<language type="ms">Malaisch</language>
			<language type="mt">Malteesch</language>
			<language type="mul">Mehrsprakig</language>
			<language type="mun">Munda-Spraken</language>
			<language type="mus">Muskogee-Spraken</language>
			<language type="mwl">Mirandeesch</language>
			<language type="mwr">Marwari</language>
			<language type="my">Birmaansch</language>
			<language type="myn">Maya-Spraken</language>
			<language type="myv">Erzya</language>
			<language type="na">Nauruusch</language>
			<language type="nah">Nahuatl</language>
			<language type="nai">Indianerspraken in Noordamerika</language>
			<language type="nap">Neapolitaansch</language>
			<language type="nb">Norweegsch Bokmål</language>
			<language type="nd">Noord-Ndebele</language>
			<language type="nds">Plattdüütsch</language>
			<language type="ne">Nepaleesch</language>
			<language type="new">Newari</language>
			<language type="ng">Ndonga</language>
			<language type="nia">Nias</language>
			<language type="nic">Nigerkordofaansche Spraken</language>
			<language type="niu">Niue</language>
			<language type="nl">Nedderlandsch</language>
			<language type="nl_BE">Fläämsch</language>
			<language type="nn">Norweegsch Nynorsk</language>
			<language type="no">Norweegsch</language>
			<language type="nog">Nogai</language>
			<language type="non">Ooldnoorsch</language>
			<language type="nqo">N’Ko</language>
			<language type="nr">Süüd-Ndebele</language>
			<language type="nso">Noord-Sotho</language>
			<language type="nub">Nuubsche Spraken</language>
			<language type="nv">Navajo</language>
			<language type="nwc">Oold-Newari</language>
			<language type="ny">Nyanja</language>
			<language type="nym">Nyamwezi</language>
			<language type="nyn">Nyankole</language>
			<language type="nyo">Nyoro</language>
			<language type="nzi">Nzima</language>
			<language type="oc">Okzitaansch</language>
			<language type="oj">Ojibwa</language>
			<language type="om">Oromo</language>
			<language type="or">Orija</language>
			<language type="os">Ossetsch</language>
			<language type="osa">Osage</language>
			<language type="ota">Osmaansch</language>
			<language type="oto">Otomangue-Spraken</language>
			<language type="pa">Pandschabsch</language>
			<language type="paa">Papuaspraken</language>
			<language type="pag">Pangasinan</language>
			<language type="pal">Middelpers’sch</language>
			<language type="pam">Pampanggan</language>
			<language type="pap">Papiamento</language>
			<language type="pau">Palausch</language>
			<language type="peo">Ooldpers’sch</language>
			<language type="phi">Philippinen-Austroneesche Spraken</language>
			<language type="phn">Phönieksch</language>
			<language type="pi">Pali</language>
			<language type="pl">Poolsch</language>
			<language type="pon">Ponapeaansch</language>
			<language type="pra">Prakrit</language>
			<language type="pro">Ooldprovenzaalsch</language>
			<language type="ps">Paschtu</language>
			<language type="pt">Portugeesch</language>
			<language type="pt_BR">Brasiliaansch Portugeesch</language>
			<language type="pt_PT">Ibeersch Portugeesch</language>
			<language type="qu">Quechua</language>
			<language type="raj">Rajasthani</language>
			<language type="rap">Oosterinsel-Spraak</language>
			<language type="rar">Rarotongaansch</language>
			<language type="rm">Rätoromaansch</language>
			<language type="rn">Rundi</language>
			<language type="ro">Rumäänsch</language>
			<language type="roa">Romaansche Spraken</language>
			<language type="rom">Romani</language>
			<language type="root">Wortel</language>
			<language type="ru">Russ’sch</language>
			<language type="rup">Aromuunsch</language>
			<language type="rw">Ruandsch</language>
			<language type="sa">Sanskrit</language>
			<language type="sad">Sandawe</language>
			<language type="sah">Jakuutsch</language>
			<language type="sai">Indianerspraken in Süüdamerika</language>
			<language type="sal">Salish</language>
			<language type="sam">Samaritaansch</language>
			<language type="sas">Sasak</language>
			<language type="sat">Santali</language>
			<language type="sc">Sardsch</language>
			<language type="scn">Siziliaansch</language>
			<language type="sco">Schottsch</language>
			<language type="sd">Sindhi</language>
			<language type="se">Noord-Saamsch</language>
			<language type="sel">Selkupsch</language>
			<language type="sem">Semietsche Spraken</language>
			<language type="sg">Sango</language>
			<language type="sga">Oold-Iersch</language>
			<language type="sgn">Tekenspraken</language>
			<language type="shn">Schan</language>
			<language type="si">Singhaleesch</language>
			<language type="sid">Sidamo</language>
			<language type="sio">Sioux-Spraken</language>
			<language type="sit">Sinotibeetsche Spraken</language>
			<language type="sk">Slowaaksch</language>
			<language type="sl">Sloweensch</language>
			<language type="sla">Slaavsche Spraken</language>
			<language type="sm">Samoaansch</language>
			<language type="sma">Süüd-Lappsch</language>
			<language type="smi">Lappsch</language>
			<language type="smj">Lule-Lappsch</language>
			<language type="smn">Inari-Lappsch</language>
			<language type="sms">Skolt-Lappsch</language>
			<language type="sn">Schona</language>
			<language type="snk">Soninke</language>
			<language type="so">Somaalsch</language>
			<language type="sog">Sogdisch</language>
			<language type="son">Songhai</language>
			<language type="sq">Albaansch</language>
			<language type="sr">Serbsch</language>
			<language type="srn">Surinaamsch</language>
			<language type="srr">Serer</language>
			<language type="ss">Swazi</language>
			<language type="ssa">Nilosaharaansche Spraken</language>
			<language type="st">Süüd-Sotho</language>
			<language type="su">Sundaneesch</language>
			<language type="suk">Sukuma</language>
			<language type="sus">Susu</language>
			<language type="sux">Sumersch</language>
			<language type="sv">Sweedsch</language>
			<language type="sw">Suaheli</language>
			<language type="syc">Oold-Syyrsch</language>
			<language type="syr">Syyrsch</language>
			<language type="ta">Tamilsch</language>
			<language type="tai">Thaispraken</language>
			<language type="te">Telugu</language>
			<language type="tem">Temne</language>
			<language type="ter">Tereno</language>
			<language type="tet">Tetum</language>
			<language type="tg">Tadschiksch</language>
			<language type="th">Thai</language>
			<language type="ti">Tigrinja</language>
			<language type="tig">Tigre</language>
			<language type="tiv">Tiv</language>
			<language type="tk">Turkmeensch</language>
			<language type="tkl">Tokelausch</language>
			<language type="tl">Tagalog</language>
			<language type="tlh">Klingoonsch</language>
			<language type="tli">Tlingit</language>
			<language type="tmh">Tamaschek</language>
			<language type="tn">Tswana</language>
			<language type="to">Tongaasch</language>
			<language type="tog">Tonga (Nyasa)</language>
			<language type="tpi">Tok Pisin</language>
			<language type="tr">Törksch</language>
			<language type="ts">Tsonga</language>
			<language type="tsi">Tsimshian</language>
			<language type="tt">Tataarsch</language>
			<language type="tum">Tumbuka</language>
			<language type="tup">Tupi-Spraken</language>
			<language type="tut">Altaische Spraken</language>
			<language type="tvl">Elliceaansch</language>
			<language type="tw">Twi</language>
			<language type="ty">Tahitsch</language>
			<language type="tyv">Tuwinsch</language>
			<language type="udm">Udmurtsch</language>
			<language type="ug">Uiguursch</language>
			<language type="uga">Ugaritsch</language>
			<language type="uk">Ukrainsch</language>
			<language type="umb">Mbundu</language>
			<language type="und">Unbestimmte Spraak</language>
			<language type="ur">Urdu</language>
			<language type="uz">Usbeeksch</language>
			<language type="vai">Vai</language>
			<language type="ve">Venda</language>
			<language type="vi">Vietnameesch</language>
			<language type="vo">Volapük</language>
			<language type="vot">Wootsch</language>
			<language type="wa">Walloonsch</language>
			<language type="wak">Wakashaansch</language>
			<language type="wal">Walamo</language>
			<language type="war">Waray</language>
			<language type="was">Washo</language>
			<language type="wen">Sorbsch</language>
			<language type="wo">Wolof</language>
			<language type="xal">Kalmücksch</language>
			<language type="xh">Xhosa</language>
			<language type="yao">Yao</language>
			<language type="yap">Yapeesch</language>
			<language type="yi">Jiddisch</language>
			<language type="yo">Yoruba</language>
			<language type="ypk">Yupik</language>
			<language type="za">Zhuang</language>
			<language type="zap">Zapoteeksch</language>
			<language type="zbl">Bliss-Symbolen</language>
			<language type="zen">Zenaga</language>
			<language type="zh">Chineesch</language>
			<language type="zh_Hans">Vereenfacht Chineesch</language>
			<language type="zh_Hant">Traditschonell Chineesch</language>
			<language type="znd">Zande</language>
			<language type="zu">Zulu</language>
			<language type="zun">Zuni</language>
			<language type="zxx">Keen Spraakinhold</language>
			<language type="zza">Zaza</language>
		</languages>
		<scripts>
			<script type="Arab">Araabsch</script>
			<script type="Armi">Rieksaramääsch</script>
			<script type="Armn">Armeensch</script>
			<script type="Avst">Avestsch</script>
			<script type="Bali">Balineesch</script>
			<script type="Batk">Bataksch</script>
			<script type="Beng">Bengaalsch</script>
			<script type="Blis">Bliss-Symbolen</script>
			<script type="Bopo">Bopomofo</script>
			<script type="Brah">Brahmi</script>
			<script type="Brai">Blinnenschrift</script>
			<script type="Bugi">Bugineesch</script>
			<script type="Buhd">Buhid</script>
			<script type="Cakm">Chakma</script>
			<script type="Cans">Vereenheidlicht Kanaadsch Sülvenschrift</script>
			<script type="Cari">Kaarsch</script>
			<script type="Cham">Cham</script>
			<script type="Cher">Cherokee</script>
			<script type="Cirt">Cirth</script>
			<script type="Copt">Koptsch</script>
			<script type="Cprt">Zypriootsch</script>
			<script type="Cyrl">Kyrillsch</script>
			<script type="Cyrs">Ooldkarkenslaavsch</script>
			<script type="Deva">Devanagari</script>
			<script type="Dsrt">Deseret</script>
			<script type="Egyd">Demootsch</script>
			<script type="Egyh">Hieraatsch</script>
			<script type="Egyp">Ägyptsche Hieroglyphen</script>
			<script type="Ethi">Äthioopsch</script>
			<script type="Geok">Khutsuri</script>
			<script type="Geor">Georgsch</script>
			<script type="Glag">Glagolietsch</script>
			<script type="Goth">Gootsch</script>
			<script type="Grek">Greeksch</script>
			<script type="Gujr">Gujarati</script>
			<script type="Guru">Gurmukhi</script>
			<script type="Hang">Hangul</script>
			<script type="Hani">Chineesch</script>
			<script type="Hano">Hanunoo</script>
			<script type="Hans">Vereenfachte Chineesche Schrift</script>
			<script type="Hant">Traditschonelle Chineesche Schrift</script>
			<script type="Hebr">Hebrääsch</script>
			<script type="Hira">Hiragana</script>
			<script type="Hmng">Pahawh Hmong</script>
			<script type="Hrkt">Katakana oder Hiragana</script>
			<script type="Hung">Ooldungaarsch</script>
			<script type="Inds">Indus</script>
			<script type="Ital">Oolditaalsch</script>
			<script type="Java">Javaneesch</script>
			<script type="Jpan">Japaansch</script>
			<script type="Kali">Kayah Li</script>
			<script type="Kana">Katakana</script>
			<script type="Khar">Kharoshthi</script>
			<script type="Khmr">Khmer</script>
			<script type="Knda">Kannada</script>
			<script type="Kore">Koreaansch</script>
			<script type="Kthi">Kaithi</script>
			<script type="Lana">Lanna</script>
			<script type="Laoo">Laootsch</script>
			<script type="Latf">Latiensch (Fraktur)</script>
			<script type="Latg">Latiensch (Gäälsch)</script>
			<script type="Latn">Latiensch</script>
			<script type="Lepc">Lepcha</script>
			<script type="Limb">Limbu</script>
			<script type="Lina">Linear A</script>
			<script type="Linb">Linear B</script>
			<script type="Lyci">Lyyksch</script>
			<script type="Lydi">Lyydsch</script>
			<script type="Mand">Mandääsch</script>
			<script type="Mani">Manichääsch</script>
			<script type="Maya">Maya-Hieroglyphen</script>
			<script type="Mero">Meroitsch</script>
			<script type="Mlym">Malaysch</script>
			<script type="Mong">Mongoolsch</script>
			<script type="Moon">Moon</script>
			<script type="Mtei">Meitei Mayek</script>
			<script type="Mymr">Birmaansch</script>
			<script type="Nkoo">N’Ko</script>
			<script type="Ogam">Ogham</script>
			<script type="Olck">Ol Chiki</script>
			<script type="Orkh">Orchon-Runen</script>
			<script type="Orya">Oriya</script>
			<script type="Osma">Osmaansch</script>
			<script type="Perm">Ooldpermsch</script>
			<script type="Phag">Phags-pa</script>
			<script type="Phli">Inschriften-Pahlavi</script>
			<script type="Phlp">Psalter-Pahlavi</script>
			<script type="Phlv">Book-Pahlavi</script>
			<script type="Phnx">Phönieksch</script>
			<script type="Plrd">Pollard-Phönieksch</script>
			<script type="Prti">Inschriften-Parthsch</script>
			<script type="Rjng">Rejang</script>
			<script type="Roro">Rongorongo</script>
			<script type="Runr">Runenschrift</script>
			<script type="Samr">Samarietsch</script>
			<script type="Sara">Sarati</script>
			<script type="Saur">Saurashtra</script>
			<script type="Sgnw">SignWriting</script>
			<script type="Shaw">Shaw-Alphabet</script>
			<script type="Sinh">Singhaleesch</script>
			<script type="Sund">Sundaneesch</script>
			<script type="Sylo">Syloti Nagri</script>
			<script type="Syrc">Syyrsch</script>
			<script type="Syre">Estrangelo-Syyrsch</script>
			<script type="Syrj">West-Syyrsch</script>
			<script type="Syrn">Oost-Syyrsch</script>
			<script type="Tagb">Tagbanwa</script>
			<script type="Tale">Tai Le</script>
			<script type="Talu">Tai Lue</script>
			<script type="Taml">Tamilsch</script>
			<script type="Tavt">Tai Viet</script>
			<script type="Telu">Telugu</script>
			<script type="Teng">Tengwar</script>
			<script type="Tfng">Tifinagh</script>
			<script type="Tglg">Tagalog</script>
			<script type="Thaa">Thaana</script>
			<script type="Thai">Thai</script>
			<script type="Tibt">Tibeetsch</script>
			<script type="Ugar">Ugarietsch</script>
			<script type="Vaii">Vai</script>
			<script type="Visp">Visible Speech</script>
			<script type="Xpeo">Ooldpers’sch</script>
			<script type="Xsux">Sumeroakkadsch Kielschrift</script>
			<script type="Yiii">Yi</script>
			<script type="Zinh">Arvt Schriftweert</script>
			<script type="Zmth">Mathemaatsch Teken</script>
			<script type="Zsym">Symbolen</script>
			<script type="Zxxx">Schriftlose Spraken</script>
			<script type="Zyyy">Unbestimmt</script>
			<script type="Zzzz">Unbekannt oder Unkodeert</script>
		</scripts>
		<territories>
			<territory type="001">Welt</territory>
			<territory type="002">Afrika</territory>
			<territory type="003">Noordamerika</territory>
			<territory type="005">Süüdamerika</territory>
			<territory type="009">Ozeanien</territory>
			<territory type="011">Westafrika</territory>
			<territory type="013">Middelamerika</territory>
			<territory type="014">Oostafrika</territory>
			<territory type="015">Noordafrika</territory>
			<territory type="017">Zentralafrika</territory>
			<territory type="018">Süüdlich Afrika</territory>
			<territory type="019">Amerika</territory>
			<territory type="029">Karibik</territory>
			<territory type="030">Oostasien</territory>
			<territory type="034">Süüdasien</territory>
			<territory type="035">Süüdoostasien</territory>
			<territory type="039">Süüdeuropa</territory>
			<territory type="053">Australien un Neeseeland</territory>
			<territory type="054">Melanesien</territory>
			<territory type="061">Polynesien</territory>
			<territory type="062">Süüd-Zentralasien</territory>
			<territory type="142">Asien</territory>
			<territory type="143">Zentralasien</territory>
			<territory type="145">Westasien</territory>
			<territory type="150">Europa</territory>
			<territory type="151">Oosteuropa</territory>
			<territory type="154">Noordeuropa</territory>
			<territory type="155">Westeuropa</territory>
			<territory type="172">Gemeenschop vun Unafhängige Staten</territory>
			<territory type="419">Latienamerika un Karibik</territory>
			<territory type="AD">Andorra</territory>
			<territory type="AE">Vereenigte Araabsche Emiraten</territory>
			<territory type="AF">Afghanistan</territory>
			<territory type="AG">Antigua un Barbuda</territory>
			<territory type="AI">Anguilla</territory>
			<territory type="AL">Albanien</territory>
			<territory type="AM">Armenien</territory>
			<territory type="AN">Nedderlandsche Antillen</territory>
			<territory type="AO">Angola</territory>
			<territory type="AQ">Antarktis</territory>
			<territory type="AR">Argentinien</territory>
			<territory type="AS">Amerikaansch-Samoa</territory>
			<territory type="AT">Öösterriek</territory>
			<territory type="AU">Australien</territory>
			<territory type="AW">Aruba</territory>
			<territory type="AX">Ålandeilannen</territory>
			<territory type="AZ">Aserbaidschan</territory>
			<territory type="BA">Bosnien un Herzegowina</territory>
			<territory type="BB">Barbados</territory>
			<territory type="BD">Bangladesch</territory>
			<territory type="BE">Belgien</territory>
			<territory type="BF">Burkina Faso</territory>
			<territory type="BG">Bulgarien</territory>
			<territory type="BH">Bahrain</territory>
			<territory type="BI">Burundi</territory>
			<territory type="BJ">Benin</territory>
			<territory type="BL">Saint Barthélemy</territory>
			<territory type="BM">Bermuda</territory>
			<territory type="BN">Brunei Darussalam</territory>
			<territory type="BO">Bolivien</territory>
			<territory type="BR">Brasilien</territory>
			<territory type="BS">Bahamas</territory>
			<territory type="BT">Bhutan</territory>
			<territory type="BV">Bouvet-Eiland</territory>
			<territory type="BW">Botswana</territory>
			<territory type="BY">Wittrussland</territory>
			<territory type="BZ">Belize</territory>
			<territory type="CA">Kanada</territory>
			<territory type="CC">Kokos-Eilannen</territory>
			<territory type="CD">Demokraatsche Republik Kongo</territory>
			<territory type="CF">Zentralafrikaansche Republik</territory>
			<territory type="CG">Republik Kongo</territory>
			<territory type="CH">Swiez</territory>
			<territory type="CI">Elfenbeenküst</territory>
			<territory type="CK">Cook-Eilannen</territory>
			<territory type="CL">Chile</territory>
			<territory type="CM">Kamerun</territory>
			<territory type="CN">China</territory>
			<territory type="CO">Kolumbien</territory>
			<territory type="CR">Costa Rica</territory>
			<territory type="CU">Kuba</territory>
			<territory type="CV">Kap Verde</territory>
			<territory type="CX">Wiehnachtseiland</territory>
			<territory type="CY">Zypern</territory>
			<territory type="CZ">Tschechien</territory>
			<territory type="DE">Düütschland</territory>
			<territory type="DJ">Dschibuti</territory>
			<territory type="DK">Däänmark</territory>
			<territory type="DM">Dominica</territory>
			<territory type="DO">Dominikaansche Republik</territory>
			<territory type="DZ">Algerien</territory>
			<territory type="EC">Ecuador</territory>
			<territory type="EE">Eestland</territory>
			<territory type="EG">Ägypten</territory>
			<territory type="EH">Westsahara</territory>
			<territory type="ER">Eritrea</territory>
			<territory type="ES">Spanien</territory>
			<territory type="ET">Äthiopien</territory>
			<territory type="EU">Europääsche Union</territory>
			<territory type="FI">Finnland</territory>
			<territory type="FJ">Fidschi</territory>
			<territory type="FK">Falkland-Eilannen</territory>
			<territory type="FM">Mikronesien</territory>
			<territory type="FO">Färöer</territory>
			<territory type="FR">Frankriek</territory>
			<territory type="GA">Gabun</territory>
			<territory type="GB">Vereenigt Königriek</territory>
			<territory type="GD">Grenada</territory>
			<territory type="GE">Georgien</territory>
			<territory type="GF">Franzöösch-Guayana</territory>
			<territory type="GG">Guernsey</territory>
			<territory type="GH">Ghana</territory>
			<territory type="GI">Gibraltar</territory>
			<territory type="GL">Gröönland</territory>
			<territory type="GM">Gambia</territory>
			<territory type="GN">Guinea</territory>
			<territory type="GP">Guadeloupe</territory>
			<territory type="GQ">Äquatorialguinea</territory>
			<territory type="GR">Grekenland</territory>
			<territory type="GS">Süüdgeorgien un de Südlichen Sandwich-Eilannen</territory>
			<territory type="GT">Guatemala</territory>
			<territory type="GU">Guam</territory>
			<territory type="GW">Guinea-Bissau</territory>
			<territory type="GY">Guyana</territory>
			<territory type="HK">Sünnerverwaltensrebeed Hongkong</territory>
			<territory type="HK" alt="short">Hongkong</territory>
			<territory type="HM">Heard- un McDonald-Eilannen</territory>
			<territory type="HN">Honduras</territory>
			<territory type="HR">Kroatien</territory>
			<territory type="HT">Haiti</territory>
			<territory type="HU">Ungarn</territory>
			<territory type="ID">Indonesien</territory>
			<territory type="IE">Irland</territory>
			<territory type="IL">Israel</territory>
			<territory type="IM">Insel Man</territory>
			<territory type="IN">Indien</territory>
			<territory type="IO">Britisch Rebeed in’n Indischen Ozean</territory>
			<territory type="IQ">Irak</territory>
			<territory type="IR">Iran</territory>
			<territory type="IS">Iesland</territory>
			<territory type="IT">Italien</territory>
			<territory type="JE">Jersey</territory>
			<territory type="JM">Jamaika</territory>
			<territory type="JO">Jordanien</territory>
			<territory type="JP">Japan</territory>
			<territory type="KE">Kenia</territory>
			<territory type="KG">Kirgisistan</territory>
			<territory type="KH">Kambodscha</territory>
			<territory type="KI">Kiribati</territory>
			<territory type="KM">Komoren</territory>
			<territory type="KN">St. Kitts un Nevis</territory>
			<territory type="KP">Noordkorea</territory>
			<territory type="KR">Süüdkorea</territory>
			<territory type="KW">Kuwait</territory>
			<territory type="KY">Kaiman-Eilannen</territory>
			<territory type="KZ">Kasachstan</territory>
			<territory type="LA">Laos</territory>
			<territory type="LB">Libanon</territory>
			<territory type="LC">St. Lucia</territory>
			<territory type="LI">Liechtensteen</territory>
			<territory type="LK">Sri Lanka</territory>
			<territory type="LR">Liberia</territory>
			<territory type="LS">Lesotho</territory>
			<territory type="LT">Litauen</territory>
			<territory type="LU">Luxemborg</territory>
			<territory type="LV">Lettland</territory>
			<territory type="LY">Libyen</territory>
			<territory type="MA">Marokko</territory>
			<territory type="MC">Monaco</territory>
			<territory type="MD">Moldawien</territory>
			<territory type="ME">Montenegro</territory>
			<territory type="MF">Saint Martin</territory>
			<territory type="MG">Madagaskar</territory>
			<territory type="MH">Marshall-Eilannen</territory>
			<territory type="MK">Makedonien</territory>
			<territory type="ML">Mali</territory>
			<territory type="MM">Birma</territory>
			<territory type="MN">Mongolei</territory>
			<territory type="MO">Sünnerverwaltensrebeed Macao</territory>
			<territory type="MO" alt="short">Macao</territory>
			<territory type="MP">Nöördliche Marianen</territory>
			<territory type="MQ">Martinique</territory>
			<territory type="MR">Mauretanien</territory>
			<territory type="MS">Montserrat</territory>
			<territory type="MT">Malta</territory>
			<territory type="MU">Mauritius</territory>
			<territory type="MV">Malediven</territory>
			<territory type="MW">Malawi</territory>
			<territory type="MX">Mexiko</territory>
			<territory type="MY">Malaysia</territory>
			<territory type="MZ">Mosambik</territory>
			<territory type="NA">Namibia</territory>
			<territory type="NC">Neekaledonien</territory>
			<territory type="NE">Niger</territory>
			<territory type="NF">Norfolk</territory>
			<territory type="NG">Nigeria</territory>
			<territory type="NI">Nikaragua</territory>
			<territory type="NL">Nedderlannen</territory>
			<territory type="NO">Norwegen</territory>
			<territory type="NP">Nepal</territory>
			<territory type="NR">Nauru</territory>
			<territory type="NU">Niue</territory>
			<territory type="NZ">Neeseeland</territory>
			<territory type="OM">Oman</territory>
			<territory type="PA">Panama</territory>
			<territory type="PE">Peru</territory>
			<territory type="PF">Franzöösch-Polynesien</territory>
			<territory type="PG">Papua-Neeguinea</territory>
			<territory type="PH">Philippinen</territory>
			<territory type="PK">Pakistan</territory>
			<territory type="PL">Polen</territory>
			<territory type="PM">St. Pierre un Miquelon</territory>
			<territory type="PN">Pitcairn</territory>
			<territory type="PR">Puerto Rico</territory>
			<territory type="PS">Palästinensische Rebeden</territory>
			<territory type="PT">Portugal</territory>
			<territory type="PW">Palau</territory>
			<territory type="PY">Paraguay</territory>
			<territory type="QA">Katar</territory>
			<territory type="QO">Büter Ozeanien</territory>
			<territory type="RE">Reunion</territory>
			<territory type="RO">Rumänien</territory>
			<territory type="RS">Serbien</territory>
			<territory type="RU">Russland</territory>
			<territory type="RW">Ruanda</territory>
			<territory type="SA">Saudi-Arabien</territory>
			<territory type="SB">Salomonen</territory>
			<territory type="SC">Seychellen</territory>
			<territory type="SD">Sudan</territory>
			<territory type="SE">Sweden</territory>
			<territory type="SG">Singapur</territory>
			<territory type="SH">St. Helena</territory>
			<territory type="SI">Slowenien</territory>
			<territory type="SJ">Svalbard un Jan Mayen</territory>
			<territory type="SK">Slowakei</territory>
			<territory type="SL">Sierra Leone</territory>
			<territory type="SM">San Marino</territory>
			<territory type="SN">Senegal</territory>
			<territory type="SO">Somalia</territory>
			<territory type="SR">Surinam</territory>
			<territory type="ST">São Tomé un Príncipe</territory>
			<territory type="SV">El Salvador</territory>
			<territory type="SY">Syrien</territory>
			<territory type="SZ">Swasiland</territory>
			<territory type="TC">Turks- un Caicosinseln</territory>
			<territory type="TD">Tschad</territory>
			<territory type="TF">Franzöösche Süüd- un Antarktisrebeden</territory>
			<territory type="TG">Togo</territory>
			<territory type="TH">Thailand</territory>
			<territory type="TJ">Tadschikistan</territory>
			<territory type="TK">Tokelau</territory>
			<territory type="TL">Oosttimor</territory>
			<territory type="TM">Turkmenistan</territory>
			<territory type="TN">Tunesien</territory>
			<territory type="TO">Tonga</territory>
			<territory type="TR">Törkie</territory>
			<territory type="TT">Trinidad un Tobago</territory>
			<territory type="TV">Tuvalu</territory>
			<territory type="TW">Taiwan</territory>
			<territory type="TZ">Tansania</territory>
			<territory type="UA">Ukraine</territory>
			<territory type="UG">Uganda</territory>
			<territory type="UM">Amerikaansch-Ozeanien</territory>
			<territory type="US">USA</territory>
			<territory type="UY">Uruguay</territory>
			<territory type="UZ">Usbekistan</territory>
			<territory type="VA">Vatikan</territory>
			<territory type="VC">St. Vincent un de Grenadinen</territory>
			<territory type="VE">Venezuela</territory>
			<territory type="VG">Brietsche Jumfern-Eilannen</territory>
			<territory type="VI">Amerikaansche Jumfern-Eilannen</territory>
			<territory type="VN">Vietnam</territory>
			<territory type="VU">Vanuatu</territory>
			<territory type="WF">Wallis un Futuna</territory>
			<territory type="WS">Samoa</territory>
			<territory type="YE">Jemen</territory>
			<territory type="YT">Mayotte</territory>
			<territory type="ZA">Süüdafrika</territory>
			<territory type="ZM">Sambia</territory>
			<territory type="ZW">Simbabwe</territory>
			<territory type="ZZ">Unbekannte oder ungüllige Region</territory>
		</territories>
		<variants>
			<variant type="1901">Ole düütsche Rechtschrievung</variant>
			<variant type="1994">Standardiseert Resiaansch Rechtschrievung</variant>
			<variant type="1996">Ne’e düütsche Rechtschrievung</variant>
			<variant type="1606NICT">Laat Middelfranzöösch bet 1606</variant>
			<variant type="1694ACAD">Fröh Neefranzöösch</variant>
			<variant type="AREVELA">Oostarmeensch</variant>
			<variant type="AREVMDA">Westarmeensch</variant>
			<variant type="BAKU1926">Vereenheitlicht Törksch Latienalphabet</variant>
			<variant type="BISKE">San Giorgio-/Bila-Dialekt</variant>
			<variant type="BOONT">Boontling</variant>
			<variant type="FONIPA">Phoneetsch (IPA)</variant>
			<variant type="FONUPA">Phoneetsch (UPA)</variant>
			<variant type="LIPAW">Lipovaz-Dialekt vun dat Resiaansche</variant>
			<variant type="MONOTON">Monotoonsch</variant>
			<variant type="NEDIS">Natisone-Dialekt</variant>
			<variant type="NJIVA">Gniva-/Njiva-Dialekt</variant>
			<variant type="OSOJS">Oseacco-/Osojane-Dialekt</variant>
			<variant type="POLYTON">Polytoonsch</variant>
			<variant type="POSIX">Computer</variant>
			<variant type="REVISED">Överarbeidt Rechtschrievung</variant>
			<variant type="ROZAJ">Resiaansch</variant>
			<variant type="SAAHO">Saho</variant>
			<variant type="SCOTLAND">Schottsch Standard-Engelsch</variant>
			<variant type="SCOUSE">Scouse</variant>
			<variant type="SOLBA">Stolvizza-/Solbica-Dialekt</variant>
			<variant type="TARASK">Taraskievica-Rechtschrievung</variant>
			<variant type="VALENCIA">Valenziaansch</variant>
		</variants>
		<keys>
			<key type="calendar">Klenner</key>
			<key type="collation">Bookstaven-Folgreeg</key>
			<key type="currency">Geldteken</key>
		</keys>
		<types>
			<type type="big5han" key="collation">Traditschonell Chineesch Sorteerregeln - Big5</type>
			<type type="buddhist" key="calendar">Buddhistisch Klenner</type>
			<type type="chinese" key="calendar">Chineesch Klenner</type>
			<type type="direct" key="collation">Direkte Sorteerregeln</type>
			<type type="gb2312han" key="collation">Vereenfacht Chineesch Sorteerregeln - GB2312</type>
			<type type="gregorian" key="calendar">Gregoriaansch Klenner</type>
			<type type="hebrew" key="calendar">Hebrääsch Klenner</type>
			<type type="indian" key="calendar">Indsch Nationalklenner</type>
			<type type="islamic" key="calendar">Islaamsch Klenner</type>
			<type type="islamic-civil" key="calendar">Islaamsch Zivilklenner</type>
			<type type="japanese" key="calendar">Japaansch Klenner</type>
			<type type="phonebook" key="collation">Telefonbook-Sorteerregeln</type>
			<type type="pinyin" key="collation">Pinyin-Sorteerregeln</type>
			<type type="roc" key="calendar">Klenner vun de Republik China</type>
			<type type="stroke" key="collation">Streekfolg</type>
			<type type="traditional" key="collation">Traditschonelle Sorteerregeln</type>
		</types>
		<measurementSystemNames>
			<measurementSystemName type="metric">Metrisch</measurementSystemName>
			<measurementSystemName type="US">US-amerikaansch</measurementSystemName>
		</measurementSystemNames>
		<codePatterns>
			<codePattern type="language">Spraak: {0}</codePattern>
			<codePattern type="script">Schrift: {0}</codePattern>
			<codePattern type="territory">Region: {0}</codePattern>
		</codePatterns>
	</localeDisplayNames>
	<characters>
		<exemplarCharacters>[a å ä b c d e f g h i j k l m n o ö p q r s t u ü v w x y z]</exemplarCharacters>
		<exemplarCharacters type="auxiliary">[á à ă â ā æ ç é è ĕ ê ë ę ē í ì ĭ î ï ī ñ ó ò ŏ ô ø ō œ ú ù ŭ û ū ÿ]</exemplarCharacters>
		<exemplarCharacters type="index">[A B C D E F G H I J K L M N O P Q R S ẞ T U V W X Y Z]</exemplarCharacters>
	</characters>
	<delimiters>
		<quotationStart>„</quotationStart>
		<quotationEnd>“</quotationEnd>
		<alternateQuotationStart>‚</alternateQuotationStart>
		<alternateQuotationEnd>‘</alternateQuotationEnd>
	</delimiters>
	<dates>
		<timeZoneNames>
			<fallbackFormat>{1} ({0})</fallbackFormat>
			<zone type="Etc/Unknown">
				<exemplarCity>Unbekannt</exemplarCity>
			</zone>
			<zone type="Antarctica/South_Pole">
				<exemplarCity>Süüdpool</exemplarCity>
			</zone>
			<zone type="Antarctica/Vostok">
				<exemplarCity>Wostok</exemplarCity>
			</zone>
			<zone type="Antarctica/DumontDUrville">
				<exemplarCity>Dumont d’Urville</exemplarCity>
			</zone>
			<zone type="Atlantic/Canary">
				<exemplarCity>Kanaren</exemplarCity>
			</zone>
			<zone type="Asia/Ulaanbaatar">
				<exemplarCity>Ulanbator</exemplarCity>
			</zone>
			<zone type="America/Mexico_City">
				<exemplarCity>Mexiko-Stadt</exemplarCity>
			</zone>
			<zone type="Atlantic/Azores">
				<exemplarCity>Azoren</exemplarCity>
			</zone>
			<zone type="Europe/Moscow">
				<exemplarCity>Moskau</exemplarCity>
			</zone>
			<zone type="Europe/Volgograd">
				<exemplarCity>Wolgograd</exemplarCity>
			</zone>
			<zone type="Asia/Yekaterinburg">
				<exemplarCity>Jekaterinborg</exemplarCity>
			</zone>
			<zone type="Asia/Novosibirsk">
				<exemplarCity>Nowosibirsk</exemplarCity>
			</zone>
			<zone type="Asia/Krasnoyarsk">
				<exemplarCity>Krasnojarsk</exemplarCity>
			</zone>
			<zone type="Asia/Yakutsk">
				<exemplarCity>Jakutsk</exemplarCity>
			</zone>
			<zone type="Asia/Vladivostok">
				<exemplarCity>Wladiwostok</exemplarCity>
			</zone>
			<zone type="Asia/Sakhalin">
				<exemplarCity>Sachalin</exemplarCity>
			</zone>
			<zone type="Asia/Kamchatka">
				<exemplarCity>Kamschatka</exemplarCity>
			</zone>
			<zone type="Europe/Uzhgorod">
				<exemplarCity>Uschgorod</exemplarCity>
			</zone>
			<zone type="Europe/Zaporozhye">
				<exemplarCity>Saporoschje</exemplarCity>
			</zone>
			<zone type="America/North_Dakota/New_Salem">
				<exemplarCity>New Salem, Noord-Dakota</exemplarCity>
			</zone>
			<zone type="America/North_Dakota/Center">
				<exemplarCity>Center, Noord-Dakota</exemplarCity>
			</zone>
		</timeZoneNames>
	</dates>
	<numbers>
		<symbols>
			<decimal>,</decimal>
			<group>.</group>
			<list>;</list>
			<percentSign>%</percentSign>
			<nativeZeroDigit>0</nativeZeroDigit>
			<patternDigit>#</patternDigit>
			<plusSign>+</plusSign>
			<minusSign>-</minusSign>
			<exponential>E</exponential>
			<perMille>‰</perMille>
			<infinity>∞</infinity>
			<nan>NaN</nan>
		</symbols>
		<decimalFormats>
			<decimalFormatLength>
				<decimalFormat>
					<pattern>#,##0.###</pattern>
				</decimalFormat>
			</decimalFormatLength>
		</decimalFormats>
		<scientificFormats>
			<scientificFormatLength>
				<scientificFormat>
					<pattern>#E0</pattern>
				</scientificFormat>
			</scientificFormatLength>
		</scientificFormats>
		<percentFormats>
			<percentFormatLength>
				<percentFormat>
					<pattern>#,##0 %</pattern>
				</percentFormat>
			</percentFormatLength>
		</percentFormats>
		<currencyFormats>
			<currencyFormatLength>
				<currencyFormat>
					<pattern>#,##0.00 ¤</pattern>
				</currencyFormat>
			</currencyFormatLength>
			<unitPattern count="other">{0} {1}</unitPattern>
		</currencyFormats>
	</numbers>
	<units>
		<unit type="day">
			<unitPattern count="other">{0} Daag</unitPattern>
		</unit>
		<unit type="hour">
			<unitPattern count="other">{0} Stünnen</unitPattern>
		</unit>
		<unit type="minute">
			<unitPattern count="other">{0} Minuten</unitPattern>
		</unit>
		<unit type="month">
			<unitPattern count="other">{0} Maanden</unitPattern>
		</unit>
		<unit type="second">
			<unitPattern count="other">{0} Sekunnen</unitPattern>
		</unit>
		<unit type="week">
			<unitPattern count="other">{0} Weken</unitPattern>
		</unit>
		<unit type="year">
			<unitPattern count="other">{0} Johren</unitPattern>
		</unit>
	</units>
	<posix>
		<messages>
			<yesstr>jo:j</yesstr>
			<nostr>nee:n</nostr>
		</messages>
	</posix>
</ldml>

