<?xml version="1.0" encoding="UTF-8"?>
<package xmlns="http://pear.php.net/dtd/package-2.1" xmlns:tasks="http://pear.php.net/dtd/tasks-1.0" xmlns:xsi="http://www.w3.org/2001/XMLSchema-instance" version="2.1" xsi:schemaLocation="http://pear.php.net/dtd/tasks-1.0     http://pear.php.net/dtd/tasks-1.0.xsd     http://pear.php.net/dtd/package-2.1     http://pear.php.net/dtd/package-2.1.xsd" packagerversion="2.0.0">
 <name>Zend_Code</name>
 <channel>packages.zendframework.com</channel>
 <summary>Package Zend_Code summary.\n\n&quot; . &quot;Package detailed description here (found in README)</summary>
 <description/>
 <lead>
  <name>Your Name</name>
  <user>handle</user>
  <email>handle@php.net</email>
  <active>yes</active>
 </lead>
 <date>2012-08-09</date>
 <time>11:53:29</time>
 <version>
  <release>2.0.0rc3</release>
  <api>2.0.0rc3</api>
 </version>
 <stability>
  <release>stable</release>
  <api>stable</api>
 </stability>
 <license uri="http://www.opensource.org/licenses/bsd-license.php">New BSD License</license>
 <notes>Package  Zend_Code release notes for version 0.1.0.

Package Zend_Code API release notes for version 0.1.0.</notes>
 <contents>
  <dir name="/">
   <file role="php" name="php/Zend/Code/Scanner/VariableScanner.php"/>
   <file role="php" name="php/Zend/Code/Scanner/ValueScanner.php"/>
   <file role="php" name="php/Zend/Code/Scanner/Util.php"/>
   <file role="php" name="php/Zend/Code/Scanner/TokenArrayScanner.php"/>
   <file role="php" name="php/Zend/Code/Scanner/ScannerInterface.php"/>
   <file role="php" name="php/Zend/Code/Scanner/PropertyScanner.php"/>
   <file role="php" name="php/Zend/Code/Scanner/ParameterScanner.php"/>
   <file role="php" name="php/Zend/Code/Scanner/MethodScanner.php"/>
   <file role="php" name="php/Zend/Code/Scanner/FunctionScanner.php"/>
   <file role="php" name="php/Zend/Code/Scanner/FileScanner.php"/>
   <file role="php" name="php/Zend/Code/Scanner/DocBlockScanner.php"/>
   <file role="php" name="php/Zend/Code/Scanner/DirectoryScanner.php"/>
   <file role="php" name="php/Zend/Code/Scanner/DerivedClassScanner.php"/>
   <file role="php" name="php/Zend/Code/Scanner/ClassScanner.php"/>
   <file role="php" name="php/Zend/Code/Scanner/CachingFileScanner.php"/>
   <file role="php" name="php/Zend/Code/Scanner/AnnotationScanner.php"/>
   <file role="php" name="php/Zend/Code/Scanner/AggregateDirectoryScanner.php"/>
   <file role="php" name="php/Zend/Code/Reflection/ReflectionInterface.php"/>
   <file role="php" name="php/Zend/Code/Reflection/PropertyReflection.php"/>
   <file role="php" name="php/Zend/Code/Reflection/ParameterReflection.php"/>
   <file role="php" name="php/Zend/Code/Reflection/MethodReflection.php"/>
   <file role="php" name="php/Zend/Code/Reflection/FunctionReflection.php"/>
   <file role="php" name="php/Zend/Code/Reflection/FileReflection.php"/>
   <file role="php" name="php/Zend/Code/Reflection/Exception/RuntimeException.php"/>
   <file role="php" name="php/Zend/Code/Reflection/Exception/InvalidArgumentException.php"/>
   <file role="php" name="php/Zend/Code/Reflection/Exception/ExceptionInterface.php"/>
   <file role="php" name="php/Zend/Code/Reflection/Exception/BadMethodCallException.php"/>
   <file role="php" name="php/Zend/Code/Reflection/DocBlockReflection.php"/>
   <file role="php" name="php/Zend/Code/Reflection/DocBlock/TagManager.php"/>
   <file role="php" name="php/Zend/Code/Reflection/DocBlock/Tag/TagInterface.php"/>
   <file role="php" name="php/Zend/Code/Reflection/DocBlock/Tag/ReturnTag.php"/>
   <file role="php" name="php/Zend/Code/Reflection/DocBlock/Tag/PropertyTag.php"/>
   <file role="php" name="php/Zend/Code/Reflection/DocBlock/Tag/ParamTag.php"/>
   <file role="php" name="php/Zend/Code/Reflection/DocBlock/Tag/MethodTag.php"/>
   <file role="php" name="php/Zend/Code/Reflection/DocBlock/Tag/GenericTag.php"/>
   <file role="php" name="php/Zend/Code/Reflection/ClassReflection.php"/>
   <file role="php" name="php/Zend/Code/NameInformation.php"/>
   <file role="php" name="php/Zend/Code/Generator/ValueGenerator.php"/>
   <file role="php" name="php/Zend/Code/Generator/PropertyValueGenerator.php"/>
   <file role="php" name="php/Zend/Code/Generator/PropertyGenerator.php"/>
   <file role="php" name="php/Zend/Code/Generator/ParameterGenerator.php"/>
   <file role="php" name="php/Zend/Code/Generator/MethodGenerator.php"/>
   <file role="php" name="php/Zend/Code/Generator/GeneratorInterface.php"/>
   <file role="php" name="php/Zend/Code/Generator/FileGeneratorRegistry.php"/>
   <file role="php" name="php/Zend/Code/Generator/FileGenerator.php"/>
   <file role="php" name="php/Zend/Code/Generator/Exception/RuntimeException.php"/>
   <file role="php" name="php/Zend/Code/Generator/Exception/InvalidArgumentException.php"/>
   <file role="php" name="php/Zend/Code/Generator/Exception/ExceptionInterface.php"/>
   <file role="php" name="php/Zend/Code/Generator/DocBlockGenerator.php"/>
   <file role="php" name="php/Zend/Code/Generator/DocBlock/Tag/ReturnTag.php"/>
   <file role="php" name="php/Zend/Code/Generator/DocBlock/Tag/ParamTag.php"/>
   <file role="php" name="php/Zend/Code/Generator/DocBlock/Tag/LicenseTag.php"/>
   <file role="php" name="php/Zend/Code/Generator/DocBlock/Tag.php"/>
   <file role="php" name="php/Zend/Code/Generator/ClassGenerator.php"/>
   <file role="php" name="php/Zend/Code/Generator/BodyGenerator.php"/>
   <file role="php" name="php/Zend/Code/Generator/AbstractMemberGenerator.php"/>
   <file role="php" name="php/Zend/Code/Generator/AbstractGenerator.php"/>
   <file role="php" name="php/Zend/Code/Exception/RuntimeException.php"/>
   <file role="php" name="php/Zend/Code/Exception/InvalidArgumentException.php"/>
   <file role="php" name="php/Zend/Code/Exception/ExceptionInterface.php"/>
   <file role="php" name="php/Zend/Code/Exception/BadMethodCallException.php"/>
   <file role="php" name="php/Zend/Code/composer.json"/>
   <file role="php" name="php/Zend/Code/Annotation/Parser/ParserInterface.php"/>
   <file role="php" name="php/Zend/Code/Annotation/Parser/GenericAnnotationParser.php"/>
   <file role="php" name="php/Zend/Code/Annotation/Parser/DoctrineAnnotationParser.php"/>
   <file role="php" name="php/Zend/Code/Annotation/AnnotationManager.php"/>
   <file role="php" name="php/Zend/Code/Annotation/AnnotationInterface.php"/>
   <file role="php" name="php/Zend/Code/Annotation/AnnotationCollection.php"/>
  </dir>
 </contents>
 <dependencies>
  <required>
   <php>
    <min>5.2.0</min>
   </php>
   <pearinstaller>
    <min>2.0.0a1</min>
   </pearinstaller>
  </required>
 </dependencies>
 <phprelease/>
</package>
