<?xml version="1.0" encoding="UTF-8"?>
<package xmlns="http://pear.php.net/dtd/package-2.1" xmlns:tasks="http://pear.php.net/dtd/tasks-1.0" xmlns:xsi="http://www.w3.org/2001/XMLSchema-instance" version="2.1" xsi:schemaLocation="http://pear.php.net/dtd/tasks-1.0     http://pear.php.net/dtd/tasks-1.0.xsd     http://pear.php.net/dtd/package-2.1     http://pear.php.net/dtd/package-2.1.xsd" packagerversion="2.0.0a3">
 <name>Zend_Captcha</name>
 <channel>packages.zendframework.com</channel>
 <summary>Package Zend_Captcha summary.
</summary>
 <description>
Package detailed description here (found in README)</description>
 <lead>
  <name>Your Name</name>
  <user>handle</user>
  <email>handle@php.net</email>
  <active>yes</active>
 </lead>
 <date>2011-10-25</date>
 <time>19:50:10</time>
 <version>
  <release>2.0.0beta1</release>
  <api>2.0.0beta1</api>
 </version>
 <stability>
  <release>beta</release>
  <api>beta</api>
 </stability>
 <license uri="http://www.opensource.org/licenses/bsd-license.php">New BSD License</license>
 <notes>Package Zend_Captcha release notes for version 0.1.0.

Package Zend_Captcha API release notes for version 0.1.0.</notes>
 <contents>
  <dir name="/">
   <file role="php" name="php/Zend/Captcha/Word.php"/>
   <file role="php" name="php/Zend/Captcha/ReCaptcha.php"/>
   <file role="php" name="php/Zend/Captcha/Image.php"/>
   <file role="php" name="php/Zend/Captcha/Figlet.php"/>
   <file role="php" name="php/Zend/Captcha/Exception/NoFontProvidedException.php"/>
   <file role="php" name="php/Zend/Captcha/Exception/ImageNotLoadableException.php"/>
   <file role="php" name="php/Zend/Captcha/Exception/ExtensionNotLoadedException.php"/>
   <file role="php" name="php/Zend/Captcha/Exception.php"/>
   <file role="php" name="php/Zend/Captcha/Dumb.php"/>
   <file role="php" name="php/Zend/Captcha/Adapter.php"/>
   <file role="php" name="php/Zend/Captcha/AbstractAdapter.php"/>
  </dir>
 </contents>
 <dependencies>
  <required>
   <php>
    <min>5.2.0</min>
   </php>
   <pearinstaller>
    <min>2.0.0a1</min>
   </pearinstaller>
  </required>
 </dependencies>
 <phprelease/>
</package>
