<?xml version="1.0" encoding="UTF-8"?>
<package xmlns="http://pear.php.net/dtd/package-2.1" xmlns:tasks="http://pear.php.net/dtd/tasks-1.0" xmlns:xsi="http://www.w3.org/2001/XMLSchema-instance" version="2.1" xsi:schemaLocation="http://pear.php.net/dtd/tasks-1.0     http://pear.php.net/dtd/tasks-1.0.xsd     http://pear.php.net/dtd/package-2.1     http://pear.php.net/dtd/package-2.1.xsd" packagerversion="2.0.0">
 <name>Zend_File</name>
 <channel>packages.zendframework.com</channel>
 <summary>Package Zend_File summary.\n\n&quot; . &quot;Package detailed description here (found in README)</summary>
 <description/>
 <lead>
  <name>Your Name</name>
  <user>handle</user>
  <email>handle@php.net</email>
  <active>yes</active>
 </lead>
 <date>2013-01-29</date>
 <time>17:56:41</time>
 <version>
  <release>2.1.0</release>
  <api>2.1.0</api>
 </version>
 <stability>
  <release>stable</release>
  <api>stable</api>
 </stability>
 <license uri="http://www.opensource.org/licenses/bsd-license.php">New BSD License</license>
 <notes>Package  Zend_File release notes for version 0.1.0.

Package Zend_File API release notes for version 0.1.0.</notes>
 <contents>
  <dir name="/">
   <file role="php" name="php/Zend/File/Transfer/Transfer.php"/>
   <file role="php" name="php/Zend/File/Transfer/Exception/RuntimeException.php"/>
   <file role="php" name="php/Zend/File/Transfer/Exception/PhpEnvironmentException.php"/>
   <file role="php" name="php/Zend/File/Transfer/Exception/InvalidArgumentException.php"/>
   <file role="php" name="php/Zend/File/Transfer/Exception/ExceptionInterface.php"/>
   <file role="php" name="php/Zend/File/Transfer/Exception/BadMethodCallException.php"/>
   <file role="php" name="php/Zend/File/Transfer/Adapter/ValidatorPluginManager.php"/>
   <file role="php" name="php/Zend/File/Transfer/Adapter/Http.php"/>
   <file role="php" name="php/Zend/File/Transfer/Adapter/FilterPluginManager.php"/>
   <file role="php" name="php/Zend/File/Transfer/Adapter/AbstractAdapter.php"/>
   <file role="php" name="php/Zend/File/PhpClassFile.php"/>
   <file role="php" name="php/Zend/File/Exception/RuntimeException.php"/>
   <file role="php" name="php/Zend/File/Exception/InvalidArgumentException.php"/>
   <file role="php" name="php/Zend/File/Exception/ExceptionInterface.php"/>
   <file role="php" name="php/Zend/File/Exception/BadMethodCallException.php"/>
   <file role="php" name="php/Zend/File/composer.json"/>
   <file role="php" name="php/Zend/File/ClassFileLocator.php"/>
  </dir>
 </contents>
 <dependencies>
  <required>
   <php>
    <min>5.2.0</min>
   </php>
   <pearinstaller>
    <min>2.0.0a1</min>
   </pearinstaller>
   <package>
    <name>Zend_Stdlib</name>
    <channel>packages.zendframework.com</channel>
   </package>
  </required>
 </dependencies>
 <phprelease/>
</package>
