<?xml version="1.0" encoding="UTF-8"?>
<package xmlns="http://pear.php.net/dtd/package-2.1" xmlns:tasks="http://pear.php.net/dtd/tasks-1.0" xmlns:xsi="http://www.w3.org/2001/XMLSchema-instance" version="2.1" xsi:schemaLocation="http://pear.php.net/dtd/tasks-1.0     http://pear.php.net/dtd/tasks-1.0.xsd     http://pear.php.net/dtd/package-2.1     http://pear.php.net/dtd/package-2.1.xsd" packagerversion="2.0.0">
 <name>Zend_Markup</name>
 <channel>packages.zendframework.com</channel>
 <summary>Package Zend_Markup summary.\n\n&quot; . &quot;Package detailed description here (found in README)</summary>
 <description/>
 <lead>
  <name>Your Name</name>
  <user>handle</user>
  <email>handle@php.net</email>
  <active>yes</active>
 </lead>
 <date>2012-07-06</date>
 <time>20:24:50</time>
 <version>
  <release>2.0.0beta5</release>
  <api>2.0.0beta5</api>
 </version>
 <stability>
  <release>beta</release>
  <api>beta</api>
 </stability>
 <license uri="http://www.opensource.org/licenses/bsd-license.php">New BSD License</license>
 <notes>Package  Zend_Markup release notes for version 0.1.0.

Package Zend_Markup API release notes for version 0.1.0.</notes>
 <contents>
  <dir name="/">
   <file role="php" name="php/Zend/Markup/TokenList.php"/>
   <file role="php" name="php/Zend/Markup/Token.php"/>
   <file role="php" name="php/Zend/Markup/RendererPluginManager.php"/>
   <file role="php" name="php/Zend/Markup/Renderer/Markup/Replace.php"/>
   <file role="php" name="php/Zend/Markup/Renderer/Markup/MarkupInterface.php"/>
   <file role="php" name="php/Zend/Markup/Renderer/Markup/Html/Url.php"/>
   <file role="php" name="php/Zend/Markup/Renderer/Markup/Html/Root.php"/>
   <file role="php" name="php/Zend/Markup/Renderer/Markup/Html/Replace.php"/>
   <file role="php" name="php/Zend/Markup/Renderer/Markup/Html/ListItem.php"/>
   <file role="php" name="php/Zend/Markup/Renderer/Markup/Html/Img.php"/>
   <file role="php" name="php/Zend/Markup/Renderer/Markup/Html/Code.php"/>
   <file role="php" name="php/Zend/Markup/Renderer/Markup/Html/AbstractHtml.php"/>
   <file role="php" name="php/Zend/Markup/Renderer/Markup/AbstractMarkup.php"/>
   <file role="php" name="php/Zend/Markup/Renderer/Html.php"/>
   <file role="php" name="php/Zend/Markup/Renderer/Exception/RuntimeException.php"/>
   <file role="php" name="php/Zend/Markup/Renderer/Exception/InvalidArgumentException.php"/>
   <file role="php" name="php/Zend/Markup/Renderer/Exception/ExceptionInterface.php"/>
   <file role="php" name="php/Zend/Markup/Renderer/AbstractRenderer.php"/>
   <file role="php" name="php/Zend/Markup/ParserPluginManager.php"/>
   <file role="php" name="php/Zend/Markup/Parser/Textile.php"/>
   <file role="php" name="php/Zend/Markup/Parser/ParserInterface.php"/>
   <file role="php" name="php/Zend/Markup/Parser/Exception/RuntimeException.php"/>
   <file role="php" name="php/Zend/Markup/Parser/Exception/InvalidArgumentException.php"/>
   <file role="php" name="php/Zend/Markup/Parser/Exception/ExceptionInterface.php"/>
   <file role="php" name="php/Zend/Markup/Parser/Bbcode.php"/>
   <file role="php" name="php/Zend/Markup/Markup.php"/>
   <file role="php" name="php/Zend/Markup/Exception/RuntimeException.php"/>
   <file role="php" name="php/Zend/Markup/Exception/InvalidArgumentException.php"/>
   <file role="php" name="php/Zend/Markup/Exception/ExceptionInterface.php"/>
   <file role="php" name="php/Zend/Markup/composer.json"/>
  </dir>
 </contents>
 <dependencies>
  <required>
   <php>
    <min>5.2.0</min>
   </php>
   <pearinstaller>
    <min>2.0.0a1</min>
   </pearinstaller>
   <package>
    <name>Zend_Stdlib</name>
    <channel>packages.zendframework.com</channel>
   </package>
  </required>
 </dependencies>
 <phprelease/>
</package>
