<?xml version="1.0" encoding="UTF-8"?>
<package xmlns="http://pear.php.net/dtd/package-2.1" xmlns:tasks="http://pear.php.net/dtd/tasks-1.0" xmlns:xsi="http://www.w3.org/2001/XMLSchema-instance" version="2.1" xsi:schemaLocation="http://pear.php.net/dtd/tasks-1.0     http://pear.php.net/dtd/tasks-1.0.xsd     http://pear.php.net/dtd/package-2.1     http://pear.php.net/dtd/package-2.1.xsd" packagerversion="2.0.0">
 <name>Zend_Barcode</name>
 <channel>packages.zendframework.com</channel>
 <summary>Package Zend_Barcode summary.\n\n&quot; . &quot;Package detailed description here (found in README)</summary>
 <description/>
 <lead>
  <name>Your Name</name>
  <user>handle</user>
  <email>handle@php.net</email>
  <active>yes</active>
 </lead>
 <date>2013-05-10</date>
 <time>06:45:25</time>
 <version>
  <release>2.2.0rc3</release>
  <api>2.2.0rc3</api>
 </version>
 <stability>
  <release>stable</release>
  <api>stable</api>
 </stability>
 <license uri="http://www.opensource.org/licenses/bsd-license.php">New BSD License</license>
 <notes>Package  Zend_Barcode release notes for version 0.1.0.

Package Zend_Barcode API release notes for version 0.1.0.</notes>
 <contents>
  <dir name="/">
   <file role="php" name="php/Zend/Barcode/RendererPluginManager.php"/>
   <file role="php" name="php/Zend/Barcode/Renderer/Svg.php"/>
   <file role="php" name="php/Zend/Barcode/Renderer/RendererInterface.php"/>
   <file role="php" name="php/Zend/Barcode/Renderer/Pdf.php"/>
   <file role="php" name="php/Zend/Barcode/Renderer/Image.php"/>
   <file role="php" name="php/Zend/Barcode/Renderer/Exception/UnexpectedValueException.php"/>
   <file role="php" name="php/Zend/Barcode/Renderer/Exception/RuntimeException.php"/>
   <file role="php" name="php/Zend/Barcode/Renderer/Exception/OutOfRangeException.php"/>
   <file role="php" name="php/Zend/Barcode/Renderer/Exception/InvalidArgumentException.php"/>
   <file role="php" name="php/Zend/Barcode/Renderer/Exception/ExceptionInterface.php"/>
   <file role="php" name="php/Zend/Barcode/Renderer/AbstractRenderer.php"/>
   <file role="php" name="php/Zend/Barcode/README.md"/>
   <file role="php" name="php/Zend/Barcode/ObjectPluginManager.php"/>
   <file role="php" name="php/Zend/Barcode/Object/Upce.php"/>
   <file role="php" name="php/Zend/Barcode/Object/Upca.php"/>
   <file role="php" name="php/Zend/Barcode/Object/Royalmail.php"/>
   <file role="php" name="php/Zend/Barcode/Object/Postnet.php"/>
   <file role="php" name="php/Zend/Barcode/Object/Planet.php"/>
   <file role="php" name="php/Zend/Barcode/Object/ObjectInterface.php"/>
   <file role="php" name="php/Zend/Barcode/Object/Leitcode.php"/>
   <file role="php" name="php/Zend/Barcode/Object/Itf14.php"/>
   <file role="php" name="php/Zend/Barcode/Object/Identcode.php"/>
   <file role="php" name="php/Zend/Barcode/Object/Exception/RuntimeException.php"/>
   <file role="php" name="php/Zend/Barcode/Object/Exception/OutOfRangeException.php"/>
   <file role="php" name="php/Zend/Barcode/Object/Exception/InvalidArgumentException.php"/>
   <file role="php" name="php/Zend/Barcode/Object/Exception/ExtensionNotLoadedException.php"/>
   <file role="php" name="php/Zend/Barcode/Object/Exception/ExceptionInterface.php"/>
   <file role="php" name="php/Zend/Barcode/Object/Exception/BarcodeValidationException.php"/>
   <file role="php" name="php/Zend/Barcode/Object/Error.php"/>
   <file role="php" name="php/Zend/Barcode/Object/Ean13.php"/>
   <file role="php" name="php/Zend/Barcode/Object/Ean8.php"/>
   <file role="php" name="php/Zend/Barcode/Object/Ean5.php"/>
   <file role="php" name="php/Zend/Barcode/Object/Ean2.php"/>
   <file role="php" name="php/Zend/Barcode/Object/Code128.php"/>
   <file role="php" name="php/Zend/Barcode/Object/Code39.php"/>
   <file role="php" name="php/Zend/Barcode/Object/Code25interleaved.php"/>
   <file role="php" name="php/Zend/Barcode/Object/Code25.php"/>
   <file role="php" name="php/Zend/Barcode/Object/Codabar.php"/>
   <file role="php" name="php/Zend/Barcode/Object/AbstractObject.php"/>
   <file role="php" name="php/Zend/Barcode/Exception/UnexpectedValueException.php"/>
   <file role="php" name="php/Zend/Barcode/Exception/RuntimeException.php"/>
   <file role="php" name="php/Zend/Barcode/Exception/RendererCreationException.php"/>
   <file role="php" name="php/Zend/Barcode/Exception/OutOfRangeException.php"/>
   <file role="php" name="php/Zend/Barcode/Exception/InvalidArgumentException.php"/>
   <file role="php" name="php/Zend/Barcode/Exception/ExceptionInterface.php"/>
   <file role="php" name="php/Zend/Barcode/composer.json"/>
   <file role="php" name="php/Zend/Barcode/Barcode.php"/>
  </dir>
 </contents>
 <dependencies>
  <required>
   <php>
    <min>5.2.0</min>
   </php>
   <pearinstaller>
    <min>2.0.0a1</min>
   </pearinstaller>
   <package>
    <name>Zend_Stdlib</name>
    <channel>packages.zendframework.com</channel>
   </package>
  </required>
  <optional>
   <package>
    <name>Zend_Validator</name>
    <channel>packages.zendframework.com</channel>
   </package>
   <package>
    <name>Zendpdf</name>
    <channel>packages.zendframework.com</channel>
   </package>
  </optional>
 </dependencies>
 <phprelease/>
</package>
