<?xml version="1.0" encoding="UTF-8"?>
<package xmlns="http://pear.php.net/dtd/package-2.1" xmlns:tasks="http://pear.php.net/dtd/tasks-1.0" xmlns:xsi="http://www.w3.org/2001/XMLSchema-instance" version="2.1" xsi:schemaLocation="http://pear.php.net/dtd/tasks-1.0     http://pear.php.net/dtd/tasks-1.0.xsd     http://pear.php.net/dtd/package-2.1     http://pear.php.net/dtd/package-2.1.xsd" packagerversion="2.0.0">
 <name>Zend_Mail</name>
 <channel>packages.zendframework.com</channel>
 <summary>Package Zend_Mail summary.\n\n&quot; . &quot;Package detailed description here (found in README)</summary>
 <description/>
 <lead>
  <name>Your Name</name>
  <user>handle</user>
  <email>handle@php.net</email>
  <active>yes</active>
 </lead>
 <date>2013-10-31</date>
 <time>11:44:32</time>
 <version>
  <release>2.2.5</release>
  <api>2.2.5</api>
 </version>
 <stability>
  <release>stable</release>
  <api>stable</api>
 </stability>
 <license uri="http://www.opensource.org/licenses/bsd-license.php">New BSD License</license>
 <notes>Package  Zend_Mail release notes for version 0.1.0.

Package Zend_Mail API release notes for version 0.1.0.</notes>
 <contents>
  <dir name="/">
   <file role="php" name="php/Zend/Mail/Transport/TransportInterface.php"/>
   <file role="php" name="php/Zend/Mail/Transport/SmtpOptions.php"/>
   <file role="php" name="php/Zend/Mail/Transport/Smtp.php"/>
   <file role="php" name="php/Zend/Mail/Transport/Sendmail.php"/>
   <file role="php" name="php/Zend/Mail/Transport/FileOptions.php"/>
   <file role="php" name="php/Zend/Mail/Transport/File.php"/>
   <file role="php" name="php/Zend/Mail/Transport/Exception/RuntimeException.php"/>
   <file role="php" name="php/Zend/Mail/Transport/Exception/InvalidArgumentException.php"/>
   <file role="php" name="php/Zend/Mail/Transport/Exception/ExceptionInterface.php"/>
   <file role="php" name="php/Zend/Mail/Storage/Writable/WritableInterface.php"/>
   <file role="php" name="php/Zend/Mail/Storage/Writable/Maildir.php"/>
   <file role="php" name="php/Zend/Mail/Storage/Pop3.php"/>
   <file role="php" name="php/Zend/Mail/Storage/Part/PartInterface.php"/>
   <file role="php" name="php/Zend/Mail/Storage/Part/File.php"/>
   <file role="php" name="php/Zend/Mail/Storage/Part/Exception/RuntimeException.php"/>
   <file role="php" name="php/Zend/Mail/Storage/Part/Exception/InvalidArgumentException.php"/>
   <file role="php" name="php/Zend/Mail/Storage/Part/Exception/ExceptionInterface.php"/>
   <file role="php" name="php/Zend/Mail/Storage/Part.php"/>
   <file role="php" name="php/Zend/Mail/Storage/Message/MessageInterface.php"/>
   <file role="php" name="php/Zend/Mail/Storage/Message/File.php"/>
   <file role="php" name="php/Zend/Mail/Storage/Message.php"/>
   <file role="php" name="php/Zend/Mail/Storage/Mbox.php"/>
   <file role="php" name="php/Zend/Mail/Storage/Maildir.php"/>
   <file role="php" name="php/Zend/Mail/Storage/Imap.php"/>
   <file role="php" name="php/Zend/Mail/Storage/Folder/Mbox.php"/>
   <file role="php" name="php/Zend/Mail/Storage/Folder/Maildir.php"/>
   <file role="php" name="php/Zend/Mail/Storage/Folder/FolderInterface.php"/>
   <file role="php" name="php/Zend/Mail/Storage/Folder.php"/>
   <file role="php" name="php/Zend/Mail/Storage/Exception/RuntimeException.php"/>
   <file role="php" name="php/Zend/Mail/Storage/Exception/OutOfBoundsException.php"/>
   <file role="php" name="php/Zend/Mail/Storage/Exception/InvalidArgumentException.php"/>
   <file role="php" name="php/Zend/Mail/Storage/Exception/ExceptionInterface.php"/>
   <file role="php" name="php/Zend/Mail/Storage/AbstractStorage.php"/>
   <file role="php" name="php/Zend/Mail/Storage.php"/>
   <file role="php" name="php/Zend/Mail/README.md"/>
   <file role="php" name="php/Zend/Mail/Protocol/SmtpPluginManager.php"/>
   <file role="php" name="php/Zend/Mail/Protocol/Smtp/Auth/Plain.php"/>
   <file role="php" name="php/Zend/Mail/Protocol/Smtp/Auth/Login.php"/>
   <file role="php" name="php/Zend/Mail/Protocol/Smtp/Auth/Crammd5.php"/>
   <file role="php" name="php/Zend/Mail/Protocol/Smtp.php"/>
   <file role="php" name="php/Zend/Mail/Protocol/Pop3.php"/>
   <file role="php" name="php/Zend/Mail/Protocol/Imap.php"/>
   <file role="php" name="php/Zend/Mail/Protocol/Exception/RuntimeException.php"/>
   <file role="php" name="php/Zend/Mail/Protocol/Exception/InvalidArgumentException.php"/>
   <file role="php" name="php/Zend/Mail/Protocol/Exception/ExceptionInterface.php"/>
   <file role="php" name="php/Zend/Mail/Protocol/AbstractProtocol.php"/>
   <file role="php" name="php/Zend/Mail/Message.php"/>
   <file role="php" name="php/Zend/Mail/Headers.php"/>
   <file role="php" name="php/Zend/Mail/Header/UnstructuredInterface.php"/>
   <file role="php" name="php/Zend/Mail/Header/To.php"/>
   <file role="php" name="php/Zend/Mail/Header/Subject.php"/>
   <file role="php" name="php/Zend/Mail/Header/StructuredInterface.php"/>
   <file role="php" name="php/Zend/Mail/Header/Sender.php"/>
   <file role="php" name="php/Zend/Mail/Header/ReplyTo.php"/>
   <file role="php" name="php/Zend/Mail/Header/Received.php"/>
   <file role="php" name="php/Zend/Mail/Header/MultipleHeadersInterface.php"/>
   <file role="php" name="php/Zend/Mail/Header/MimeVersion.php"/>
   <file role="php" name="php/Zend/Mail/Header/MessageId.php"/>
   <file role="php" name="php/Zend/Mail/Header/HeaderWrap.php"/>
   <file role="php" name="php/Zend/Mail/Header/HeaderLoader.php"/>
   <file role="php" name="php/Zend/Mail/Header/HeaderInterface.php"/>
   <file role="php" name="php/Zend/Mail/Header/GenericMultiHeader.php"/>
   <file role="php" name="php/Zend/Mail/Header/GenericHeader.php"/>
   <file role="php" name="php/Zend/Mail/Header/From.php"/>
   <file role="php" name="php/Zend/Mail/Header/Exception/RuntimeException.php"/>
   <file role="php" name="php/Zend/Mail/Header/Exception/InvalidArgumentException.php"/>
   <file role="php" name="php/Zend/Mail/Header/Exception/ExceptionInterface.php"/>
   <file role="php" name="php/Zend/Mail/Header/Exception/BadMethodCallException.php"/>
   <file role="php" name="php/Zend/Mail/Header/Date.php"/>
   <file role="php" name="php/Zend/Mail/Header/ContentType.php"/>
   <file role="php" name="php/Zend/Mail/Header/ContentTransferEncoding.php"/>
   <file role="php" name="php/Zend/Mail/Header/Cc.php"/>
   <file role="php" name="php/Zend/Mail/Header/Bcc.php"/>
   <file role="php" name="php/Zend/Mail/Header/AbstractAddressList.php"/>
   <file role="php" name="php/Zend/Mail/Exception/RuntimeException.php"/>
   <file role="php" name="php/Zend/Mail/Exception/OutOfBoundsException.php"/>
   <file role="php" name="php/Zend/Mail/Exception/InvalidArgumentException.php"/>
   <file role="php" name="php/Zend/Mail/Exception/ExceptionInterface.php"/>
   <file role="php" name="php/Zend/Mail/Exception/DomainException.php"/>
   <file role="php" name="php/Zend/Mail/Exception/BadMethodCallException.php"/>
   <file role="php" name="php/Zend/Mail/composer.json"/>
   <file role="php" name="php/Zend/Mail/AddressList.php"/>
   <file role="php" name="php/Zend/Mail/Address/AddressInterface.php"/>
   <file role="php" name="php/Zend/Mail/Address.php"/>
  </dir>
 </contents>
 <dependencies>
  <required>
   <php>
    <min>5.2.0</min>
   </php>
   <pearinstaller>
    <min>2.0.0a1</min>
   </pearinstaller>
   <package>
    <name>Zend_Crypt</name>
    <channel>packages.zendframework.com</channel>
   </package>
   <package>
    <name>Zend_Loader</name>
    <channel>packages.zendframework.com</channel>
   </package>
   <package>
    <name>Zend_Mime</name>
    <channel>packages.zendframework.com</channel>
   </package>
   <package>
    <name>Zend_Stdlib</name>
    <channel>packages.zendframework.com</channel>
   </package>
  </required>
  <optional>
   <package>
    <name>Zend_Validator</name>
    <channel>packages.zendframework.com</channel>
   </package>
   <package>
    <name>Zend_ServiceManager</name>
    <channel>packages.zendframework.com</channel>
   </package>
  </optional>
 </dependencies>
 <phprelease/>
</package>
