<?xml version="1.0" encoding="UTF-8"?>
<package xmlns="http://pear.php.net/dtd/package-2.1" xmlns:tasks="http://pear.php.net/dtd/tasks-1.0" xmlns:xsi="http://www.w3.org/2001/XMLSchema-instance" version="2.1" xsi:schemaLocation="http://pear.php.net/dtd/tasks-1.0     http://pear.php.net/dtd/tasks-1.0.xsd     http://pear.php.net/dtd/package-2.1     http://pear.php.net/dtd/package-2.1.xsd" packagerversion="2.0.0">
 <name>Zend_Stdlib</name>
 <channel>packages.zendframework.com</channel>
 <summary>Package Zend_Stdlib summary.\n\n&quot; . &quot;Package detailed description here (found in README)</summary>
 <description/>
 <lead>
  <name>Your Name</name>
  <user>handle</user>
  <email>handle@php.net</email>
  <active>yes</active>
 </lead>
 <date>2013-08-26</date>
 <time>11:03:04</time>
 <version>
  <release>2.2.4</release>
  <api>2.2.4</api>
 </version>
 <stability>
  <release>stable</release>
  <api>stable</api>
 </stability>
 <license uri="http://www.opensource.org/licenses/bsd-license.php">New BSD License</license>
 <notes>Package  Zend_Stdlib release notes for version 0.1.0.

Package Zend_Stdlib API release notes for version 0.1.0.</notes>
 <contents>
  <dir name="/">
   <file role="php" name="php/Zend/Stdlib/StringWrapper/StringWrapperInterface.php"/>
   <file role="php" name="php/Zend/Stdlib/StringWrapper/Native.php"/>
   <file role="php" name="php/Zend/Stdlib/StringWrapper/MbString.php"/>
   <file role="php" name="php/Zend/Stdlib/StringWrapper/Intl.php"/>
   <file role="php" name="php/Zend/Stdlib/StringWrapper/Iconv.php"/>
   <file role="php" name="php/Zend/Stdlib/StringWrapper/AbstractStringWrapper.php"/>
   <file role="php" name="php/Zend/Stdlib/StringUtils.php"/>
   <file role="php" name="php/Zend/Stdlib/SplStack.php"/>
   <file role="php" name="php/Zend/Stdlib/SplQueue.php"/>
   <file role="php" name="php/Zend/Stdlib/SplPriorityQueue.php"/>
   <file role="php" name="php/Zend/Stdlib/ResponseInterface.php"/>
   <file role="php" name="php/Zend/Stdlib/Response.php"/>
   <file role="php" name="php/Zend/Stdlib/RequestInterface.php"/>
   <file role="php" name="php/Zend/Stdlib/Request.php"/>
   <file role="php" name="php/Zend/Stdlib/README.md"/>
   <file role="php" name="php/Zend/Stdlib/PriorityQueue.php"/>
   <file role="php" name="php/Zend/Stdlib/ParametersInterface.php"/>
   <file role="php" name="php/Zend/Stdlib/Parameters.php"/>
   <file role="php" name="php/Zend/Stdlib/ParameterObjectInterface.php"/>
   <file role="php" name="php/Zend/Stdlib/MessageInterface.php"/>
   <file role="php" name="php/Zend/Stdlib/Message.php"/>
   <file role="php" name="php/Zend/Stdlib/InitializableInterface.php"/>
   <file role="php" name="php/Zend/Stdlib/Hydrator/StrategyEnabledInterface.php"/>
   <file role="php" name="php/Zend/Stdlib/Hydrator/Strategy/StrategyInterface.php"/>
   <file role="php" name="php/Zend/Stdlib/Hydrator/Strategy/SerializableStrategy.php"/>
   <file role="php" name="php/Zend/Stdlib/Hydrator/Strategy/DefaultStrategy.php"/>
   <file role="php" name="php/Zend/Stdlib/Hydrator/Strategy/ClosureStrategy.php"/>
   <file role="php" name="php/Zend/Stdlib/Hydrator/Reflection.php"/>
   <file role="php" name="php/Zend/Stdlib/Hydrator/ObjectProperty.php"/>
   <file role="php" name="php/Zend/Stdlib/Hydrator/HydratorPluginManager.php"/>
   <file role="php" name="php/Zend/Stdlib/Hydrator/HydratorOptionsInterface.php"/>
   <file role="php" name="php/Zend/Stdlib/Hydrator/HydratorInterface.php"/>
   <file role="php" name="php/Zend/Stdlib/Hydrator/HydratorAwareInterface.php"/>
   <file role="php" name="php/Zend/Stdlib/Hydrator/Filter/OptionalParametersFilter.php"/>
   <file role="php" name="php/Zend/Stdlib/Hydrator/Filter/NumberOfParameterFilter.php"/>
   <file role="php" name="php/Zend/Stdlib/Hydrator/Filter/MethodMatchFilter.php"/>
   <file role="php" name="php/Zend/Stdlib/Hydrator/Filter/IsFilter.php"/>
   <file role="php" name="php/Zend/Stdlib/Hydrator/Filter/HasFilter.php"/>
   <file role="php" name="php/Zend/Stdlib/Hydrator/Filter/GetFilter.php"/>
   <file role="php" name="php/Zend/Stdlib/Hydrator/Filter/FilterProviderInterface.php"/>
   <file role="php" name="php/Zend/Stdlib/Hydrator/Filter/FilterInterface.php"/>
   <file role="php" name="php/Zend/Stdlib/Hydrator/Filter/FilterComposite.php"/>
   <file role="php" name="php/Zend/Stdlib/Hydrator/ClassMethods.php"/>
   <file role="php" name="php/Zend/Stdlib/Hydrator/ArraySerializable.php"/>
   <file role="php" name="php/Zend/Stdlib/Hydrator/Aggregate/HydratorListener.php"/>
   <file role="php" name="php/Zend/Stdlib/Hydrator/Aggregate/HydrateEvent.php"/>
   <file role="php" name="php/Zend/Stdlib/Hydrator/Aggregate/ExtractEvent.php"/>
   <file role="php" name="php/Zend/Stdlib/Hydrator/Aggregate/AggregateHydrator.php"/>
   <file role="php" name="php/Zend/Stdlib/Hydrator/AbstractHydrator.php"/>
   <file role="php" name="php/Zend/Stdlib/Glob.php"/>
   <file role="php" name="php/Zend/Stdlib/Exception/RuntimeException.php"/>
   <file role="php" name="php/Zend/Stdlib/Exception/LogicException.php"/>
   <file role="php" name="php/Zend/Stdlib/Exception/InvalidCallbackException.php"/>
   <file role="php" name="php/Zend/Stdlib/Exception/InvalidArgumentException.php"/>
   <file role="php" name="php/Zend/Stdlib/Exception/ExtensionNotLoadedException.php"/>
   <file role="php" name="php/Zend/Stdlib/Exception/ExceptionInterface.php"/>
   <file role="php" name="php/Zend/Stdlib/Exception/DomainException.php"/>
   <file role="php" name="php/Zend/Stdlib/Exception/BadMethodCallException.php"/>
   <file role="php" name="php/Zend/Stdlib/ErrorHandler.php"/>
   <file role="php" name="php/Zend/Stdlib/DispatchableInterface.php"/>
   <file role="php" name="php/Zend/Stdlib/DateTime.php"/>
   <file role="php" name="php/Zend/Stdlib/composer.json"/>
   <file role="php" name="php/Zend/Stdlib/compatibility/autoload.php"/>
   <file role="php" name="php/Zend/Stdlib/CallbackHandler.php"/>
   <file role="php" name="php/Zend/Stdlib/ArrayUtils.php"/>
   <file role="php" name="php/Zend/Stdlib/ArrayStack.php"/>
   <file role="php" name="php/Zend/Stdlib/ArraySerializableInterface.php"/>
   <file role="php" name="php/Zend/Stdlib/ArrayObject/PhpReferenceCompatibility.php"/>
   <file role="php" name="php/Zend/Stdlib/ArrayObject/PhpLegacyCompatibility.php"/>
   <file role="php" name="php/Zend/Stdlib/ArrayObject.php"/>
   <file role="php" name="php/Zend/Stdlib/AbstractOptions.php"/>
  </dir>
 </contents>
 <dependencies>
  <required>
   <php>
    <min>5.2.0</min>
   </php>
   <pearinstaller>
    <min>2.0.0a1</min>
   </pearinstaller>
  </required>
  <optional>
   <package>
    <name>Zend_ServiceManager</name>
    <channel>packages.zendframework.com</channel>
   </package>
   <package>
    <name>Zend_EventManager</name>
    <channel>packages.zendframework.com</channel>
   </package>
  </optional>
 </dependencies>
 <phprelease/>
</package>
