<?xml version="1.0" encoding="UTF-8"?>
<package xmlns="http://pear.php.net/dtd/package-2.1" xmlns:tasks="http://pear.php.net/dtd/tasks-1.0" xmlns:xsi="http://www.w3.org/2001/XMLSchema-instance" version="2.1" xsi:schemaLocation="http://pear.php.net/dtd/tasks-1.0     http://pear.php.net/dtd/tasks-1.0.xsd     http://pear.php.net/dtd/package-2.1     http://pear.php.net/dtd/package-2.1.xsd" packagerversion="2.0.0">
 <name>Zend_InfoCard</name>
 <channel>packages.zendframework.com</channel>
 <summary>Package Zend_InfoCard summary.\n\n&quot; . &quot;Package detailed description here (found in README)</summary>
 <description/>
 <lead>
  <name>Your Name</name>
  <user>handle</user>
  <email>handle@php.net</email>
  <active>yes</active>
 </lead>
 <date>2011-12-20</date>
 <time>21:56:36</time>
 <version>
  <release>2.0.0beta2</release>
  <api>2.0.0beta2</api>
 </version>
 <stability>
  <release>beta</release>
  <api>beta</api>
 </stability>
 <license uri="http://www.opensource.org/licenses/bsd-license.php">New BSD License</license>
 <notes>Package  Zend_InfoCard release notes for version 0.1.0.

Package Zend_InfoCard API release notes for version 0.1.0.</notes>
 <contents>
  <dir name="/">
   <file role="php" name="php/Zend/InfoCard/XML/SecurityTokenReference.php"/>
   <file role="php" name="php/Zend/InfoCard/XML/Security/Transform/XMLExcC14N.php"/>
   <file role="php" name="php/Zend/InfoCard/XML/Security/Transform/TransformChain.php"/>
   <file role="php" name="php/Zend/InfoCard/XML/Security/Transform/EnvelopedSignature.php"/>
   <file role="php" name="php/Zend/InfoCard/XML/Security/Transform.php"/>
   <file role="php" name="php/Zend/InfoCard/XML/Security/Exception/RuntimeException.php"/>
   <file role="php" name="php/Zend/InfoCard/XML/Security/Exception/InvalidArgumentException.php"/>
   <file role="php" name="php/Zend/InfoCard/XML/Security/Exception/ExtensionNotLoadedException.php"/>
   <file role="php" name="php/Zend/InfoCard/XML/Security/Exception.php"/>
   <file role="php" name="php/Zend/InfoCard/XML/Security.php"/>
   <file role="php" name="php/Zend/InfoCard/XML/KeyInfo/XMLDSig.php"/>
   <file role="php" name="php/Zend/InfoCard/XML/KeyInfo/Factory.php"/>
   <file role="php" name="php/Zend/InfoCard/XML/KeyInfo/DefaultKeyInfo.php"/>
   <file role="php" name="php/Zend/InfoCard/XML/KeyInfo/AbstractKeyInfo.php"/>
   <file role="php" name="php/Zend/InfoCard/XML/KeyInfo.php"/>
   <file role="php" name="php/Zend/InfoCard/XML/Exception/RuntimeException.php"/>
   <file role="php" name="php/Zend/InfoCard/XML/Exception/InvalidArgumentException.php"/>
   <file role="php" name="php/Zend/InfoCard/XML/Exception.php"/>
   <file role="php" name="php/Zend/InfoCard/XML/EncryptedKey.php"/>
   <file role="php" name="php/Zend/InfoCard/XML/EncryptedData/XMLEnc.php"/>
   <file role="php" name="php/Zend/InfoCard/XML/EncryptedData/Factory.php"/>
   <file role="php" name="php/Zend/InfoCard/XML/EncryptedData/AbstractEncryptedData.php"/>
   <file role="php" name="php/Zend/InfoCard/XML/Element.php"/>
   <file role="php" name="php/Zend/InfoCard/XML/Assertion/SAML.php"/>
   <file role="php" name="php/Zend/InfoCard/XML/Assertion/Factory.php"/>
   <file role="php" name="php/Zend/InfoCard/XML/Assertion.php"/>
   <file role="php" name="php/Zend/InfoCard/XML/AbstractElement.php"/>
   <file role="php" name="php/Zend/InfoCard/InfoCard.php"/>
   <file role="php" name="php/Zend/InfoCard/Exception/RuntimeException.php"/>
   <file role="php" name="php/Zend/InfoCard/Exception/InvalidArgumentException.php"/>
   <file role="php" name="php/Zend/InfoCard/Exception/ExtensionNotLoadedException.php"/>
   <file role="php" name="php/Zend/InfoCard/Exception.php"/>
   <file role="php" name="php/Zend/InfoCard/Claims.php"/>
   <file role="php" name="php/Zend/InfoCard/Cipher/Symmetric/AES256CBC.php"/>
   <file role="php" name="php/Zend/InfoCard/Cipher/Symmetric/AES128CBC.php"/>
   <file role="php" name="php/Zend/InfoCard/Cipher/Symmetric/Adapter/AES256CBC.php"/>
   <file role="php" name="php/Zend/InfoCard/Cipher/Symmetric/Adapter/AES128CBC.php"/>
   <file role="php" name="php/Zend/InfoCard/Cipher/Symmetric/Adapter/AbstractAdapter.php"/>
   <file role="php" name="php/Zend/InfoCard/Cipher/Symmetric.php"/>
   <file role="php" name="php/Zend/InfoCard/Cipher/PKI/RSA.php"/>
   <file role="php" name="php/Zend/InfoCard/Cipher/PKI/Adapter/RSA.php"/>
   <file role="php" name="php/Zend/InfoCard/Cipher/PKI/Adapter/AbstractAdapter.php"/>
   <file role="php" name="php/Zend/InfoCard/Cipher/PKI.php"/>
   <file role="php" name="php/Zend/InfoCard/Cipher/Exception/RuntimeException.php"/>
   <file role="php" name="php/Zend/InfoCard/Cipher/Exception/InvalidArgumentException.php"/>
   <file role="php" name="php/Zend/InfoCard/Cipher/Exception/ExtensionNotLoadedException.php"/>
   <file role="php" name="php/Zend/InfoCard/Cipher/Exception.php"/>
   <file role="php" name="php/Zend/InfoCard/Cipher.php"/>
   <file role="php" name="php/Zend/InfoCard/Adapter/DefaultAdapter.php"/>
   <file role="php" name="php/Zend/InfoCard/Adapter.php"/>
  </dir>
 </contents>
 <dependencies>
  <required>
   <php>
    <min>5.2.0</min>
   </php>
   <pearinstaller>
    <min>2.0.0a1</min>
   </pearinstaller>
  </required>
 </dependencies>
 <phprelease/>
</package>
