<?xml version="1.0" encoding="UTF-8"?>
<package xmlns="http://pear.php.net/dtd/package-2.1" xmlns:tasks="http://pear.php.net/dtd/tasks-1.0" xmlns:xsi="http://www.w3.org/2001/XMLSchema-instance" version="2.1" xsi:schemaLocation="http://pear.php.net/dtd/tasks-1.0     http://pear.php.net/dtd/tasks-1.0.xsd     http://pear.php.net/dtd/package-2.1     http://pear.php.net/dtd/package-2.1.xsd" packagerversion="2.0.0">
 <name>ZendServiceRackspace</name>
 <channel>packages.zendframework.com</channel>
 <summary>Package ZendServiceRackspace summary.\n\n&quot; . &quot;Package detailed description here (found in README)</summary>
 <description/>
 <lead>
  <name>Your Name</name>
  <user>handle</user>
  <email>handle@php.net</email>
  <active>yes</active>
 </lead>
 <date>2012-07-26</date>
 <time>00:29:58</time>
 <version>
  <release>2.0.0rc1</release>
  <api>2.0.0rc1</api>
 </version>
 <stability>
  <release>stable</release>
  <api>stable</api>
 </stability>
 <license uri="http://www.opensource.org/licenses/bsd-license.php">New BSD License</license>
 <notes>Package  ZendServiceRackspace release notes for version 0.1.0.

Package ZendServiceRackspace API release notes for version 0.1.0.</notes>
 <contents>
  <dir name="/">
   <file role="php" name="php/ZendService/Rackspace/Servers/SharedIpGroupList.php"/>
   <file role="php" name="php/ZendService/Rackspace/Servers/SharedIpGroup.php"/>
   <file role="php" name="php/ZendService/Rackspace/Servers/ServerList.php"/>
   <file role="php" name="php/ZendService/Rackspace/Servers/Server.php"/>
   <file role="php" name="php/ZendService/Rackspace/Servers/ImageList.php"/>
   <file role="php" name="php/ZendService/Rackspace/Servers/Image.php"/>
   <file role="php" name="php/ZendService/Rackspace/Servers/Exception/RuntimeException.php"/>
   <file role="php" name="php/ZendService/Rackspace/Servers/Exception/OutOfBoundsException.php"/>
   <file role="php" name="php/ZendService/Rackspace/Servers/Exception/InvalidArgumentException.php"/>
   <file role="php" name="php/ZendService/Rackspace/Servers/Exception/ExceptionInterface.php"/>
   <file role="php" name="php/ZendService/Rackspace/Servers.php"/>
   <file role="php" name="php/ZendService/Rackspace/Files/ObjectList.php"/>
   <file role="php" name="php/ZendService/Rackspace/Files/Object.php"/>
   <file role="php" name="php/ZendService/Rackspace/Files/Exception/RuntimeException.php"/>
   <file role="php" name="php/ZendService/Rackspace/Files/Exception/OutOfBoundsException.php"/>
   <file role="php" name="php/ZendService/Rackspace/Files/Exception/InvalidArgumentException.php"/>
   <file role="php" name="php/ZendService/Rackspace/Files/Exception/ExceptionInterface.php"/>
   <file role="php" name="php/ZendService/Rackspace/Files/ContainerList.php"/>
   <file role="php" name="php/ZendService/Rackspace/Files/Container.php"/>
   <file role="php" name="php/ZendService/Rackspace/Files.php"/>
   <file role="php" name="php/ZendService/Rackspace/Exception/RuntimeException.php"/>
   <file role="php" name="php/ZendService/Rackspace/Exception/OutOfBoundsException.php"/>
   <file role="php" name="php/ZendService/Rackspace/Exception/InvalidArgumentException.php"/>
   <file role="php" name="php/ZendService/Rackspace/Exception/ExceptionInterface.php"/>
   <file role="php" name="php/ZendService/Rackspace/AbstractRackspace.php"/>
  </dir>
 </contents>
 <dependencies>
  <required>
   <php>
    <min>5.2.0</min>
   </php>
   <pearinstaller>
    <min>2.0.0a1</min>
   </pearinstaller>
   <package>
    <name>Zend_Version</name>
    <channel>packages.zendframework.com</channel>
   </package>
  </required>
 </dependencies>
 <phprelease/>
</package>
