<?xml version="1.0" encoding="UTF-8"?>
<package xmlns="http://pear.php.net/dtd/package-2.1" xmlns:tasks="http://pear.php.net/dtd/tasks-1.0" xmlns:xsi="http://www.w3.org/2001/XMLSchema-instance" version="2.1" xsi:schemaLocation="http://pear.php.net/dtd/tasks-1.0     http://pear.php.net/dtd/tasks-1.0.xsd     http://pear.php.net/dtd/package-2.1     http://pear.php.net/dtd/package-2.1.xsd" packagerversion="2.0.0">
 <name>ZendFramework</name>
 <channel>packages.zendframework.com</channel>
 <summary>Package ZendFramework summary.\n\n&quot; . &quot;Package detailed description here (found in README)</summary>
 <description/>
 <lead>
  <name>Your Name</name>
  <user>handle</user>
  <email>handle@php.net</email>
  <active>yes</active>
 </lead>
 <date>2013-06-12</date>
 <time>16:14:53</time>
 <version>
  <release>2.2.1</release>
  <api>2.2.1</api>
 </version>
 <stability>
  <release>stable</release>
  <api>stable</api>
 </stability>
 <license uri="http://www.opensource.org/licenses/bsd-license.php">New BSD License</license>
 <notes>Package  ZendFramework release notes for version 0.1.0.

Package ZendFramework API release notes for version 0.1.0.</notes>
 <contents>
  <dir name="/">
   <file role="php" name="php/README.txt"/>
  </dir>
 </contents>
 <dependencies>
  <required>
   <php>
    <min>5.2.0</min>
   </php>
   <pearinstaller>
    <min>2.0.0a1</min>
   </pearinstaller>
   <package>
    <name>Zend_Authentication</name>
    <channel>packages.zendframework.com</channel>
   </package>
   <package>
    <name>Zend_Barcode</name>
    <channel>packages.zendframework.com</channel>
   </package>
   <package>
    <name>Zend_Cache</name>
    <channel>packages.zendframework.com</channel>
   </package>
   <package>
    <name>Zend_Captcha</name>
    <channel>packages.zendframework.com</channel>
   </package>
   <package>
    <name>Zend_Code</name>
    <channel>packages.zendframework.com</channel>
   </package>
   <package>
    <name>Zend_Config</name>
    <channel>packages.zendframework.com</channel>
   </package>
   <package>
    <name>Zend_Console</name>
    <channel>packages.zendframework.com</channel>
   </package>
   <package>
    <name>Zend_Crypt</name>
    <channel>packages.zendframework.com</channel>
   </package>
   <package>
    <name>Zend_Db</name>
    <channel>packages.zendframework.com</channel>
   </package>
   <package>
    <name>Zend_Debug</name>
    <channel>packages.zendframework.com</channel>
   </package>
   <package>
    <name>Zend_Di</name>
    <channel>packages.zendframework.com</channel>
   </package>
   <package>
    <name>Zend_Dom</name>
    <channel>packages.zendframework.com</channel>
   </package>
   <package>
    <name>Zend_Escaper</name>
    <channel>packages.zendframework.com</channel>
   </package>
   <package>
    <name>Zend_EventManager</name>
    <channel>packages.zendframework.com</channel>
   </package>
   <package>
    <name>Zend_Feed</name>
    <channel>packages.zendframework.com</channel>
   </package>
   <package>
    <name>Zend_File</name>
    <channel>packages.zendframework.com</channel>
   </package>
   <package>
    <name>Zend_Filter</name>
    <channel>packages.zendframework.com</channel>
   </package>
   <package>
    <name>Zend_Form</name>
    <channel>packages.zendframework.com</channel>
   </package>
   <package>
    <name>Zend_Http</name>
    <channel>packages.zendframework.com</channel>
   </package>
   <package>
    <name>Zend_I18n</name>
    <channel>packages.zendframework.com</channel>
   </package>
   <package>
    <name>Zend_InputFilter</name>
    <channel>packages.zendframework.com</channel>
   </package>
   <package>
    <name>Zend_Json</name>
    <channel>packages.zendframework.com</channel>
   </package>
   <package>
    <name>Zend_Ldap</name>
    <channel>packages.zendframework.com</channel>
   </package>
   <package>
    <name>Zend_Loader</name>
    <channel>packages.zendframework.com</channel>
   </package>
   <package>
    <name>Zend_Log</name>
    <channel>packages.zendframework.com</channel>
   </package>
   <package>
    <name>Zend_Mail</name>
    <channel>packages.zendframework.com</channel>
   </package>
   <package>
    <name>Zend_Math</name>
    <channel>packages.zendframework.com</channel>
   </package>
   <package>
    <name>Zend_Memory</name>
    <channel>packages.zendframework.com</channel>
   </package>
   <package>
    <name>Zend_Mime</name>
    <channel>packages.zendframework.com</channel>
   </package>
   <package>
    <name>Zend_ModuleManager</name>
    <channel>packages.zendframework.com</channel>
   </package>
   <package>
    <name>Zend_Mvc</name>
    <channel>packages.zendframework.com</channel>
   </package>
   <package>
    <name>Zend_Navigation</name>
    <channel>packages.zendframework.com</channel>
   </package>
   <package>
    <name>Zend_Paginator</name>
    <channel>packages.zendframework.com</channel>
   </package>
   <package>
    <name>Zend_Permissions_Acl</name>
    <channel>packages.zendframework.com</channel>
   </package>
   <package>
    <name>Zend_Permissions_Rbac</name>
    <channel>packages.zendframework.com</channel>
   </package>
   <package>
    <name>Zend_ProgressBar</name>
    <channel>packages.zendframework.com</channel>
   </package>
   <package>
    <name>Zend_Serializer</name>
    <channel>packages.zendframework.com</channel>
   </package>
   <package>
    <name>Zend_Server</name>
    <channel>packages.zendframework.com</channel>
   </package>
   <package>
    <name>Zend_ServiceManager</name>
    <channel>packages.zendframework.com</channel>
   </package>
   <package>
    <name>Zend_Session</name>
    <channel>packages.zendframework.com</channel>
   </package>
   <package>
    <name>Zend_Soap</name>
    <channel>packages.zendframework.com</channel>
   </package>
   <package>
    <name>Zend_Stdlib</name>
    <channel>packages.zendframework.com</channel>
   </package>
   <package>
    <name>Zend_Tag</name>
    <channel>packages.zendframework.com</channel>
   </package>
   <package>
    <name>Zend_Test</name>
    <channel>packages.zendframework.com</channel>
   </package>
   <package>
    <name>Zend_Text</name>
    <channel>packages.zendframework.com</channel>
   </package>
   <package>
    <name>Zend_Uri</name>
    <channel>packages.zendframework.com</channel>
   </package>
   <package>
    <name>Zend_Validator</name>
    <channel>packages.zendframework.com</channel>
   </package>
   <package>
    <name>Zend_Version</name>
    <channel>packages.zendframework.com</channel>
   </package>
   <package>
    <name>Zend_View</name>
    <channel>packages.zendframework.com</channel>
   </package>
   <package>
    <name>Zend_XmlRpc</name>
    <channel>packages.zendframework.com</channel>
   </package>
  </required>
  <optional>
   <package>
    <name>Zendpdf</name>
    <channel>packages.zendframework.com</channel>
   </package>
   <package>
    <name>ZendService_Recaptcha</name>
    <channel>packages.zendframework.com</channel>
   </package>
  </optional>
 </dependencies>
 <phprelease/>
</package>
