<?xml version="1.0" encoding="UTF-8"?>
<package xmlns="http://pear.php.net/dtd/package-2.1" xmlns:tasks="http://pear.php.net/dtd/tasks-1.0" xmlns:xsi="http://www.w3.org/2001/XMLSchema-instance" version="2.1" xsi:schemaLocation="http://pear.php.net/dtd/tasks-1.0     http://pear.php.net/dtd/tasks-1.0.xsd     http://pear.php.net/dtd/package-2.1     http://pear.php.net/dtd/package-2.1.xsd" packagerversion="2.0.0">
 <name>Zend_Db</name>
 <channel>packages.zendframework.com</channel>
 <summary>Package Zend_Db summary.\n\n&quot; . &quot;Package detailed description here (found in README)</summary>
 <description/>
 <lead>
  <name>Your Name</name>
  <user>handle</user>
  <email>handle@php.net</email>
  <active>yes</active>
 </lead>
 <date>2012-08-02</date>
 <time>15:39:26</time>
 <version>
  <release>2.0.0rc2</release>
  <api>2.0.0rc2</api>
 </version>
 <stability>
  <release>stable</release>
  <api>stable</api>
 </stability>
 <license uri="http://www.opensource.org/licenses/bsd-license.php">New BSD License</license>
 <notes>Package  Zend_Db release notes for version 0.1.0.

Package Zend_Db API release notes for version 0.1.0.</notes>
 <contents>
  <dir name="/">
   <file role="php" name="php/Zend/Db/TableGateway/TableGatewayInterface.php"/>
   <file role="php" name="php/Zend/Db/TableGateway/TableGateway.php"/>
   <file role="php" name="php/Zend/Db/TableGateway/Feature/RowGatewayFeature.php"/>
   <file role="php" name="php/Zend/Db/TableGateway/Feature/MetadataFeature.php"/>
   <file role="php" name="php/Zend/Db/TableGateway/Feature/MasterSlaveFeature.php"/>
   <file role="php" name="php/Zend/Db/TableGateway/Feature/GlobalAdapterFeature.php"/>
   <file role="php" name="php/Zend/Db/TableGateway/Feature/FeatureSet.php"/>
   <file role="php" name="php/Zend/Db/TableGateway/Feature/EventFeature/TableGatewayEvent.php"/>
   <file role="php" name="php/Zend/Db/TableGateway/Feature/EventFeature.php"/>
   <file role="php" name="php/Zend/Db/TableGateway/Feature/AbstractFeature.php"/>
   <file role="php" name="php/Zend/Db/TableGateway/Exception/RuntimeException.php"/>
   <file role="php" name="php/Zend/Db/TableGateway/Exception/InvalidArgumentException.php"/>
   <file role="php" name="php/Zend/Db/TableGateway/Exception/ExceptionInterface.php"/>
   <file role="php" name="php/Zend/Db/TableGateway/AbstractTableGateway.php"/>
   <file role="php" name="php/Zend/Db/Sql/Where.php"/>
   <file role="php" name="php/Zend/Db/Sql/Update.php"/>
   <file role="php" name="php/Zend/Db/Sql/TableIdentifier.php"/>
   <file role="php" name="php/Zend/Db/Sql/SqlInterface.php"/>
   <file role="php" name="php/Zend/Db/Sql/Sql.php"/>
   <file role="php" name="php/Zend/Db/Sql/Select.php"/>
   <file role="php" name="php/Zend/Db/Sql/PreparableSqlInterface.php"/>
   <file role="php" name="php/Zend/Db/Sql/Predicate/PredicateSet.php"/>
   <file role="php" name="php/Zend/Db/Sql/Predicate/PredicateInterface.php"/>
   <file role="php" name="php/Zend/Db/Sql/Predicate/Predicate.php"/>
   <file role="php" name="php/Zend/Db/Sql/Predicate/Operator.php"/>
   <file role="php" name="php/Zend/Db/Sql/Predicate/Like.php"/>
   <file role="php" name="php/Zend/Db/Sql/Predicate/IsNull.php"/>
   <file role="php" name="php/Zend/Db/Sql/Predicate/IsNotNull.php"/>
   <file role="php" name="php/Zend/Db/Sql/Predicate/In.php"/>
   <file role="php" name="php/Zend/Db/Sql/Predicate/Expression.php"/>
   <file role="php" name="php/Zend/Db/Sql/Predicate/Between.php"/>
   <file role="php" name="php/Zend/Db/Sql/Platform/SqlServer/SqlServer.php"/>
   <file role="php" name="php/Zend/Db/Sql/Platform/SqlServer/SelectDecorator.php"/>
   <file role="php" name="php/Zend/Db/Sql/Platform/PlatformDecoratorInterface.php"/>
   <file role="php" name="php/Zend/Db/Sql/Platform/Platform.php"/>
   <file role="php" name="php/Zend/Db/Sql/Platform/AbstractPlatform.php"/>
   <file role="php" name="php/Zend/Db/Sql/Insert.php"/>
   <file role="php" name="php/Zend/Db/Sql/Having.php"/>
   <file role="php" name="php/Zend/Db/Sql/ExpressionInterface.php"/>
   <file role="php" name="php/Zend/Db/Sql/Expression.php"/>
   <file role="php" name="php/Zend/Db/Sql/Exception/RuntimeException.php"/>
   <file role="php" name="php/Zend/Db/Sql/Exception/InvalidArgumentException.php"/>
   <file role="php" name="php/Zend/Db/Sql/Exception/ExceptionInterface.php"/>
   <file role="php" name="php/Zend/Db/Sql/Delete.php"/>
   <file role="php" name="php/Zend/Db/Sql/AbstractSql.php"/>
   <file role="php" name="php/Zend/Db/RowGateway/RowGatewayInterface.php"/>
   <file role="php" name="php/Zend/Db/RowGateway/RowGateway.php"/>
   <file role="php" name="php/Zend/Db/RowGateway/Feature/FeatureSet.php"/>
   <file role="php" name="php/Zend/Db/RowGateway/Feature/AbstractFeature.php"/>
   <file role="php" name="php/Zend/Db/RowGateway/Exception/RuntimeException.php"/>
   <file role="php" name="php/Zend/Db/RowGateway/Exception/InvalidArgumentException.php"/>
   <file role="php" name="php/Zend/Db/RowGateway/Exception/ExceptionInterface.php"/>
   <file role="php" name="php/Zend/Db/RowGateway/AbstractRowGateway.php"/>
   <file role="php" name="php/Zend/Db/ResultSet/ResultSetInterface.php"/>
   <file role="php" name="php/Zend/Db/ResultSet/ResultSet.php"/>
   <file role="php" name="php/Zend/Db/ResultSet/HydratingResultSet.php"/>
   <file role="php" name="php/Zend/Db/ResultSet/Exception/RuntimeException.php"/>
   <file role="php" name="php/Zend/Db/ResultSet/Exception/InvalidArgumentException.php"/>
   <file role="php" name="php/Zend/Db/ResultSet/Exception/ExceptionInterface.php"/>
   <file role="php" name="php/Zend/Db/ResultSet/AbstractResultSet.php"/>
   <file role="php" name="php/Zend/Db/Metadata/Source/SqlServerMetadata.php"/>
   <file role="php" name="php/Zend/Db/Metadata/Source/SqliteMetadata.php"/>
   <file role="php" name="php/Zend/Db/Metadata/Source/PostgresqlMetadata.php"/>
   <file role="php" name="php/Zend/Db/Metadata/Source/MysqlMetadata.php"/>
   <file role="php" name="php/Zend/Db/Metadata/Source/AbstractSource.php"/>
   <file role="php" name="php/Zend/Db/Metadata/Object/ViewObject.php"/>
   <file role="php" name="php/Zend/Db/Metadata/Object/TriggerObject.php"/>
   <file role="php" name="php/Zend/Db/Metadata/Object/TableObject.php"/>
   <file role="php" name="php/Zend/Db/Metadata/Object/ConstraintObject.php"/>
   <file role="php" name="php/Zend/Db/Metadata/Object/ColumnObject.php"/>
   <file role="php" name="php/Zend/Db/Metadata/Object/AbstractTableObject.php"/>
   <file role="php" name="php/Zend/Db/Metadata/MetadataInterface.php"/>
   <file role="php" name="php/Zend/Db/Metadata/Metadata.php"/>
   <file role="php" name="php/Zend/Db/Metadata/Display/TextUi.php"/>
   <file role="php" name="php/Zend/Db/Exception/UnexpectedValueException.php"/>
   <file role="php" name="php/Zend/Db/Exception/RuntimeException.php"/>
   <file role="php" name="php/Zend/Db/Exception/InvalidArgumentException.php"/>
   <file role="php" name="php/Zend/Db/Exception/ExceptionInterface.php"/>
   <file role="php" name="php/Zend/Db/Exception/ErrorException.php"/>
   <file role="php" name="php/Zend/Db/composer.json"/>
   <file role="php" name="php/Zend/Db/Adapter/Platform/SqlServer.php"/>
   <file role="php" name="php/Zend/Db/Adapter/Platform/Sqlite.php"/>
   <file role="php" name="php/Zend/Db/Adapter/Platform/Sql92.php"/>
   <file role="php" name="php/Zend/Db/Adapter/Platform/Postgresql.php"/>
   <file role="php" name="php/Zend/Db/Adapter/Platform/PlatformInterface.php"/>
   <file role="php" name="php/Zend/Db/Adapter/Platform/Mysql.php"/>
   <file role="php" name="php/Zend/Db/Adapter/ParameterContainer.php"/>
   <file role="php" name="php/Zend/Db/Adapter/Exception/UnexpectedValueException.php"/>
   <file role="php" name="php/Zend/Db/Adapter/Exception/RuntimeException.php"/>
   <file role="php" name="php/Zend/Db/Adapter/Exception/InvalidQueryException.php"/>
   <file role="php" name="php/Zend/Db/Adapter/Exception/InvalidConnectionParametersException.php"/>
   <file role="php" name="php/Zend/Db/Adapter/Exception/InvalidArgumentException.php"/>
   <file role="php" name="php/Zend/Db/Adapter/Exception/ExceptionInterface.php"/>
   <file role="php" name="php/Zend/Db/Adapter/Exception/ErrorException.php"/>
   <file role="php" name="php/Zend/Db/Adapter/Driver/StatementInterface.php"/>
   <file role="php" name="php/Zend/Db/Adapter/Driver/Sqlsrv/Statement.php"/>
   <file role="php" name="php/Zend/Db/Adapter/Driver/Sqlsrv/Sqlsrv.php"/>
   <file role="php" name="php/Zend/Db/Adapter/Driver/Sqlsrv/Result.php"/>
   <file role="php" name="php/Zend/Db/Adapter/Driver/Sqlsrv/Exception/ExceptionInterface.php"/>
   <file role="php" name="php/Zend/Db/Adapter/Driver/Sqlsrv/Exception/ErrorException.php"/>
   <file role="php" name="php/Zend/Db/Adapter/Driver/Sqlsrv/Connection.php"/>
   <file role="php" name="php/Zend/Db/Adapter/Driver/ResultInterface.php"/>
   <file role="php" name="php/Zend/Db/Adapter/Driver/Pgsql/Statement.php"/>
   <file role="php" name="php/Zend/Db/Adapter/Driver/Pgsql/Result.php"/>
   <file role="php" name="php/Zend/Db/Adapter/Driver/Pgsql/Pgsql.php"/>
   <file role="php" name="php/Zend/Db/Adapter/Driver/Pgsql/Feature/SequenceHelper.php"/>
   <file role="php" name="php/Zend/Db/Adapter/Driver/Pgsql/Connection.php"/>
   <file role="php" name="php/Zend/Db/Adapter/Driver/Pdo/Statement.php"/>
   <file role="php" name="php/Zend/Db/Adapter/Driver/Pdo/Result.php"/>
   <file role="php" name="php/Zend/Db/Adapter/Driver/Pdo/Pdo.php"/>
   <file role="php" name="php/Zend/Db/Adapter/Driver/Pdo/Feature/SqliteRowCounter.php"/>
   <file role="php" name="php/Zend/Db/Adapter/Driver/Pdo/Connection.php"/>
   <file role="php" name="php/Zend/Db/Adapter/Driver/Mysqli/Statement.php"/>
   <file role="php" name="php/Zend/Db/Adapter/Driver/Mysqli/Result.php"/>
   <file role="php" name="php/Zend/Db/Adapter/Driver/Mysqli/Mysqli.php"/>
   <file role="php" name="php/Zend/Db/Adapter/Driver/Mysqli/Connection.php"/>
   <file role="php" name="php/Zend/Db/Adapter/Driver/Feature/DriverFeatureInterface.php"/>
   <file role="php" name="php/Zend/Db/Adapter/Driver/Feature/AbstractFeature.php"/>
   <file role="php" name="php/Zend/Db/Adapter/Driver/DriverInterface.php"/>
   <file role="php" name="php/Zend/Db/Adapter/Driver/ConnectionInterface.php"/>
   <file role="php" name="php/Zend/Db/Adapter/AdapterServiceFactory.php"/>
   <file role="php" name="php/Zend/Db/Adapter/AdapterAwareInterface.php"/>
   <file role="php" name="php/Zend/Db/Adapter/Adapter.php"/>
  </dir>
 </contents>
 <dependencies>
  <required>
   <php>
    <min>5.2.0</min>
   </php>
   <pearinstaller>
    <min>2.0.0a1</min>
   </pearinstaller>
  </required>
 </dependencies>
 <phprelease/>
</package>
