<?xml version="1.0" encoding="UTF-8"?>
<package xmlns="http://pear.php.net/dtd/package-2.1" xmlns:tasks="http://pear.php.net/dtd/tasks-1.0" xmlns:xsi="http://www.w3.org/2001/XMLSchema-instance" version="2.1" xsi:schemaLocation="http://pear.php.net/dtd/tasks-1.0     http://pear.php.net/dtd/tasks-1.0.xsd     http://pear.php.net/dtd/package-2.1     http://pear.php.net/dtd/package-2.1.xsd" packagerversion="2.0.0">
 <name>Zend_ServiceManager</name>
 <channel>packages.zendframework.com</channel>
 <summary>Package Zend_ServiceManager summary.\n\n&quot; . &quot;Package detailed description here (found in README)</summary>
 <description/>
 <lead>
  <name>Your Name</name>
  <user>handle</user>
  <email>handle@php.net</email>
  <active>yes</active>
 </lead>
 <date>2013-03-13</date>
 <time>19:24:40</time>
 <version>
  <release>2.1.4</release>
  <api>2.1.4</api>
 </version>
 <stability>
  <release>stable</release>
  <api>stable</api>
 </stability>
 <license uri="http://www.opensource.org/licenses/bsd-license.php">New BSD License</license>
 <notes>Package  Zend_ServiceManager release notes for version 0.1.0.

Package Zend_ServiceManager API release notes for version 0.1.0.</notes>
 <contents>
  <dir name="/">
   <file role="php" name="php/Zend/ServiceManager/ServiceManagerAwareInterface.php"/>
   <file role="php" name="php/Zend/ServiceManager/ServiceManager.php"/>
   <file role="php" name="php/Zend/ServiceManager/ServiceLocatorInterface.php"/>
   <file role="php" name="php/Zend/ServiceManager/ServiceLocatorAwareTrait.php"/>
   <file role="php" name="php/Zend/ServiceManager/ServiceLocatorAwareInterface.php"/>
   <file role="php" name="php/Zend/ServiceManager/README.md"/>
   <file role="php" name="php/Zend/ServiceManager/InitializerInterface.php"/>
   <file role="php" name="php/Zend/ServiceManager/FactoryInterface.php"/>
   <file role="php" name="php/Zend/ServiceManager/Exception/ServiceNotFoundException.php"/>
   <file role="php" name="php/Zend/ServiceManager/Exception/ServiceNotCreatedException.php"/>
   <file role="php" name="php/Zend/ServiceManager/Exception/RuntimeException.php"/>
   <file role="php" name="php/Zend/ServiceManager/Exception/InvalidServiceNameException.php"/>
   <file role="php" name="php/Zend/ServiceManager/Exception/InvalidArgumentException.php"/>
   <file role="php" name="php/Zend/ServiceManager/Exception/ExceptionInterface.php"/>
   <file role="php" name="php/Zend/ServiceManager/Exception/CircularDependencyFoundException.php"/>
   <file role="php" name="php/Zend/ServiceManager/Di/DiServiceInitializer.php"/>
   <file role="php" name="php/Zend/ServiceManager/Di/DiServiceFactory.php"/>
   <file role="php" name="php/Zend/ServiceManager/Di/DiInstanceManagerProxy.php"/>
   <file role="php" name="php/Zend/ServiceManager/Di/DiAbstractServiceFactory.php"/>
   <file role="php" name="php/Zend/ServiceManager/ConfigInterface.php"/>
   <file role="php" name="php/Zend/ServiceManager/Config.php"/>
   <file role="php" name="php/Zend/ServiceManager/composer.json"/>
   <file role="php" name="php/Zend/ServiceManager/AbstractPluginManager.php"/>
   <file role="php" name="php/Zend/ServiceManager/AbstractFactoryInterface.php"/>
  </dir>
 </contents>
 <dependencies>
  <required>
   <php>
    <min>5.2.0</min>
   </php>
   <pearinstaller>
    <min>2.0.0a1</min>
   </pearinstaller>
  </required>
  <optional>
   <package>
    <name>Zend_Di</name>
    <channel>packages.zendframework.com</channel>
   </package>
  </optional>
 </dependencies>
 <phprelease/>
</package>
