<?xml version="1.0" encoding="UTF-8"?>
<package xmlns="http://pear.php.net/dtd/package-2.1" xmlns:tasks="http://pear.php.net/dtd/tasks-1.0" xmlns:xsi="http://www.w3.org/2001/XMLSchema-instance" version="2.1" xsi:schemaLocation="http://pear.php.net/dtd/tasks-1.0     http://pear.php.net/dtd/tasks-1.0.xsd     http://pear.php.net/dtd/package-2.1     http://pear.php.net/dtd/package-2.1.xsd" packagerversion="2.0.0">
 <name>Zend_Text</name>
 <channel>packages.zendframework.com</channel>
 <summary>Package Zend_Text summary.\n\n&quot; . &quot;Package detailed description here (found in README)</summary>
 <description/>
 <lead>
  <name>Your Name</name>
  <user>handle</user>
  <email>handle@php.net</email>
  <active>yes</active>
 </lead>
 <date>2012-08-02</date>
 <time>15:39:44</time>
 <version>
  <release>2.0.0rc2</release>
  <api>2.0.0rc2</api>
 </version>
 <stability>
  <release>stable</release>
  <api>stable</api>
 </stability>
 <license uri="http://www.opensource.org/licenses/bsd-license.php">New BSD License</license>
 <notes>Package  Zend_Text release notes for version 0.1.0.

Package Zend_Text API release notes for version 0.1.0.</notes>
 <contents>
  <dir name="/">
   <file role="php" name="php/Zend/Text/Table/Table.php"/>
   <file role="php" name="php/Zend/Text/Table/Row.php"/>
   <file role="php" name="php/Zend/Text/Table/Exception/UnexpectedValueException.php"/>
   <file role="php" name="php/Zend/Text/Table/Exception/OverflowException.php"/>
   <file role="php" name="php/Zend/Text/Table/Exception/OutOfBoundsException.php"/>
   <file role="php" name="php/Zend/Text/Table/Exception/InvalidDecoratorException.php"/>
   <file role="php" name="php/Zend/Text/Table/Exception/InvalidArgumentException.php"/>
   <file role="php" name="php/Zend/Text/Table/Exception/ExceptionInterface.php"/>
   <file role="php" name="php/Zend/Text/Table/DecoratorManager.php"/>
   <file role="php" name="php/Zend/Text/Table/Decorator/Unicode.php"/>
   <file role="php" name="php/Zend/Text/Table/Decorator/DecoratorInterface.php"/>
   <file role="php" name="php/Zend/Text/Table/Decorator/Blank.php"/>
   <file role="php" name="php/Zend/Text/Table/Decorator/Ascii.php"/>
   <file role="php" name="php/Zend/Text/Table/Column.php"/>
   <file role="php" name="php/Zend/Text/MultiByte.php"/>
   <file role="php" name="php/Zend/Text/Figlet/zend-framework.flf"/>
   <file role="php" name="php/Zend/Text/Figlet/Figlet.php"/>
   <file role="php" name="php/Zend/Text/Figlet/Exception/UnexpectedValueException.php"/>
   <file role="php" name="php/Zend/Text/Figlet/Exception/RuntimeException.php"/>
   <file role="php" name="php/Zend/Text/Figlet/Exception/InvalidArgumentException.php"/>
   <file role="php" name="php/Zend/Text/Figlet/Exception/ExceptionInterface.php"/>
   <file role="php" name="php/Zend/Text/Exception/UnexpectedValueException.php"/>
   <file role="php" name="php/Zend/Text/Exception/RuntimeException.php"/>
   <file role="php" name="php/Zend/Text/Exception/OverflowException.php"/>
   <file role="php" name="php/Zend/Text/Exception/OutOfBoundsException.php"/>
   <file role="php" name="php/Zend/Text/Exception/InvalidArgumentException.php"/>
   <file role="php" name="php/Zend/Text/Exception/ExceptionInterface.php"/>
   <file role="php" name="php/Zend/Text/composer.json"/>
  </dir>
 </contents>
 <dependencies>
  <required>
   <php>
    <min>5.2.0</min>
   </php>
   <pearinstaller>
    <min>2.0.0a1</min>
   </pearinstaller>
  </required>
 </dependencies>
 <phprelease/>
</package>
