<?xml version="1.0" encoding="UTF-8"?>
<package xmlns="http://pear.php.net/dtd/package-2.1" xmlns:tasks="http://pear.php.net/dtd/tasks-1.0" xmlns:xsi="http://www.w3.org/2001/XMLSchema-instance" version="2.1" xsi:schemaLocation="http://pear.php.net/dtd/tasks-1.0     http://pear.php.net/dtd/tasks-1.0.xsd     http://pear.php.net/dtd/package-2.1     http://pear.php.net/dtd/package-2.1.xsd" packagerversion="2.0.0">
 <name>Zend_Cloud</name>
 <channel>packages.zendframework.com</channel>
 <summary>Package Zend_Cloud summary.\n\n&quot; . &quot;Package detailed description here (found in README)</summary>
 <description/>
 <lead>
  <name>Your Name</name>
  <user>handle</user>
  <email>handle@php.net</email>
  <active>yes</active>
 </lead>
 <date>2012-03-22</date>
 <time>19:40:33</time>
 <version>
  <release>2.0.0beta3</release>
  <api>2.0.0beta3</api>
 </version>
 <stability>
  <release>beta</release>
  <api>beta</api>
 </stability>
 <license uri="http://www.opensource.org/licenses/bsd-license.php">New BSD License</license>
 <notes>Package  Zend_Cloud release notes for version 0.1.0.

Package Zend_Cloud API release notes for version 0.1.0.</notes>
 <contents>
  <dir name="/">
   <file role="php" name="php/Zend/Cloud/StorageService/Factory.php"/>
   <file role="php" name="php/Zend/Cloud/StorageService/Exception/RuntimeException.php"/>
   <file role="php" name="php/Zend/Cloud/StorageService/Exception/OperationNotAvailableException.php"/>
   <file role="php" name="php/Zend/Cloud/StorageService/Exception/InvalidArgumentException.php"/>
   <file role="php" name="php/Zend/Cloud/StorageService/Exception.php"/>
   <file role="php" name="php/Zend/Cloud/StorageService/Adapter/WindowsAzure.php"/>
   <file role="php" name="php/Zend/Cloud/StorageService/Adapter/S3.php"/>
   <file role="php" name="php/Zend/Cloud/StorageService/Adapter/Rackspace.php"/>
   <file role="php" name="php/Zend/Cloud/StorageService/Adapter/Nirvanix.php"/>
   <file role="php" name="php/Zend/Cloud/StorageService/Adapter/FileSystem.php"/>
   <file role="php" name="php/Zend/Cloud/StorageService/Adapter.php"/>
   <file role="php" name="php/Zend/Cloud/QueueService/MessageSet.php"/>
   <file role="php" name="php/Zend/Cloud/QueueService/Message.php"/>
   <file role="php" name="php/Zend/Cloud/QueueService/Factory.php"/>
   <file role="php" name="php/Zend/Cloud/QueueService/Exception/RuntimeException.php"/>
   <file role="php" name="php/Zend/Cloud/QueueService/Exception/OperationNotAvailableException.php"/>
   <file role="php" name="php/Zend/Cloud/QueueService/Exception/InvalidArgumentException.php"/>
   <file role="php" name="php/Zend/Cloud/QueueService/Exception.php"/>
   <file role="php" name="php/Zend/Cloud/QueueService/Adapter/ZendQueue.php"/>
   <file role="php" name="php/Zend/Cloud/QueueService/Adapter/WindowsAzure.php"/>
   <file role="php" name="php/Zend/Cloud/QueueService/Adapter/Sqs.php"/>
   <file role="php" name="php/Zend/Cloud/QueueService/Adapter/AbstractAdapter.php"/>
   <file role="php" name="php/Zend/Cloud/QueueService/Adapter.php"/>
   <file role="php" name="php/Zend/Cloud/Infrastructure/InstanceList.php"/>
   <file role="php" name="php/Zend/Cloud/Infrastructure/Instance.php"/>
   <file role="php" name="php/Zend/Cloud/Infrastructure/ImageList.php"/>
   <file role="php" name="php/Zend/Cloud/Infrastructure/Image.php"/>
   <file role="php" name="php/Zend/Cloud/Infrastructure/Factory.php"/>
   <file role="php" name="php/Zend/Cloud/Infrastructure/Exception/RuntimeException.php"/>
   <file role="php" name="php/Zend/Cloud/Infrastructure/Exception/OutOfBoundsException.php"/>
   <file role="php" name="php/Zend/Cloud/Infrastructure/Exception/InvalidArgumentException.php"/>
   <file role="php" name="php/Zend/Cloud/Infrastructure/Exception.php"/>
   <file role="php" name="php/Zend/Cloud/Infrastructure/Adapter/Rackspace.php"/>
   <file role="php" name="php/Zend/Cloud/Infrastructure/Adapter/Exception/RuntimeException.php"/>
   <file role="php" name="php/Zend/Cloud/Infrastructure/Adapter/Exception/OutOfBoundsException.php"/>
   <file role="php" name="php/Zend/Cloud/Infrastructure/Adapter/Exception/InvalidArgumentException.php"/>
   <file role="php" name="php/Zend/Cloud/Infrastructure/Adapter/Exception.php"/>
   <file role="php" name="php/Zend/Cloud/Infrastructure/Adapter/Ec2.php"/>
   <file role="php" name="php/Zend/Cloud/Infrastructure/Adapter/AbstractAdapter.php"/>
   <file role="php" name="php/Zend/Cloud/Infrastructure/Adapter.php"/>
   <file role="php" name="php/Zend/Cloud/Exception/OperationNotAvailableException.php"/>
   <file role="php" name="php/Zend/Cloud/Exception/InvalidArgumentException.php"/>
   <file role="php" name="php/Zend/Cloud/Exception.php"/>
   <file role="php" name="php/Zend/Cloud/DocumentService/QueryAdapter.php"/>
   <file role="php" name="php/Zend/Cloud/DocumentService/Query.php"/>
   <file role="php" name="php/Zend/Cloud/DocumentService/Factory.php"/>
   <file role="php" name="php/Zend/Cloud/DocumentService/Exception/OperationNotAvailableException.php"/>
   <file role="php" name="php/Zend/Cloud/DocumentService/Exception/InvalidArgumentException.php"/>
   <file role="php" name="php/Zend/Cloud/DocumentService/Exception.php"/>
   <file role="php" name="php/Zend/Cloud/DocumentService/DocumentSet.php"/>
   <file role="php" name="php/Zend/Cloud/DocumentService/Document.php"/>
   <file role="php" name="php/Zend/Cloud/DocumentService/Adapter/WindowsAzure/Query.php"/>
   <file role="php" name="php/Zend/Cloud/DocumentService/Adapter/WindowsAzure.php"/>
   <file role="php" name="php/Zend/Cloud/DocumentService/Adapter/SimpleDb/Query.php"/>
   <file role="php" name="php/Zend/Cloud/DocumentService/Adapter/SimpleDb.php"/>
   <file role="php" name="php/Zend/Cloud/DocumentService/Adapter/Exception/RuntimeException.php"/>
   <file role="php" name="php/Zend/Cloud/DocumentService/Adapter/Exception/OperationNotAvailableException.php"/>
   <file role="php" name="php/Zend/Cloud/DocumentService/Adapter/Exception/InvalidArgumentException.php"/>
   <file role="php" name="php/Zend/Cloud/DocumentService/Adapter/Exception.php"/>
   <file role="php" name="php/Zend/Cloud/DocumentService/Adapter/AbstractAdapter.php"/>
   <file role="php" name="php/Zend/Cloud/DocumentService/Adapter.php"/>
   <file role="php" name="php/Zend/Cloud/AbstractFactory.php"/>
  </dir>
 </contents>
 <dependencies>
  <required>
   <php>
    <min>5.2.0</min>
   </php>
   <pearinstaller>
    <min>2.0.0a1</min>
   </pearinstaller>
  </required>
  <optional>
   <package>
    <name>Zend_Service_Amazon</name>
    <channel>packages.zendframework.com</channel>
   </package>
   <package>
    <name>Zend_Service_Rackspace</name>
    <channel>packages.zendframework.com</channel>
   </package>
   <package>
    <name>Zend_Service_GoGrid</name>
    <channel>packages.zendframework.com</channel>
   </package>
   <package>
    <name>Zend_Service_WindowsAzure</name>
    <channel>packages.zendframework.com</channel>
   </package>
  </optional>
 </dependencies>
 <phprelease/>
</package>
