<?xml version="1.0" encoding="UTF-8"?>
<package xmlns="http://pear.php.net/dtd/package-2.1" xmlns:tasks="http://pear.php.net/dtd/tasks-1.0" xmlns:xsi="http://www.w3.org/2001/XMLSchema-instance" version="2.1" xsi:schemaLocation="http://pear.php.net/dtd/tasks-1.0     http://pear.php.net/dtd/tasks-1.0.xsd     http://pear.php.net/dtd/package-2.1     http://pear.php.net/dtd/package-2.1.xsd" packagerversion="2.0.0">
 <name>Zend_Server</name>
 <channel>packages.zendframework.com</channel>
 <summary>Package Zend_Server summary.\n\n&quot; . &quot;Package detailed description here (found in README)</summary>
 <description/>
 <lead>
  <name>Your Name</name>
  <user>handle</user>
  <email>handle@php.net</email>
  <active>yes</active>
 </lead>
 <date>2013-02-06</date>
 <time>15:34:40</time>
 <version>
  <release>2.1.1</release>
  <api>2.1.1</api>
 </version>
 <stability>
  <release>stable</release>
  <api>stable</api>
 </stability>
 <license uri="http://www.opensource.org/licenses/bsd-license.php">New BSD License</license>
 <notes>Package  Zend_Server release notes for version 0.1.0.

Package Zend_Server API release notes for version 0.1.0.</notes>
 <contents>
  <dir name="/">
   <file role="php" name="php/Zend/Server/Server.php"/>
   <file role="php" name="php/Zend/Server/Reflection/ReflectionReturnValue.php"/>
   <file role="php" name="php/Zend/Server/Reflection/ReflectionParameter.php"/>
   <file role="php" name="php/Zend/Server/Reflection/ReflectionMethod.php"/>
   <file role="php" name="php/Zend/Server/Reflection/ReflectionFunction.php"/>
   <file role="php" name="php/Zend/Server/Reflection/ReflectionClass.php"/>
   <file role="php" name="php/Zend/Server/Reflection/Prototype.php"/>
   <file role="php" name="php/Zend/Server/Reflection/Node.php"/>
   <file role="php" name="php/Zend/Server/Reflection/Exception/RuntimeException.php"/>
   <file role="php" name="php/Zend/Server/Reflection/Exception/InvalidArgumentException.php"/>
   <file role="php" name="php/Zend/Server/Reflection/Exception/ExceptionInterface.php"/>
   <file role="php" name="php/Zend/Server/Reflection/Exception/BadMethodCallException.php"/>
   <file role="php" name="php/Zend/Server/Reflection/AbstractFunction.php"/>
   <file role="php" name="php/Zend/Server/Reflection.php"/>
   <file role="php" name="php/Zend/Server/Method/Prototype.php"/>
   <file role="php" name="php/Zend/Server/Method/Parameter.php"/>
   <file role="php" name="php/Zend/Server/Method/Definition.php"/>
   <file role="php" name="php/Zend/Server/Method/Callback.php"/>
   <file role="php" name="php/Zend/Server/Exception/RuntimeException.php"/>
   <file role="php" name="php/Zend/Server/Exception/InvalidArgumentException.php"/>
   <file role="php" name="php/Zend/Server/Exception/ExceptionInterface.php"/>
   <file role="php" name="php/Zend/Server/Exception/BadMethodCallException.php"/>
   <file role="php" name="php/Zend/Server/Definition.php"/>
   <file role="php" name="php/Zend/Server/composer.json"/>
   <file role="php" name="php/Zend/Server/Client.php"/>
   <file role="php" name="php/Zend/Server/Cache.php"/>
   <file role="php" name="php/Zend/Server/AbstractServer.php"/>
  </dir>
 </contents>
 <dependencies>
  <required>
   <php>
    <min>5.2.0</min>
   </php>
   <pearinstaller>
    <min>2.0.0a1</min>
   </pearinstaller>
   <package>
    <name>Zend_Stdlib</name>
    <channel>packages.zendframework.com</channel>
   </package>
   <package>
    <name>Zend_Code</name>
    <channel>packages.zendframework.com</channel>
   </package>
  </required>
 </dependencies>
 <phprelease/>
</package>
