<?xml version="1.0" encoding="UTF-8" ?>

<ldml>
	<identity>
		<version number="$Revision: 4763 $"/>
		<generation date="$Date: 2010-02-27 01:03:37 -0600 (Sat, 27 Feb 2010) $"/>
		<language type="nr"/>
	</identity>
	<localeDisplayNames>
		<languages>
			<language type="nr">isiNdebele</language>
		</languages>
	</localeDisplayNames>
	<characters>
		<exemplarCharacters>[a b c d e f g h i j k l m n o p q r s t u v w x y z]</exemplarCharacters>
		<exemplarCharacters type="index">[A B C D E F G H I J K L M N O P Q R S T U V W X Y Z]</exemplarCharacters>
	</characters>
	<delimiters>
		<quotationStart>‘</quotationStart>
		<quotationEnd>’</quotationEnd>
		<alternateQuotationStart>“</alternateQuotationStart>
		<alternateQuotationEnd>”</alternateQuotationEnd>
	</delimiters>
	<dates>
		<calendars>
			<calendar type="gregorian">
				<months>
					<monthContext type="format">
						<monthWidth type="abbreviated">
							<month type="1">Jan</month>
							<month type="2">Feb</month>
							<month type="3">Mat</month>
							<month type="4">Apr</month>
							<month type="5">Mey</month>
							<month type="6">Jun</month>
							<month type="7">Jul</month>
							<month type="8">Arh</month>
							<month type="9">Sep</month>
							<month type="10">Okt</month>
							<month type="11">Usi</month>
							<month type="12">Dis</month>
						</monthWidth>
						<monthWidth type="wide">
							<month type="1">Janabari</month>
							<month type="2">uFeberbari</month>
							<month type="3">uMatjhi</month>
							<month type="4">u-Apreli</month>
							<month type="5">Meyi</month>
							<month type="6">Juni</month>
							<month type="7">Julayi</month>
							<month type="8">Arhostosi</month>
							<month type="9">Septemba</month>
							<month type="10">Oktoba</month>
							<month type="11">Usinyikhaba</month>
							<month type="12">Disemba</month>
						</monthWidth>
					</monthContext>
				</months>
				<days>
					<dayContext type="format">
						<dayWidth type="abbreviated">
							<day type="sun">Son</day>
							<day type="mon">Mvu</day>
							<day type="tue">Bil</day>
							<day type="wed">Tha</day>
							<day type="thu">Ne</day>
							<day type="fri">Hla</day>
							<day type="sat">Gqi</day>
						</dayWidth>
						<dayWidth type="wide">
							<day type="sun">uSonto</day>
							<day type="mon">uMvulo</day>
							<day type="tue">uLesibili</day>
							<day type="wed">Lesithathu</day>
							<day type="thu">uLesine</day>
							<day type="fri">ngoLesihlanu</day>
							<day type="sat">umGqibelo</day>
						</dayWidth>
					</dayContext>
				</days>
				<eras>
					<eraAbbr>
						<era type="0">BC</era>
						<era type="1">AD</era>
					</eraAbbr>
				</eras>
			</calendar>
		</calendars>
	</dates>
	<numbers>
		<symbols>
			<decimal>,</decimal>
			<group> </group>
		</symbols>
		<decimalFormats>
			<decimalFormatLength>
				<decimalFormat>
					<pattern>#,##0.###</pattern>
				</decimalFormat>
			</decimalFormatLength>
		</decimalFormats>
		<scientificFormats>
			<scientificFormatLength>
				<scientificFormat>
					<pattern>#E0</pattern>
				</scientificFormat>
			</scientificFormatLength>
		</scientificFormats>
		<percentFormats>
			<percentFormatLength>
				<percentFormat>
					<pattern>#,##0%</pattern>
				</percentFormat>
			</percentFormatLength>
		</percentFormats>
		<currencyFormats>
			<currencyFormatLength>
				<currencyFormat>
					<pattern>¤#,##0.00</pattern>
				</currencyFormat>
			</currencyFormatLength>
		</currencyFormats>
	</numbers>
</ldml>

