<?xml version="1.0" encoding="UTF-8"?>
<package xmlns="http://pear.php.net/dtd/package-2.1" xmlns:tasks="http://pear.php.net/dtd/tasks-1.0" xmlns:xsi="http://www.w3.org/2001/XMLSchema-instance" version="2.1" xsi:schemaLocation="http://pear.php.net/dtd/tasks-1.0     http://pear.php.net/dtd/tasks-1.0.xsd     http://pear.php.net/dtd/package-2.1     http://pear.php.net/dtd/package-2.1.xsd" packagerversion="2.0.0">
 <name>Zend_Mvc</name>
 <channel>packages.zendframework.com</channel>
 <summary>Package Zend_Mvc summary.\n\n&quot; . &quot;Package detailed description here (found in README)</summary>
 <description/>
 <lead>
  <name>Your Name</name>
  <user>handle</user>
  <email>handle@php.net</email>
  <active>yes</active>
 </lead>
 <date>2012-03-22</date>
 <time>19:41:04</time>
 <version>
  <release>2.0.0beta3</release>
  <api>2.0.0beta3</api>
 </version>
 <stability>
  <release>beta</release>
  <api>beta</api>
 </stability>
 <license uri="http://www.opensource.org/licenses/bsd-license.php">New BSD License</license>
 <notes>Package  Zend_Mvc release notes for version 0.1.0.

Package Zend_Mvc API release notes for version 0.1.0.</notes>
 <contents>
  <dir name="/">
   <file role="php" name="php/Zend/Mvc/View/RouteNotFoundStrategy.php"/>
   <file role="php" name="php/Zend/Mvc/View/InjectViewModelListener.php"/>
   <file role="php" name="php/Zend/Mvc/View/InjectTemplateListener.php"/>
   <file role="php" name="php/Zend/Mvc/View/ExceptionStrategy.php"/>
   <file role="php" name="php/Zend/Mvc/View/DefaultRenderingStrategy.php"/>
   <file role="php" name="php/Zend/Mvc/View/CreateViewModelFromArrayListener.php"/>
   <file role="php" name="php/Zend/Mvc/Router/SimpleRouteStack.php"/>
   <file role="php" name="php/Zend/Mvc/Router/RouteStack.php"/>
   <file role="php" name="php/Zend/Mvc/Router/RouteMatch.php"/>
   <file role="php" name="php/Zend/Mvc/Router/RouteBroker.php"/>
   <file role="php" name="php/Zend/Mvc/Router/Route.php"/>
   <file role="php" name="php/Zend/Mvc/Router/PriorityList.php"/>
   <file role="php" name="php/Zend/Mvc/Router/Http/Wildcard.php"/>
   <file role="php" name="php/Zend/Mvc/Router/Http/TreeRouteStack.php"/>
   <file role="php" name="php/Zend/Mvc/Router/Http/Segment.php"/>
   <file role="php" name="php/Zend/Mvc/Router/Http/Scheme.php"/>
   <file role="php" name="php/Zend/Mvc/Router/Http/RouteMatch.php"/>
   <file role="php" name="php/Zend/Mvc/Router/Http/Route.php"/>
   <file role="php" name="php/Zend/Mvc/Router/Http/Regex.php"/>
   <file role="php" name="php/Zend/Mvc/Router/Http/Part.php"/>
   <file role="php" name="php/Zend/Mvc/Router/Http/Literal.php"/>
   <file role="php" name="php/Zend/Mvc/Router/Http/Hostname.php"/>
   <file role="php" name="php/Zend/Mvc/Router/Exception/RuntimeException.php"/>
   <file role="php" name="php/Zend/Mvc/Router/Exception/InvalidArgumentException.php"/>
   <file role="php" name="php/Zend/Mvc/Router/Exception.php"/>
   <file role="php" name="php/Zend/Mvc/MvcEvent.php"/>
   <file role="php" name="php/Zend/Mvc/LocatorAware.php"/>
   <file role="php" name="php/Zend/Mvc/InjectApplicationEvent.php"/>
   <file role="php" name="php/Zend/Mvc/Exception/MissingLocatorException.php"/>
   <file role="php" name="php/Zend/Mvc/Exception/InvalidArgumentException.php"/>
   <file role="php" name="php/Zend/Mvc/Exception/DomainException.php"/>
   <file role="php" name="php/Zend/Mvc/Exception.php"/>
   <file role="php" name="php/Zend/Mvc/Controller/RestfulController.php"/>
   <file role="php" name="php/Zend/Mvc/Controller/PluginLoader.php"/>
   <file role="php" name="php/Zend/Mvc/Controller/PluginBroker.php"/>
   <file role="php" name="php/Zend/Mvc/Controller/Plugin/Url.php"/>
   <file role="php" name="php/Zend/Mvc/Controller/Plugin/Redirect.php"/>
   <file role="php" name="php/Zend/Mvc/Controller/Plugin/Layout.php"/>
   <file role="php" name="php/Zend/Mvc/Controller/Plugin/Forward.php"/>
   <file role="php" name="php/Zend/Mvc/Controller/Plugin/FlashMessenger.php"/>
   <file role="php" name="php/Zend/Mvc/Controller/Plugin/AbstractPlugin.php"/>
   <file role="php" name="php/Zend/Mvc/Controller/ActionController.php"/>
   <file role="php" name="php/Zend/Mvc/Bootstrapper.php"/>
   <file role="php" name="php/Zend/Mvc/Bootstrap.php"/>
   <file role="php" name="php/Zend/Mvc/Application.php"/>
   <file role="php" name="php/Zend/Mvc/AppContext.php"/>
  </dir>
 </contents>
 <dependencies>
  <required>
   <php>
    <min>5.2.0</min>
   </php>
   <pearinstaller>
    <min>2.0.0a1</min>
   </pearinstaller>
   <package>
    <name>Zend_Di</name>
    <channel>packages.zendframework.com</channel>
   </package>
   <package>
    <name>Zend_EventManager</name>
    <channel>packages.zendframework.com</channel>
   </package>
   <package>
    <name>Zend_Loader</name>
    <channel>packages.zendframework.com</channel>
   </package>
   <package>
    <name>Zend_Http</name>
    <channel>packages.zendframework.com</channel>
   </package>
   <package>
    <name>Zend_Uri</name>
    <channel>packages.zendframework.com</channel>
   </package>
   <package>
    <name>Zend_Stdlib</name>
    <channel>packages.zendframework.com</channel>
   </package>
  </required>
  <optional>
   <package>
    <name>Zend_Module</name>
    <channel>packages.zendframework.com</channel>
   </package>
  </optional>
 </dependencies>
 <phprelease/>
</package>
