<?xml version="1.0" encoding="UTF-8"?>
<package xmlns="http://pear.php.net/dtd/package-2.1" xmlns:tasks="http://pear.php.net/dtd/tasks-1.0" xmlns:xsi="http://www.w3.org/2001/XMLSchema-instance" version="2.1" xsi:schemaLocation="http://pear.php.net/dtd/tasks-1.0     http://pear.php.net/dtd/tasks-1.0.xsd     http://pear.php.net/dtd/package-2.1     http://pear.php.net/dtd/package-2.1.xsd" packagerversion="2.0.0">
 <name>Zend_Memory</name>
 <channel>packages.zendframework.com</channel>
 <summary>Package Zend_Memory summary.\n\n&quot; . &quot;Package detailed description here (found in README)</summary>
 <description/>
 <lead>
  <name>Your Name</name>
  <user>handle</user>
  <email>handle@php.net</email>
  <active>yes</active>
 </lead>
 <date>2013-03-13</date>
 <time>19:00:20</time>
 <version>
  <release>2.0.8</release>
  <api>2.0.8</api>
 </version>
 <stability>
  <release>stable</release>
  <api>stable</api>
 </stability>
 <license uri="http://www.opensource.org/licenses/bsd-license.php">New BSD License</license>
 <notes>Package  Zend_Memory release notes for version 0.1.0.

Package Zend_Memory API release notes for version 0.1.0.</notes>
 <contents>
  <dir name="/">
   <file role="php" name="php/Zend/Memory/Value.php"/>
   <file role="php" name="php/Zend/Memory/MemoryManager.php"/>
   <file role="php" name="php/Zend/Memory/Exception/RuntimeException.php"/>
   <file role="php" name="php/Zend/Memory/Exception/InvalidArgumentException.php"/>
   <file role="php" name="php/Zend/Memory/Exception/ExceptionInterface.php"/>
   <file role="php" name="php/Zend/Memory/Container/Movable.php"/>
   <file role="php" name="php/Zend/Memory/Container/Locked.php"/>
   <file role="php" name="php/Zend/Memory/Container/ContainerInterface.php"/>
   <file role="php" name="php/Zend/Memory/Container/AccessController.php"/>
   <file role="php" name="php/Zend/Memory/Container/AbstractContainer.php"/>
   <file role="php" name="php/Zend/Memory/composer.json"/>
  </dir>
 </contents>
 <dependencies>
  <required>
   <php>
    <min>5.2.0</min>
   </php>
   <pearinstaller>
    <min>2.0.0a1</min>
   </pearinstaller>
  </required>
 </dependencies>
 <phprelease/>
</package>
