<?xml version="1.0" encoding="UTF-8"?>
<package xmlns="http://pear.php.net/dtd/package-2.1" xmlns:tasks="http://pear.php.net/dtd/tasks-1.0" xmlns:xsi="http://www.w3.org/2001/XMLSchema-instance" version="2.1" xsi:schemaLocation="http://pear.php.net/dtd/tasks-1.0     http://pear.php.net/dtd/tasks-1.0.xsd     http://pear.php.net/dtd/package-2.1     http://pear.php.net/dtd/package-2.1.xsd" packagerversion="2.0.0">
 <name>Zend_Cache</name>
 <channel>packages.zendframework.com</channel>
 <summary>Package Zend_Cache summary.\n\n&quot; . &quot;Package detailed description here (found in README)</summary>
 <description/>
 <lead>
  <name>Your Name</name>
  <user>handle</user>
  <email>handle@php.net</email>
  <active>yes</active>
 </lead>
 <date>2012-03-02</date>
 <time>21:10:14</time>
 <version>
  <release>2.0.0beta3</release>
  <api>2.0.0beta3</api>
 </version>
 <stability>
  <release>beta</release>
  <api>beta</api>
 </stability>
 <license uri="http://www.opensource.org/licenses/bsd-license.php">New BSD License</license>
 <notes>Package  Zend_Cache release notes for version 0.1.0.

Package Zend_Cache API release notes for version 0.1.0.</notes>
 <contents>
  <dir name="/">
   <file role="php" name="php/Zend/Cache/_win/GlobalMemoryStatus.exe"/>
   <file role="php" name="php/Zend/Cache/_win/GlobalMemoryStatus.c"/>
   <file role="php" name="php/Zend/Cache/Utils.php"/>
   <file role="php" name="php/Zend/Cache/StorageFactory.php"/>
   <file role="php" name="php/Zend/Cache/Storage/PostEvent.php"/>
   <file role="php" name="php/Zend/Cache/Storage/PluginLoader.php"/>
   <file role="php" name="php/Zend/Cache/Storage/PluginBroker.php"/>
   <file role="php" name="php/Zend/Cache/Storage/Plugin/Serializer.php"/>
   <file role="php" name="php/Zend/Cache/Storage/Plugin/PluginOptions.php"/>
   <file role="php" name="php/Zend/Cache/Storage/Plugin/OptimizeByFactor.php"/>
   <file role="php" name="php/Zend/Cache/Storage/Plugin/IgnoreUserAbort.php"/>
   <file role="php" name="php/Zend/Cache/Storage/Plugin/ExceptionHandler.php"/>
   <file role="php" name="php/Zend/Cache/Storage/Plugin/ClearByFactor.php"/>
   <file role="php" name="php/Zend/Cache/Storage/Plugin/AbstractPlugin.php"/>
   <file role="php" name="php/Zend/Cache/Storage/Plugin.php"/>
   <file role="php" name="php/Zend/Cache/Storage/ExceptionEvent.php"/>
   <file role="php" name="php/Zend/Cache/Storage/Event.php"/>
   <file role="php" name="php/Zend/Cache/Storage/Capabilities.php"/>
   <file role="php" name="php/Zend/Cache/Storage/AdapterLoader.php"/>
   <file role="php" name="php/Zend/Cache/Storage/AdapterBroker.php"/>
   <file role="php" name="php/Zend/Cache/Storage/Adapter/ZendServerShm.php"/>
   <file role="php" name="php/Zend/Cache/Storage/Adapter/ZendServerDisk.php"/>
   <file role="php" name="php/Zend/Cache/Storage/Adapter/WinCacheOptions.php"/>
   <file role="php" name="php/Zend/Cache/Storage/Adapter/WinCache.php"/>
   <file role="php" name="php/Zend/Cache/Storage/Adapter/MemoryOptions.php"/>
   <file role="php" name="php/Zend/Cache/Storage/Adapter/Memory.php"/>
   <file role="php" name="php/Zend/Cache/Storage/Adapter/MemcachedOptions.php"/>
   <file role="php" name="php/Zend/Cache/Storage/Adapter/Memcached.php"/>
   <file role="php" name="php/Zend/Cache/Storage/Adapter/FilesystemOptions.php"/>
   <file role="php" name="php/Zend/Cache/Storage/Adapter/Filesystem.php"/>
   <file role="php" name="php/Zend/Cache/Storage/Adapter/ApcOptions.php"/>
   <file role="php" name="php/Zend/Cache/Storage/Adapter/Apc.php"/>
   <file role="php" name="php/Zend/Cache/Storage/Adapter/AdapterOptions.php"/>
   <file role="php" name="php/Zend/Cache/Storage/Adapter/AbstractZendServer.php"/>
   <file role="php" name="php/Zend/Cache/Storage/Adapter/AbstractAdapter.php"/>
   <file role="php" name="php/Zend/Cache/Storage/Adapter.php"/>
   <file role="php" name="php/Zend/Cache/PatternLoader.php"/>
   <file role="php" name="php/Zend/Cache/PatternFactory.php"/>
   <file role="php" name="php/Zend/Cache/PatternBroker.php"/>
   <file role="php" name="php/Zend/Cache/Pattern/PatternOptions.php"/>
   <file role="php" name="php/Zend/Cache/Pattern/OutputCache.php"/>
   <file role="php" name="php/Zend/Cache/Pattern/ObjectCache.php"/>
   <file role="php" name="php/Zend/Cache/Pattern/ClassCache.php"/>
   <file role="php" name="php/Zend/Cache/Pattern/CaptureCache.php"/>
   <file role="php" name="php/Zend/Cache/Pattern/CallbackCache.php"/>
   <file role="php" name="php/Zend/Cache/Pattern/AbstractPattern.php"/>
   <file role="php" name="php/Zend/Cache/Pattern.php"/>
   <file role="php" name="php/Zend/Cache/Exception/UnsupportedMethodCallException.php"/>
   <file role="php" name="php/Zend/Cache/Exception/UnexpectedValueException.php"/>
   <file role="php" name="php/Zend/Cache/Exception/RuntimeException.php"/>
   <file role="php" name="php/Zend/Cache/Exception/OutOfCapacityException.php"/>
   <file role="php" name="php/Zend/Cache/Exception/MissingKeyException.php"/>
   <file role="php" name="php/Zend/Cache/Exception/MissingDependencyException.php"/>
   <file role="php" name="php/Zend/Cache/Exception/LogicException.php"/>
   <file role="php" name="php/Zend/Cache/Exception/LockedException.php"/>
   <file role="php" name="php/Zend/Cache/Exception/ItemNotFoundException.php"/>
   <file role="php" name="php/Zend/Cache/Exception/InvalidArgumentException.php"/>
   <file role="php" name="php/Zend/Cache/Exception/ExtensionNotLoadedException.php"/>
   <file role="php" name="php/Zend/Cache/Exception/BadMethodCallException.php"/>
   <file role="php" name="php/Zend/Cache/Exception.php"/>
  </dir>
 </contents>
 <dependencies>
  <required>
   <php>
    <min>5.2.0</min>
   </php>
   <pearinstaller>
    <min>2.0.0a1</min>
   </pearinstaller>
  </required>
  <optional>
   <package>
    <name>Zend_Log</name>
    <channel>packages.zendframework.com</channel>
   </package>
   <package>
    <name>Zend_Config</name>
    <channel>packages.zendframework.com</channel>
   </package>
  </optional>
 </dependencies>
 <phprelease/>
</package>
