<?xml version="1.0" encoding="UTF-8"?>
<package xmlns="http://pear.php.net/dtd/package-2.1" xmlns:tasks="http://pear.php.net/dtd/tasks-1.0" xmlns:xsi="http://www.w3.org/2001/XMLSchema-instance" version="2.1" xsi:schemaLocation="http://pear.php.net/dtd/tasks-1.0     http://pear.php.net/dtd/tasks-1.0.xsd     http://pear.php.net/dtd/package-2.1     http://pear.php.net/dtd/package-2.1.xsd" packagerversion="2.0.0">
 <name>Zend_Soap</name>
 <channel>packages.zendframework.com</channel>
 <summary>Package Zend_Soap summary.\n\n&quot; . &quot;Package detailed description here (found in README)</summary>
 <description/>
 <lead>
  <name>Your Name</name>
  <user>handle</user>
  <email>handle@php.net</email>
  <active>yes</active>
 </lead>
 <date>2012-07-06</date>
 <time>20:25:19</time>
 <version>
  <release>2.0.0beta5</release>
  <api>2.0.0beta5</api>
 </version>
 <stability>
  <release>beta</release>
  <api>beta</api>
 </stability>
 <license uri="http://www.opensource.org/licenses/bsd-license.php">New BSD License</license>
 <notes>Package  Zend_Soap release notes for version 0.1.0.

Package Zend_Soap API release notes for version 0.1.0.</notes>
 <contents>
  <dir name="/">
   <file role="php" name="php/Zend/Soap/Wsdl/ComplexTypeStrategy/DefaultComplexType.php"/>
   <file role="php" name="php/Zend/Soap/Wsdl/ComplexTypeStrategy/Composite.php"/>
   <file role="php" name="php/Zend/Soap/Wsdl/ComplexTypeStrategy/ComplexTypeStrategyInterface.php"/>
   <file role="php" name="php/Zend/Soap/Wsdl/ComplexTypeStrategy/ArrayOfTypeSequence.php"/>
   <file role="php" name="php/Zend/Soap/Wsdl/ComplexTypeStrategy/ArrayOfTypeComplex.php"/>
   <file role="php" name="php/Zend/Soap/Wsdl/ComplexTypeStrategy/AnyType.php"/>
   <file role="php" name="php/Zend/Soap/Wsdl/ComplexTypeStrategy/AbstractComplexTypeStrategy.php"/>
   <file role="php" name="php/Zend/Soap/Wsdl.php"/>
   <file role="php" name="php/Zend/Soap/Server/DocumentLiteralWrapper.php"/>
   <file role="php" name="php/Zend/Soap/Server.php"/>
   <file role="php" name="php/Zend/Soap/Exception/UnexpectedValueException.php"/>
   <file role="php" name="php/Zend/Soap/Exception/RuntimeException.php"/>
   <file role="php" name="php/Zend/Soap/Exception/InvalidArgumentException.php"/>
   <file role="php" name="php/Zend/Soap/Exception/ExceptionNotLoadedException.php"/>
   <file role="php" name="php/Zend/Soap/Exception/ExceptionInterface.php"/>
   <file role="php" name="php/Zend/Soap/Exception/BadMethodCallException.php"/>
   <file role="php" name="php/Zend/Soap/composer.json"/>
   <file role="php" name="php/Zend/Soap/Client/Local.php"/>
   <file role="php" name="php/Zend/Soap/Client/DotNet.php"/>
   <file role="php" name="php/Zend/Soap/Client/Common.php"/>
   <file role="php" name="php/Zend/Soap/Client.php"/>
   <file role="php" name="php/Zend/Soap/AutoDiscover/DiscoveryStrategy/ReflectionDiscovery.php"/>
   <file role="php" name="php/Zend/Soap/AutoDiscover/DiscoveryStrategy/DiscoveryStrategyInterface.php"/>
   <file role="php" name="php/Zend/Soap/AutoDiscover.php"/>
  </dir>
 </contents>
 <dependencies>
  <required>
   <php>
    <min>5.2.0</min>
   </php>
   <pearinstaller>
    <min>2.0.0a1</min>
   </pearinstaller>
   <package>
    <name>Zend_Uri</name>
    <channel>packages.zendframework.com</channel>
   </package>
  </required>
 </dependencies>
 <phprelease/>
</package>
