<?xml version="1.0" encoding="UTF-8"?>
<package xmlns="http://pear.php.net/dtd/package-2.1" xmlns:tasks="http://pear.php.net/dtd/tasks-1.0" xmlns:xsi="http://www.w3.org/2001/XMLSchema-instance" version="2.1" xsi:schemaLocation="http://pear.php.net/dtd/tasks-1.0     http://pear.php.net/dtd/tasks-1.0.xsd     http://pear.php.net/dtd/package-2.1     http://pear.php.net/dtd/package-2.1.xsd" packagerversion="2.0.0">
 <name>ZendServiceGoGrid</name>
 <channel>packages.zendframework.com</channel>
 <summary>Package ZendServiceGoGrid summary.\n\n&quot; . &quot;Package detailed description here (found in README)</summary>
 <description/>
 <lead>
  <name>Your Name</name>
  <user>handle</user>
  <email>handle@php.net</email>
  <active>yes</active>
 </lead>
 <date>2012-08-02</date>
 <time>08:00:13</time>
 <version>
  <release>2.0.0rc2</release>
  <api>2.0.0rc2</api>
 </version>
 <stability>
  <release>stable</release>
  <api>stable</api>
 </stability>
 <license uri="http://www.opensource.org/licenses/bsd-license.php">New BSD License</license>
 <notes>Package  ZendServiceGoGrid release notes for version 0.1.0.

Package ZendServiceGoGrid API release notes for version 0.1.0.</notes>
 <contents>
  <dir name="/">
   <file role="php" name="php/ZendService/GoGrid/Server.php"/>
   <file role="php" name="php/ZendService/GoGrid/ObjectList.php"/>
   <file role="php" name="php/ZendService/GoGrid/Object.php"/>
   <file role="php" name="php/ZendService/GoGrid/Job.php"/>
   <file role="php" name="php/ZendService/GoGrid/Exception/RuntimeException.php"/>
   <file role="php" name="php/ZendService/GoGrid/Exception/OutOfBoundsException.php"/>
   <file role="php" name="php/ZendService/GoGrid/Exception/InvalidArgumentException.php"/>
   <file role="php" name="php/ZendService/GoGrid/Exception/ExceptionInterface.php"/>
   <file role="php" name="php/ZendService/GoGrid/AbstractGoGrid.php"/>
  </dir>
 </contents>
 <dependencies>
  <required>
   <php>
    <min>5.2.0</min>
   </php>
   <pearinstaller>
    <min>2.0.0a1</min>
   </pearinstaller>
   <package>
    <name>Zend_Version</name>
    <channel>packages.zendframework.com</channel>
   </package>
  </required>
 </dependencies>
 <phprelease/>
</package>
