<?xml version="1.0" encoding="UTF-8"?>
<package xmlns="http://pear.php.net/dtd/package-2.1" xmlns:tasks="http://pear.php.net/dtd/tasks-1.0" xmlns:xsi="http://www.w3.org/2001/XMLSchema-instance" version="2.1" xsi:schemaLocation="http://pear.php.net/dtd/tasks-1.0     http://pear.php.net/dtd/tasks-1.0.xsd     http://pear.php.net/dtd/package-2.1     http://pear.php.net/dtd/package-2.1.xsd" packagerversion="2.0.0">
 <name>Zend_Captcha</name>
 <channel>packages.zendframework.com</channel>
 <summary>Package Zend_Captcha summary.\n\n&quot; . &quot;Package detailed description here (found in README)</summary>
 <description/>
 <lead>
  <name>Your Name</name>
  <user>handle</user>
  <email>handle@php.net</email>
  <active>yes</active>
 </lead>
 <date>2013-04-17</date>
 <time>16:19:13</time>
 <version>
  <release>2.1.5</release>
  <api>2.1.5</api>
 </version>
 <stability>
  <release>stable</release>
  <api>stable</api>
 </stability>
 <license uri="http://www.opensource.org/licenses/bsd-license.php">New BSD License</license>
 <notes>Package  Zend_Captcha release notes for version 0.1.0.

Package Zend_Captcha API release notes for version 0.1.0.</notes>
 <contents>
  <dir name="/">
   <file role="php" name="php/Zend/Captcha/ReCaptcha.php"/>
   <file role="php" name="php/Zend/Captcha/README.md"/>
   <file role="php" name="php/Zend/Captcha/Image.php"/>
   <file role="php" name="php/Zend/Captcha/Figlet.php"/>
   <file role="php" name="php/Zend/Captcha/Factory.php"/>
   <file role="php" name="php/Zend/Captcha/Exception/RuntimeException.php"/>
   <file role="php" name="php/Zend/Captcha/Exception/NoFontProvidedException.php"/>
   <file role="php" name="php/Zend/Captcha/Exception/InvalidArgumentException.php"/>
   <file role="php" name="php/Zend/Captcha/Exception/ImageNotLoadableException.php"/>
   <file role="php" name="php/Zend/Captcha/Exception/ExtensionNotLoadedException.php"/>
   <file role="php" name="php/Zend/Captcha/Exception/ExceptionInterface.php"/>
   <file role="php" name="php/Zend/Captcha/Exception/DomainException.php"/>
   <file role="php" name="php/Zend/Captcha/Dumb.php"/>
   <file role="php" name="php/Zend/Captcha/composer.json"/>
   <file role="php" name="php/Zend/Captcha/AdapterInterface.php"/>
   <file role="php" name="php/Zend/Captcha/AbstractWord.php"/>
   <file role="php" name="php/Zend/Captcha/AbstractAdapter.php"/>
  </dir>
 </contents>
 <dependencies>
  <required>
   <php>
    <min>5.2.0</min>
   </php>
   <pearinstaller>
    <min>2.0.0a1</min>
   </pearinstaller>
   <package>
    <name>Zend_Math</name>
    <channel>packages.zendframework.com</channel>
   </package>
   <package>
    <name>Zend_Stdlib</name>
    <channel>packages.zendframework.com</channel>
   </package>
  </required>
  <optional>
   <package>
    <name>ZendService_Recaptcha</name>
    <channel>packages.zendframework.com</channel>
   </package>
  </optional>
 </dependencies>
 <phprelease/>
</package>
