<?xml version="1.0" encoding="UTF-8"?>
<package xmlns="http://pear.php.net/dtd/package-2.1" xmlns:tasks="http://pear.php.net/dtd/tasks-1.0" xmlns:xsi="http://www.w3.org/2001/XMLSchema-instance" version="2.1" xsi:schemaLocation="http://pear.php.net/dtd/tasks-1.0     http://pear.php.net/dtd/tasks-1.0.xsd     http://pear.php.net/dtd/package-2.1     http://pear.php.net/dtd/package-2.1.xsd" packagerversion="2.0.0">
 <name>Zend_Stdlib</name>
 <channel>packages.zendframework.com</channel>
 <summary>Package Zend_Stdlib summary.\n\n&quot; . &quot;Package detailed description here (found in README)</summary>
 <description/>
 <lead>
  <name>Your Name</name>
  <user>handle</user>
  <email>handle@php.net</email>
  <active>yes</active>
 </lead>
 <date>2012-03-22</date>
 <time>19:41:33</time>
 <version>
  <release>2.0.0beta3</release>
  <api>2.0.0beta3</api>
 </version>
 <stability>
  <release>beta</release>
  <api>beta</api>
 </stability>
 <license uri="http://www.opensource.org/licenses/bsd-license.php">New BSD License</license>
 <notes>Package  Zend_Stdlib release notes for version 0.1.0.

Package Zend_Stdlib API release notes for version 0.1.0.</notes>
 <contents>
  <dir name="/">
   <file role="php" name="php/Zend/Stdlib/SplStack.php"/>
   <file role="php" name="php/Zend/Stdlib/SplQueue.php"/>
   <file role="php" name="php/Zend/Stdlib/SplPriorityQueue.php"/>
   <file role="php" name="php/Zend/Stdlib/ResponseDescription.php"/>
   <file role="php" name="php/Zend/Stdlib/Response.php"/>
   <file role="php" name="php/Zend/Stdlib/RequestDescription.php"/>
   <file role="php" name="php/Zend/Stdlib/Request.php"/>
   <file role="php" name="php/Zend/Stdlib/PriorityQueue.php"/>
   <file role="php" name="php/Zend/Stdlib/ParametersDescription.php"/>
   <file role="php" name="php/Zend/Stdlib/Parameters.php"/>
   <file role="php" name="php/Zend/Stdlib/ParameterObject.php"/>
   <file role="php" name="php/Zend/Stdlib/Options.php"/>
   <file role="php" name="php/Zend/Stdlib/MessageDescription.php"/>
   <file role="php" name="php/Zend/Stdlib/Message.php"/>
   <file role="php" name="php/Zend/Stdlib/IteratorToArray.php"/>
   <file role="php" name="php/Zend/Stdlib/IsAssocArray.php"/>
   <file role="php" name="php/Zend/Stdlib/Exception/LogicException.php"/>
   <file role="php" name="php/Zend/Stdlib/Exception/InvalidCallbackException.php"/>
   <file role="php" name="php/Zend/Stdlib/Exception/InvalidArgumentException.php"/>
   <file role="php" name="php/Zend/Stdlib/Exception/DomainException.php"/>
   <file role="php" name="php/Zend/Stdlib/Exception/BadMethodCallException.php"/>
   <file role="php" name="php/Zend/Stdlib/Exception.php"/>
   <file role="php" name="php/Zend/Stdlib/ErrorHandler.php"/>
   <file role="php" name="php/Zend/Stdlib/Dispatchable.php"/>
   <file role="php" name="php/Zend/Stdlib/CallbackHandler.php"/>
   <file role="php" name="php/Zend/Stdlib/ArrayStack.php"/>
  </dir>
 </contents>
 <dependencies>
  <required>
   <php>
    <min>5.2.0</min>
   </php>
   <pearinstaller>
    <min>2.0.0a1</min>
   </pearinstaller>
  </required>
 </dependencies>
 <phprelease/>
</package>
