<?xml version="1.0" encoding="UTF-8" ?>

<ldml>
	<identity>
		<version number="$Revision: 4853 $"/>
		<generation date="$Date: 2010-04-16 02:01:32 -0500 (Fri, 16 Apr 2010) $"/>
		<language type="en"/>
		<territory type="CA"/>
	</identity>
	<dates>
		<calendars>
			<calendar type="gregorian">
				<dateFormats>
					<dateFormatLength type="full">
						<dateFormat>
							<pattern>EEEE, d MMMM, y</pattern>
						</dateFormat>
					</dateFormatLength>
					<dateFormatLength type="long">
						<dateFormat>
							<pattern>d MMMM, y</pattern>
						</dateFormat>
					</dateFormatLength>
					<dateFormatLength type="medium">
						<dateFormat>
							<pattern>yyyy-MM-dd</pattern>
						</dateFormat>
					</dateFormatLength>
					<dateFormatLength type="short">
						<dateFormat>
							<pattern>yy-MM-dd</pattern>
						</dateFormat>
					</dateFormatLength>
				</dateFormats>
				<dateTimeFormats>
					<availableFormats>
						<dateFormatItem id="Md">M-d</dateFormatItem>
						<dateFormatItem id="MEd">E, M-d</dateFormatItem>
						<dateFormatItem id="MMdd">MM-dd</dateFormatItem>
						<dateFormatItem id="MMMd">d MMM</dateFormatItem>
						<dateFormatItem id="MMMEd">E, d MMM</dateFormatItem>
						<dateFormatItem id="MMMMd">d MMMM</dateFormatItem>
						<dateFormatItem id="MMMMEd">E, d MMMM</dateFormatItem>
						<dateFormatItem id="yMEd">EEE, y-M-d</dateFormatItem>
						<dateFormatItem id="yMMMEd">EEE, d MMM, y</dateFormatItem>
						<dateFormatItem id="yyMMM">MMM-yy</dateFormatItem>
					</availableFormats>
					<intervalFormats>
						<intervalFormatFallback>{0} - {1}</intervalFormatFallback>
						<intervalFormatItem id="d">
							<greatestDifference id="d">d-d</greatestDifference>
						</intervalFormatItem>
						<intervalFormatItem id="h">
							<greatestDifference id="a">h a - h a</greatestDifference>
							<greatestDifference id="h">h-h a</greatestDifference>
						</intervalFormatItem>
						<intervalFormatItem id="hm">
							<greatestDifference id="a">h:mm a - h:mm a</greatestDifference>
							<greatestDifference id="h">h:mm-h:mm a</greatestDifference>
							<greatestDifference id="m">h:mm-h:mm a</greatestDifference>
						</intervalFormatItem>
						<intervalFormatItem id="hmv">
							<greatestDifference id="a">h:mm a - h:mm a v</greatestDifference>
							<greatestDifference id="h">h:mm-h:mm a v</greatestDifference>
							<greatestDifference id="m">h:mm-h:mm a v</greatestDifference>
						</intervalFormatItem>
						<intervalFormatItem id="hv">
							<greatestDifference id="a">h a - h a v</greatestDifference>
							<greatestDifference id="h">h-h a v</greatestDifference>
						</intervalFormatItem>
						<intervalFormatItem id="M">
							<greatestDifference id="M">M-M</greatestDifference>
						</intervalFormatItem>
						<intervalFormatItem id="Md">
							<greatestDifference id="d">d/M – d/M</greatestDifference>
							<greatestDifference id="M">d/M – d/M</greatestDifference>
						</intervalFormatItem>
						<intervalFormatItem id="MEd">
							<greatestDifference id="d">E, d/M – E, d/M</greatestDifference>
							<greatestDifference id="M">E, d/M – E, d/M</greatestDifference>
						</intervalFormatItem>
						<intervalFormatItem id="MMM">
							<greatestDifference id="M">MMM-MMM</greatestDifference>
						</intervalFormatItem>
						<intervalFormatItem id="MMMd">
							<greatestDifference id="d">d–d MMM</greatestDifference>
							<greatestDifference id="M">d MMM – d MMM</greatestDifference>
						</intervalFormatItem>
						<intervalFormatItem id="MMMEd">
							<greatestDifference id="d">E, d MMM – E, d MMM</greatestDifference>
							<greatestDifference id="M">E, d MMM – E, d MMM</greatestDifference>
						</intervalFormatItem>
						<intervalFormatItem id="y">
							<greatestDifference id="y">y-y</greatestDifference>
						</intervalFormatItem>
						<intervalFormatItem id="yM">
							<greatestDifference id="M">yy-MM - yy-MM</greatestDifference>
							<greatestDifference id="y">yy-MM - yy-MM</greatestDifference>
						</intervalFormatItem>
						<intervalFormatItem id="yMd">
							<greatestDifference id="d">d/M/yy – d/M/yy</greatestDifference>
							<greatestDifference id="M">d/M/yy – d/M/yy</greatestDifference>
							<greatestDifference id="y">d/M/yy – d/M/yy</greatestDifference>
						</intervalFormatItem>
						<intervalFormatItem id="yMEd">
							<greatestDifference id="d">E, d/M/yy – E, d/M/yy</greatestDifference>
							<greatestDifference id="M">E, d/M/yy – E, d/M/yy</greatestDifference>
							<greatestDifference id="y">E, d/M/yy – E, d/M/yy</greatestDifference>
						</intervalFormatItem>
						<intervalFormatItem id="yMMM">
							<greatestDifference id="M">MMM-MMM y</greatestDifference>
							<greatestDifference id="y">MMM y - MMM y</greatestDifference>
						</intervalFormatItem>
						<intervalFormatItem id="yMMMd">
							<greatestDifference id="d">d–d MMM, y</greatestDifference>
							<greatestDifference id="M">d MMM – d MMM, y</greatestDifference>
							<greatestDifference id="y">d MMM, y – d MMM, y</greatestDifference>
						</intervalFormatItem>
						<intervalFormatItem id="yMMMEd">
							<greatestDifference id="d">E, d MMM – E, d MMM, y</greatestDifference>
							<greatestDifference id="M">E, d MMM – E, d MMM, y</greatestDifference>
							<greatestDifference id="y">E, d MMM, y – E, d MMM, y</greatestDifference>
						</intervalFormatItem>
					</intervalFormats>
				</dateTimeFormats>
			</calendar>
		</calendars>
		<timeZoneNames>
			<metazone type="Newfoundland">
				<commonlyUsed>true</commonlyUsed>
			</metazone>
		</timeZoneNames>
	</dates>
	<numbers>
		<currencies>
			<currency type="CAD">
				<symbol>$</symbol>
			</currency>
			<currency type="USD">
				<symbol>US$</symbol>
			</currency>
		</currencies>
	</numbers>
</ldml>
