<?xml version="1.0" encoding="UTF-8" ?>

<ldml>
	<identity>
		<version number="$Revision: 5096 $"/>
		<generation date="$Date: 2010-10-13 19:10:15 -0500 (Wed, 13 Oct 2010) $"/>
		<language type="id"/>
	</identity>
	<localeDisplayNames>
		<languages>
			<language type="aa">Afar</language>
			<language type="ab">Abkhaz</language>
			<language type="ace">Aceh</language>
			<language type="ach">Acholi</language>
			<language type="ada">Adangme</language>
			<language type="ady">Adygei</language>
			<language type="ae">Avestan</language>
			<language type="af">Afrikaans</language>
			<language type="afa">Afro-Asiatik (Lainnya)</language>
			<language type="afh">Afrihili</language>
			<language type="ain">Ainu</language>
			<language type="ak">Akan</language>
			<language type="akk">Akkadien</language>
			<language type="ale">Aleut</language>
			<language type="alg">Bahasa Algonquia</language>
			<language type="alt">Altai Selatan</language>
			<language type="am">Amharik</language>
			<language type="an">Aragon</language>
			<language type="ang">Inggris Kuno (kl.450-1100)</language>
			<language type="anp">Angika</language>
			<language type="apa">Bahasa-bahasa Apache</language>
			<language type="ar">Arab</language>
			<language type="arc">Aram</language>
			<language type="arn">Araucan</language>
			<language type="arp">Arapaho</language>
			<language type="art">Buatan (Lainnya)</language>
			<language type="arw">Arawak</language>
			<language type="as">Assam</language>
			<language type="ast">Astur</language>
			<language type="ath">Bahasa-bahasa Athapaska</language>
			<language type="aus">Bahasa-bahasa Australia</language>
			<language type="av">Avarik</language>
			<language type="awa">Awadhi</language>
			<language type="ay">Aymara</language>
			<language type="az">Azerbaijan</language>
			<language type="ba">Bashkir</language>
			<language type="bad">Banda</language>
			<language type="bai">Bahasa-bahasa Bamileke</language>
			<language type="bal">Baluchi</language>
			<language type="ban">Balin</language>
			<language type="bas">Basa</language>
			<language type="bat">Baltik (Lainnya)</language>
			<language type="be">Belarusia</language>
			<language type="bej">Beja</language>
			<language type="bem">Bemba</language>
			<language type="ber">Berber</language>
			<language type="bg">Bulgaria</language>
			<language type="bh">Bihari</language>
			<language type="bho">Bhojpur</language>
			<language type="bi">Bislama</language>
			<language type="bik">Bikol</language>
			<language type="bin">Bini</language>
			<language type="bla">Siksika</language>
			<language type="bm">Bambara</language>
			<language type="bn">Bengal</language>
			<language type="bnt">Bantu</language>
			<language type="bo">Tibet</language>
			<language type="br">Breton</language>
			<language type="bra">Braj</language>
			<language type="bs">Bosnia</language>
			<language type="btk">Batak</language>
			<language type="bua">Buriat</language>
			<language type="bug">Bugis</language>
			<language type="byn">Blin</language>
			<language type="ca">Katalan</language>
			<language type="cad">Kado</language>
			<language type="cai">India Amerika Tengah (Lainnnya)</language>
			<language type="car">Karib</language>
			<language type="cau">Kaukasia (Lainnya)</language>
			<language type="cch">Atsam</language>
			<language type="ce">Chechen</language>
			<language type="ceb">Cebuano</language>
			<language type="cel">Celtic (Lainnya)</language>
			<language type="ch">Chamorro</language>
			<language type="chb">Chibcha</language>
			<language type="chg">Chagatai</language>
			<language type="chk">Chuuke</language>
			<language type="chm">Mari</language>
			<language type="chn">Jargon Chinook</language>
			<language type="cho">Choctaw</language>
			<language type="chp">Chipewyan</language>
			<language type="chr">Cherokee</language>
			<language type="chy">Cheyenne</language>
			<language type="cmc">Bahasa Chamic</language>
			<language type="co">Korsika</language>
			<language type="cop">Koptik</language>
			<language type="cpe">Kreol dan Pidgins Lain Berbasis Inggris</language>
			<language type="cpf">Kreol dan Pidgins Lain berbasis Prancis</language>
			<language type="cpp">Kreol dan Pidgins Lain berbasis Portugis</language>
			<language type="cr">Cree</language>
			<language type="crh">Turki Krimea</language>
			<language type="crp">Kreol dan Pidgins Lain</language>
			<language type="cs">Cheska</language>
			<language type="csb">Kashubian</language>
			<language type="cu">Church Slavic</language>
			<language type="cus">Cushitic Lain</language>
			<language type="cv">Chuvash</language>
			<language type="cy">Welsh</language>
			<language type="da">Dansk</language>
			<language type="dak">Dakota</language>
			<language type="dar">Dargwa</language>
			<language type="day">Dayak</language>
			<language type="de">Jerman</language>
			<language type="de_AT">Jerman Austria</language>
			<language type="de_CH">Jerman Tinggi Swiss</language>
			<language type="del">Delaware</language>
			<language type="den">Slave</language>
			<language type="dgr">Dogrib</language>
			<language type="din">Dinka</language>
			<language type="doi">Dogri</language>
			<language type="dra">Dravidia Lain</language>
			<language type="dsb">Sorbia Rendahan</language>
			<language type="dua">Duala</language>
			<language type="dum">Belanda Menengah</language>
			<language type="dv">Divehi</language>
			<language type="dyu">Dyula</language>
			<language type="dz">Dzongkha</language>
			<language type="ee">Ewe</language>
			<language type="efi">Efik</language>
			<language type="egy">Mesir Kuno</language>
			<language type="eka">Ekajuk</language>
			<language type="el">Yunani</language>
			<language type="elx">Elamite</language>
			<language type="en">Inggris</language>
			<language type="en_AU">Inggris Australia</language>
			<language type="en_CA">Inggris Kanada</language>
			<language type="en_GB">Inggris (British)</language>
			<language type="en_US">Inggris A.S.</language>
			<language type="enm">Inggris, Abad Pertengahan (1100-1500)</language>
			<language type="eo">Esperanto</language>
			<language type="es">Spanyol</language>
			<language type="es_419">Spanyol Amerika Latin</language>
			<language type="es_ES">Spanyol (Iberia)</language>
			<language type="et">Estonian</language>
			<language type="eu">Basque</language>
			<language type="ewo">Ewondo</language>
			<language type="fa">Persia</language>
			<language type="fan">Fang</language>
			<language type="fat">Fanti</language>
			<language type="ff">Fulah</language>
			<language type="fi">Suomi</language>
			<language type="fil">Filipina</language>
			<language type="fiu">Finno - Ugria Lain</language>
			<language type="fj">Fiji</language>
			<language type="fo">Faro</language>
			<language type="fon">Fon</language>
			<language type="fr">Perancis</language>
			<language type="fr_CA">Prancis Kanada</language>
			<language type="fr_CH">Prancis Swiss</language>
			<language type="frm">Perancis, Abad Pertengahan (kl.1400-1600)</language>
			<language type="fro">Perancis Kuno (842-kl.1400)</language>
			<language type="frr">Frisia Utara</language>
			<language type="frs">Frisia Timur</language>
			<language type="fur">Friuli</language>
			<language type="fy">Frisi</language>
			<language type="ga">Irlandia</language>
			<language type="gaa">Ga</language>
			<language type="gay">Gayo</language>
			<language type="gba">Gbaya</language>
			<language type="gd">Gaelik Skotlandia</language>
			<language type="gem">Jermanik (Lainnya)</language>
			<language type="gez">Geez</language>
			<language type="gil">Gilbert</language>
			<language type="gl">Gallegan</language>
			<language type="gmh">Jerman, Abad Pertengahan (kl.1050-1500)</language>
			<language type="gn">Guarani</language>
			<language type="goh">Jerman Kuno (kl.750-1050)</language>
			<language type="gon">Gondi</language>
			<language type="gor">Gorontalo</language>
			<language type="got">Gothik</language>
			<language type="grb">Grebo</language>
			<language type="grc">Yunani Kuno (sd 1453)</language>
			<language type="gsw">Jerman Swiss</language>
			<language type="gu">Gujarati</language>
			<language type="gv">Manx</language>
			<language type="gwi">Gwich'in</language>
			<language type="ha">Hausa</language>
			<language type="hai">Haida</language>
			<language type="haw">Hawaii</language>
			<language type="he">Ibrani</language>
			<language type="hi">Hindi</language>
			<language type="hil">Hiligaynon</language>
			<language type="him">Himachali</language>
			<language type="hit">Hittite</language>
			<language type="hmn">Hmong</language>
			<language type="ho">Hiri Motu</language>
			<language type="hr">Kroat</language>
			<language type="hsb">Sorbia Atas</language>
			<language type="ht">Haiti</language>
			<language type="hu">Magyar</language>
			<language type="hup">Hupa</language>
			<language type="hy">Armenia</language>
			<language type="hz">Herero</language>
			<language type="ia">Interlingua</language>
			<language type="iba">Iban</language>
			<language type="id">Bahasa Indonesia</language>
			<language type="ie">Interlingue</language>
			<language type="ig">Igbo</language>
			<language type="ii">Sichuan Yi</language>
			<language type="ijo">Ijo</language>
			<language type="ik">Inupiaq</language>
			<language type="ilo">Iloko</language>
			<language type="inc">Indic Lain</language>
			<language type="ine">Indo-Eropa Lain</language>
			<language type="inh">Ingush</language>
			<language type="io">Ido</language>
			<language type="ira">Iran Lain</language>
			<language type="iro">Bahasa Iroquoia</language>
			<language type="is">Icelandic</language>
			<language type="it">Italia</language>
			<language type="iu">Inuktitut</language>
			<language type="ja">Jepang</language>
			<language type="jbo">Lojban</language>
			<language type="jpr">Judeo-Persia</language>
			<language type="jrb">Judeo-Arab</language>
			<language type="jv">Jawa</language>
			<language type="ka">Georgian</language>
			<language type="kaa">Kara-Kalpak</language>
			<language type="kab">Kabyle</language>
			<language type="kac">Kachin</language>
			<language type="kaj">Jju</language>
			<language type="kam">Kamba</language>
			<language type="kar">Karen</language>
			<language type="kaw">Kawi</language>
			<language type="kbd">Kabardian</language>
			<language type="kcg">Tyap</language>
			<language type="kfo">Koro</language>
			<language type="kg">Kongo</language>
			<language type="kha">Khasi</language>
			<language type="khi">Khoisa Lain</language>
			<language type="kho">Khotan</language>
			<language type="ki">Kikuyu</language>
			<language type="kj">Kuanyama</language>
			<language type="kk">Kazakh</language>
			<language type="kl">Kalaallisut</language>
			<language type="km">Khmer</language>
			<language type="kmb">Kimbundu</language>
			<language type="kn">Kannada</language>
			<language type="ko">Korea</language>
			<language type="kok">Konkani</language>
			<language type="kos">Kosrae</language>
			<language type="kpe">Kpelle</language>
			<language type="kr">Kanuri</language>
			<language type="krc">Karachay-Balkar</language>
			<language type="krl">Karelian</language>
			<language type="kro">Kru</language>
			<language type="kru">Kurukh</language>
			<language type="ks">Kashmir</language>
			<language type="ku">Kurdi</language>
			<language type="kum">Kumyk</language>
			<language type="kut">Kutenai</language>
			<language type="kv">Komi</language>
			<language type="kw">Cornish</language>
			<language type="ky">Kirghiz</language>
			<language type="la">Latin</language>
			<language type="lad">Ladino</language>
			<language type="lah">Lahnda</language>
			<language type="lam">Lamba</language>
			<language type="lb">Luxembourg</language>
			<language type="lez">Lezghia</language>
			<language type="lg">Ganda</language>
			<language type="li">Limburg</language>
			<language type="ln">Lingala</language>
			<language type="lo">Lao</language>
			<language type="lol">Mongo</language>
			<language type="loz">Lozi</language>
			<language type="lt">Lithuania</language>
			<language type="lu">Luba-Katanga</language>
			<language type="lua">Luba-Lulua</language>
			<language type="lui">Luiseno</language>
			<language type="lun">Lunda</language>
			<language type="luo">Luo</language>
			<language type="lus">Lushai</language>
			<language type="lv">Latvi</language>
			<language type="mad">Madura</language>
			<language type="mag">Magahi</language>
			<language type="mai">Maithili</language>
			<language type="mak">Makassar</language>
			<language type="man">Mandingo</language>
			<language type="map">Austronesia</language>
			<language type="mas">Masai</language>
			<language type="mdf">Moksha</language>
			<language type="mdr">Mandar</language>
			<language type="men">Mende</language>
			<language type="mg">Malagasi</language>
			<language type="mga">Irlandia Abad Pertengahan (900-1200)</language>
			<language type="mh">Marshall</language>
			<language type="mi">Maori</language>
			<language type="mic">Micmac</language>
			<language type="min">Minangkabau</language>
			<language type="mis">Bahasa Lain-lain</language>
			<language type="mk">Macedonian</language>
			<language type="mkh">Mon-Khmer (Lainnya)</language>
			<language type="ml">Malayalam</language>
			<language type="mn">Mongolian</language>
			<language type="mnc">Manchu</language>
			<language type="mni">Manipuri</language>
			<language type="mno">Bahasa Manobo</language>
			<language type="mo">Moldavian</language>
			<language type="moh">Mohawk</language>
			<language type="mos">Mossi</language>
			<language type="mr">Marathi</language>
			<language type="ms">Malay</language>
			<language type="mt">Maltese</language>
			<language type="mul">Beberapa Bahasa</language>
			<language type="mun">Bahasa Munda</language>
			<language type="mus">Creek</language>
			<language type="mwl">Mirand</language>
			<language type="mwr">Marwari</language>
			<language type="my">Burma</language>
			<language type="myn">Bahasa Mayan</language>
			<language type="myv">Erza</language>
			<language type="na">Nauru</language>
			<language type="nah">Nahuati</language>
			<language type="nai">Indian Amerika Utara Lain</language>
			<language type="nap">Neapolitan</language>
			<language type="nb">Norwegian Bokmål</language>
			<language type="nd">Ndebele Utara</language>
			<language type="nds">Jerman Rendah</language>
			<language type="ne">Nepal</language>
			<language type="new">Newari</language>
			<language type="ng">Ndonga</language>
			<language type="nia">Nias</language>
			<language type="nic">Niger - Kordofania Lain</language>
			<language type="niu">Niuea</language>
			<language type="nl">Belanda</language>
			<language type="nl_BE">Flemish</language>
			<language type="nn">Norwegian Nynorsk</language>
			<language type="no">Norwegian</language>
			<language type="nog">Nogai</language>
			<language type="non">Norse Lama</language>
			<language type="nqo">N'Ko</language>
			<language type="nr">Ndebele Selatan</language>
			<language type="nso">Sotho Utara</language>
			<language type="nub">Bahasa Nubia</language>
			<language type="nv">Navajo</language>
			<language type="nwc">Newari Klasik</language>
			<language type="ny">Nyanja; Chichewa; Chewa</language>
			<language type="nym">Nyamwezi</language>
			<language type="nyn">Nyankole</language>
			<language type="nyo">Nyoro</language>
			<language type="nzi">Nzima</language>
			<language type="oc">Bahasa Occit</language>
			<language type="oj">Ojibwa</language>
			<language type="om">Oromo</language>
			<language type="or">Oriya</language>
			<language type="os">Ossetic</language>
			<language type="osa">Osage</language>
			<language type="ota">Turki Ottoman</language>
			<language type="oto">Bahasa Otomia</language>
			<language type="pa">Punjabi</language>
			<language type="paa">Papuan (Lainnya)</language>
			<language type="pag">Pangasina</language>
			<language type="pal">Pahlavi</language>
			<language type="pam">Pampanga</language>
			<language type="pap">Papiamento</language>
			<language type="pau">Palaua</language>
			<language type="peo">Persia Kuno (kl.600-400 SM.)</language>
			<language type="phi">Filipina (Lainnya)</language>
			<language type="phn">Phoenicia</language>
			<language type="pi">Pali</language>
			<language type="pl">Polish</language>
			<language type="pon">Pohnpeia</language>
			<language type="pra">Bahasa Prakrit</language>
			<language type="pro">Provençal Lama</language>
			<language type="ps">Pashto (Pushto)</language>
			<language type="pt">Portugis</language>
			<language type="pt_BR">Portugis Brasil</language>
			<language type="pt_PT">Portugis (Iberia)</language>
			<language type="qu">Quechua</language>
			<language type="raj">Rajasthani</language>
			<language type="rap">Rapanui</language>
			<language type="rar">Rarotongan</language>
			<language type="rm">Rhaeto-Romance</language>
			<language type="rn">Rundi</language>
			<language type="ro">Romanian</language>
			<language type="roa">Romance Lain</language>
			<language type="rom">Romany</language>
			<language type="root">Root</language>
			<language type="ru">Rusia</language>
			<language type="rup">Aromanian</language>
			<language type="rw">Kinyarwanda</language>
			<language type="sa">Sanskrit</language>
			<language type="sad">Sandawe</language>
			<language type="sah">Yakut</language>
			<language type="sai">Indian Amerika Selatan Lain</language>
			<language type="sal">Bahasa Salisha</language>
			<language type="sam">Aramaic Samaritan</language>
			<language type="sas">Sasak</language>
			<language type="sat">Santali</language>
			<language type="sc">Sardinian</language>
			<language type="scn">Sisilia</language>
			<language type="sco">Skotlandia</language>
			<language type="sd">Sindhi</language>
			<language type="se">Northern Sami</language>
			<language type="sel">Selkup</language>
			<language type="sem">Semitic Lain</language>
			<language type="sg">Sango</language>
			<language type="sga">Irlandia Lama</language>
			<language type="sgn">Bahasa Isyarat</language>
			<language type="sh">Serbo-Croatian</language>
			<language type="shn">Shan</language>
			<language type="si">Sinhalese</language>
			<language type="sid">Sidamo</language>
			<language type="sio">Bahasa Siouan</language>
			<language type="sit">Sino-Tibet Lain</language>
			<language type="sk">Slovak</language>
			<language type="sl">Sloven</language>
			<language type="sla">Slavic Lain</language>
			<language type="sm">Samoan</language>
			<language type="sma">Sami Selatan</language>
			<language type="smi">Bahasa Sami Lain</language>
			<language type="smj">Lule Sami</language>
			<language type="smn">Inari Sami</language>
			<language type="sms">Skolt Sami</language>
			<language type="sn">Shona</language>
			<language type="snk">Soninke</language>
			<language type="so">Somali</language>
			<language type="sog">Sogdien</language>
			<language type="son">Songhai</language>
			<language type="sq">Albanian</language>
			<language type="sr">Serb</language>
			<language type="srn">Sranan Tongo</language>
			<language type="srr">Serer</language>
			<language type="ss">Swati</language>
			<language type="ssa">Nilo-Sahara Lain</language>
			<language type="st">Sotho Selatan</language>
			<language type="su">Sundan</language>
			<language type="suk">Sukuma</language>
			<language type="sus">Susu</language>
			<language type="sux">Sumeria</language>
			<language type="sv">Swensk</language>
			<language type="sw">Swahili</language>
			<language type="swb">Komoria</language>
			<language type="syr">Syria</language>
			<language type="ta">Tamil</language>
			<language type="tai">Tai Lain</language>
			<language type="te">Telugu</language>
			<language type="tem">Timne</language>
			<language type="ter">Tereno</language>
			<language type="tet">Tetum</language>
			<language type="tg">Tajik</language>
			<language type="th">Thai</language>
			<language type="ti">Tigrinya</language>
			<language type="tig">Tigre</language>
			<language type="tiv">Tiv</language>
			<language type="tk">Turkmen</language>
			<language type="tkl">Tokelau</language>
			<language type="tl">Tagalog</language>
			<language type="tlh">Klingon</language>
			<language type="tli">Tingit</language>
			<language type="tmh">Tamashek</language>
			<language type="tn">Tswana</language>
			<language type="to">Tonga</language>
			<language type="tog">Nyasa Tonga</language>
			<language type="tpi">Tok Pisin</language>
			<language type="tr">Turki</language>
			<language type="ts">Tsonga</language>
			<language type="tsi">Tsimshian</language>
			<language type="tt">Tatar</language>
			<language type="tum">Tumbuka</language>
			<language type="tup">Bahasa Tupi</language>
			<language type="tut">Altai</language>
			<language type="tvl">Tuvalu</language>
			<language type="tw">Twi</language>
			<language type="ty">Tahitian</language>
			<language type="tyv">Tuvinia</language>
			<language type="udm">Udmurt</language>
			<language type="ug">Uighur</language>
			<language type="uga">Ugaritik</language>
			<language type="uk">Ukraina</language>
			<language type="umb">Umbundu</language>
			<language type="und">Bahasa Tidak Dikenal atau Tidak Valid</language>
			<language type="ur">Urdu</language>
			<language type="uz">Uzbek</language>
			<language type="vai">Vai</language>
			<language type="ve">Venda</language>
			<language type="vi">Vietnamese</language>
			<language type="vo">Volapük</language>
			<language type="vot">Votik</language>
			<language type="wa">Walloon</language>
			<language type="wak">Bahasa Wakasha</language>
			<language type="wal">Walamo</language>
			<language type="war">Waray</language>
			<language type="was">Washo</language>
			<language type="wen">Bahasa Serbia</language>
			<language type="wo">Wolof</language>
			<language type="xal">Kalmyk</language>
			<language type="xh">Xhosa</language>
			<language type="yao">Yao</language>
			<language type="yap">Yap</language>
			<language type="yi">Yiddish</language>
			<language type="yo">Yoruba</language>
			<language type="ypk">Bahasa Yupik</language>
			<language type="yue">Kanton</language>
			<language type="za">Zhuang</language>
			<language type="zap">Zapotek</language>
			<language type="zen">Zenaga</language>
			<language type="zh">Mandarin</language>
			<language type="zh_Hans">Mandarin (aksara sederhana)</language>
			<language type="zh_Hant">Mandarin (aksara tradisional)</language>
			<language type="znd">Zande</language>
			<language type="zu">Zulu</language>
			<language type="zun">Zuni</language>
			<language type="zxx">Tidak ada konten linguistik</language>
			<language type="zza">Zaza</language>
		</languages>
		<scripts>
			<script type="Armn">Armenia</script>
			<script type="Batk">Batak</script>
			<script type="Beng">Bengali</script>
			<script type="Blis">Blissymbols</script>
			<script type="Bopo">Bopomofo</script>
			<script type="Brah">Brahmi</script>
			<script type="Brai">Braile</script>
			<script type="Bugi">Bugis</script>
			<script type="Buhd">Buhid</script>
			<script type="Cans">Simbol Aborigin Kanada Kesatuan</script>
			<script type="Cari">Carian</script>
			<script type="Cher">Cherokee</script>
			<script type="Cirt">Cirth</script>
			<script type="Copt">Coptic</script>
			<script type="Cprt">Cypriot</script>
			<script type="Cyrl">Cyrillic</script>
			<script type="Cyrs">Church Slavonic Cyrillic Lama</script>
			<script type="Deva">Devanagari</script>
			<script type="Dsrt">Deseret</script>
			<script type="Egyd">Demotik Mesir</script>
			<script type="Egyh">Hieratik Mesir</script>
			<script type="Egyp">Hieroglip Mesir</script>
			<script type="Ethi">Ethiopic</script>
			<script type="Geok">Georgian Khutsuri</script>
			<script type="Geor">Georgian</script>
			<script type="Glag">Glagolitic</script>
			<script type="Goth">Gothic</script>
			<script type="Grek">Yunani</script>
			<script type="Gujr">Gujarat</script>
			<script type="Guru">Gurmukhi</script>
			<script type="Hang">Hangul</script>
			<script type="Hani">Han</script>
			<script type="Hano">Hanunoo</script>
			<script type="Hans">Han Sederhana</script>
			<script type="Hant">Han Tradisional</script>
			<script type="Hebr">Ibrani</script>
			<script type="Hira">Hiragana</script>
			<script type="Hmng">Pahawh Hmong</script>
			<script type="Hrkt">Katakana atau Hiragana</script>
			<script type="Hung">Hongaria Lama</script>
			<script type="Inds">Indus</script>
			<script type="Ital">Italia Lama</script>
			<script type="Java">Jawa</script>
			<script type="Jpan">Jepang</script>
			<script type="Kali">Kayah Li</script>
			<script type="Kana">Katakana</script>
			<script type="Khar">Kharoshthi</script>
			<script type="Khmr">Khmer</script>
			<script type="Knda">Kannada</script>
			<script type="Lana">Lanna</script>
			<script type="Laoo">Lao</script>
			<script type="Latf">Latin Fraktur</script>
			<script type="Latg">Latin Gaelic</script>
			<script type="Latn">Latin</script>
			<script type="Lepc">Lepcha</script>
			<script type="Limb">Limbu</script>
			<script type="Lina">Linear A</script>
			<script type="Linb">Linear B</script>
			<script type="Lyci">Lycian</script>
			<script type="Lydi">Lydian</script>
			<script type="Mand">Mandaean</script>
			<script type="Maya">Hieroglip Maya</script>
			<script type="Mero">Meroitic</script>
			<script type="Mlym">Malayalam</script>
			<script type="Mong">Mongol</script>
			<script type="Moon">Moon</script>
			<script type="Mtei">Meitei Mayek</script>
			<script type="Mymr">Myanmar</script>
			<script type="Nkoo">N'Ko</script>
			<script type="Ogam">Ogham</script>
			<script type="Olck">Chiki Lama</script>
			<script type="Orkh">Orkhon</script>
			<script type="Orya">Oriya</script>
			<script type="Osma">Osmanya</script>
			<script type="Phag">Phags-pa</script>
			<script type="Phnx">Phoenix</script>
			<script type="Plrd">Fonetik Pollard</script>
			<script type="Rjng">Rejang</script>
			<script type="Roro">Rongorongo</script>
			<script type="Runr">Runic</script>
			<script type="Sara">Sarati</script>
			<script type="Saur">Saurashtra</script>
			<script type="Sgnw">Tulisan Isyarat</script>
			<script type="Shaw">Shavian</script>
			<script type="Sinh">Sinhala</script>
			<script type="Sund">Sunda</script>
			<script type="Sylo">Syloti Nagri</script>
			<script type="Syrc">Syriac</script>
			<script type="Syre">Siria Estrangelo</script>
			<script type="Syrj">Syriac Barat</script>
			<script type="Syrn">Siria Timur</script>
			<script type="Tagb">Tagbanwa</script>
			<script type="Tale">Tai Le</script>
			<script type="Talu">Tai Lue Baru</script>
			<script type="Taml">Tamil</script>
			<script type="Telu">Telugu</script>
			<script type="Teng">Tenghwar</script>
			<script type="Tfng">Tifinagh</script>
			<script type="Tglg">Tagalog</script>
			<script type="Thaa">Thaana</script>
			<script type="Thai">Thai</script>
			<script type="Tibt">Tibet</script>
			<script type="Ugar">Ugaritic</script>
			<script type="Vaii">Vai</script>
			<script type="Visp">Ucapan Terlihat</script>
			<script type="Xsux">Sumero-Akkadian Cuneiform</script>
			<script type="Yiii">Yi</script>
			<script type="Zinh">Warisan</script>
			<script type="Zxxx">Tidak tertulis</script>
			<script type="Zyyy">Common</script>
			<script type="Zzzz">Skrip tidak diketahui atau tidak valid</script>
		</scripts>
		<territories>
			<territory type="AC">Pulau Ascension</territory>
			<territory type="AD">Andora</territory>
			<territory type="AE">Uni Emirat Arab</territory>
			<territory type="AF">Afghanistan</territory>
			<territory type="AG">Antigua dan Barbuda</territory>
			<territory type="AI">Anguilla</territory>
			<territory type="AL">Albania</territory>
			<territory type="AM">Armenia</territory>
			<territory type="AN">Antilles Belanda</territory>
			<territory type="AO">Angola</territory>
			<territory type="AQ">Antarktika</territory>
			<territory type="AR">Argentina</territory>
			<territory type="AS">Samoa Amerika</territory>
			<territory type="AT">Austria</territory>
			<territory type="AU">Australia</territory>
			<territory type="AW">Aruba</territory>
			<territory type="AX">�Land Islands</territory>
			<territory type="AZ">Azerbaijan</territory>
			<territory type="BA">Bosnia dan Herzegovina</territory>
			<territory type="BB">Barbados</territory>
			<territory type="BD">Bangladesh</territory>
			<territory type="BE">Belgia</territory>
			<territory type="BF">Burkina Faso</territory>
			<territory type="BG">Bulgaria</territory>
			<territory type="BH">Bahrain</territory>
			<territory type="BI">Burundi</territory>
			<territory type="BJ">Benin</territory>
			<territory type="BM">Bermuda</territory>
			<territory type="BN">Brunei</territory>
			<territory type="BO">Bolivia</territory>
			<territory type="BR">Brazil</territory>
			<territory type="BS">Bahama</territory>
			<territory type="BT">Bhutan</territory>
			<territory type="BV">Pulau Bouvet</territory>
			<territory type="BW">Botswana</territory>
			<territory type="BY">Belarusia</territory>
			<territory type="BZ">Belize</territory>
			<territory type="CA">Kanada</territory>
			<territory type="CC">Kepulauan Cocos</territory>
			<territory type="CD">Republik Demokratik Kongo</territory>
			<territory type="CD" alt="variant">Kongo - Republik Demokratik</territory>
			<territory type="CF">Republik Afrika Tengah</territory>
			<territory type="CG">Kongo - Republik</territory>
			<territory type="CG" alt="variant">Kongo - Republik</territory>
			<territory type="CH">Swiss</territory>
			<territory type="CI">Cote d'Ivoire</territory>
			<territory type="CK">Kepulauan Cook</territory>
			<territory type="CL">Cile</territory>
			<territory type="CM">Kamerun</territory>
			<territory type="CN">Cina</territory>
			<territory type="CO">Kolombia</territory>
			<territory type="CP">Pulau Clipperton</territory>
			<territory type="CR">Kosta Rika</territory>
			<territory type="CS">Serbia dan Montenegro</territory>
			<territory type="CU">Kuba</territory>
			<territory type="CV">Tanjung Verde</territory>
			<territory type="CX">Pulau Christmas</territory>
			<territory type="CY">Siprus</territory>
			<territory type="CZ">Republik Ceko</territory>
			<territory type="DE">Jerman</territory>
			<territory type="DG">Diego Garcia</territory>
			<territory type="DJ">Jibuti</territory>
			<territory type="DK">Denmark</territory>
			<territory type="DM">Dominika</territory>
			<territory type="DO">Republik Dominika</territory>
			<territory type="DZ">Algeria</territory>
			<territory type="EA">Ceuta dan Melilla</territory>
			<territory type="EC">Ekuador</territory>
			<territory type="EE">Estonia</territory>
			<territory type="EG">Mesir</territory>
			<territory type="EH">Sahara Barat</territory>
			<territory type="ER">Eritrea</territory>
			<territory type="ES">Spanyol</territory>
			<territory type="ET">Ethiopia</territory>
			<territory type="FI">Finlandia</territory>
			<territory type="FJ">Fiji</territory>
			<territory type="FK">Kepulauan Malvinas</territory>
			<territory type="FK" alt="variant">Kepulauan Malvinas</territory>
			<territory type="FM">Mikronesia</territory>
			<territory type="FO">Kepulauan Faroe</territory>
			<territory type="FR">Perancis</territory>
			<territory type="GA">Gabon</territory>
			<territory type="GB">Inggris Raya</territory>
			<territory type="GD">Grenada</territory>
			<territory type="GE">Georgia</territory>
			<territory type="GF">Guyana Perancis</territory>
			<territory type="GG">Guernsey</territory>
			<territory type="GH">Ghana</territory>
			<territory type="GI">Gibraltar</territory>
			<territory type="GL">Grinlandia</territory>
			<territory type="GM">Gambia</territory>
			<territory type="GN">Guinea</territory>
			<territory type="GP">Guadeloupe</territory>
			<territory type="GQ">Guinea Khatulistiwa</territory>
			<territory type="GR">Yunani</territory>
			<territory type="GS">Kepulauan South Sandwich dan South Georgia</territory>
			<territory type="GT">Guatemala</territory>
			<territory type="GU">Guam</territory>
			<territory type="GW">Guinea-Bissau</territory>
			<territory type="GY">Guyana</territory>
			<territory type="HK">Hong Kong SAR China</territory>
			<territory type="HK" alt="short">Hong Kong</territory>
			<territory type="HM">Pulau Heard dan Kepulauan McDonald</territory>
			<territory type="HN">Honduras</territory>
			<territory type="HR">Kroasia</territory>
			<territory type="HT">Haiti</territory>
			<territory type="HU">Hungaria</territory>
			<territory type="IC">Kepulauan Canary</territory>
			<territory type="ID">Indonesia</territory>
			<territory type="IE">Irlandia</territory>
			<territory type="IL">Israel</territory>
			<territory type="IM">Isle of Man</territory>
			<territory type="IN">India</territory>
			<territory type="IO">Wilayah Inggris di Samudra Hindia</territory>
			<territory type="IQ">Iraq</territory>
			<territory type="IR">Iran</territory>
			<territory type="IS">Islandia</territory>
			<territory type="IT">Itali</territory>
			<territory type="JE">Jersey</territory>
			<territory type="JM">Jamaika</territory>
			<territory type="JO">Yordania</territory>
			<territory type="JP">Jepang</territory>
			<territory type="KE">Kenya</territory>
			<territory type="KG">Kirgistan</territory>
			<territory type="KH">Kamboja</territory>
			<territory type="KI">Kiribati</territory>
			<territory type="KM">Komoros</territory>
			<territory type="KN">Saint Kitts dan Nevis</territory>
			<territory type="KP">Korea Utara</territory>
			<territory type="KR">Korea Selatan</territory>
			<territory type="KW">Kuwait</territory>
			<territory type="KY">Kepulauan Kayman</territory>
			<territory type="KZ">Kazakstan</territory>
			<territory type="LA">Laos</territory>
			<territory type="LB">Lebanon</territory>
			<territory type="LC">Saint Lucia</territory>
			<territory type="LI">Liechtenstein</territory>
			<territory type="LK">Sri Lanka</territory>
			<territory type="LR">Liberia</territory>
			<territory type="LS">Lesotho</territory>
			<territory type="LT">Lituania</territory>
			<territory type="LU">Luxembourg</territory>
			<territory type="LV">Latvia</territory>
			<territory type="LY">Libia</territory>
			<territory type="MA">Maroko</territory>
			<territory type="MC">Monaco</territory>
			<territory type="MD">Moldova</territory>
			<territory type="ME">Montenegro</territory>
			<territory type="MG">Madagaskar</territory>
			<territory type="MH">Kepulauan Marshall</territory>
			<territory type="MK">Makedonia</territory>
			<territory type="MK" alt="variant">Makedonia - Bekas Republik Yugoslavia</territory>
			<territory type="ML">Mali</territory>
			<territory type="MM">Myanmar</territory>
			<territory type="MN">Mongolia</territory>
			<territory type="MO">Makau SAR China</territory>
			<territory type="MO" alt="short">Makau</territory>
			<territory type="MP">Kepualuan Mariana Utara</territory>
			<territory type="MQ">Martinique</territory>
			<territory type="MR">Mauritania</territory>
			<territory type="MS">Montserrat</territory>
			<territory type="MT">Malta</territory>
			<territory type="MU">Mauritius</territory>
			<territory type="MV">Maladewa</territory>
			<territory type="MW">Malawi</territory>
			<territory type="MX">Mexico</territory>
			<territory type="MY">Malaysia</territory>
			<territory type="MZ">Mozambique</territory>
			<territory type="NA">Namibia</territory>
			<territory type="NC">Kaledonia Baru</territory>
			<territory type="NE">Niger</territory>
			<territory type="NF">Kepulauan Norfolk</territory>
			<territory type="NG">Nigeria</territory>
			<territory type="NI">Nikaragua</territory>
			<territory type="NL">Netherlands</territory>
			<territory type="NO">Norwegia</territory>
			<territory type="NP">Nepal</territory>
			<territory type="NR">Nauru</territory>
			<territory type="NU">Niue</territory>
			<territory type="NZ">Selandia Baru</territory>
			<territory type="OM">Oman</territory>
			<territory type="PA">Panama</territory>
			<territory type="PE">Peru</territory>
			<territory type="PF">Polynesia Perancis</territory>
			<territory type="PG">Nugini Papua Nugini</territory>
			<territory type="PH">Filipina</territory>
			<territory type="PK">Pakistan</territory>
			<territory type="PL">Polandia</territory>
			<territory type="PM">Saint Pierre dan Miquelon</territory>
			<territory type="PN">Pitcairn</territory>
			<territory type="PR">Puerto Riko</territory>
			<territory type="PS">Otoritas Palestina</territory>
			<territory type="PT">Portugis</territory>
			<territory type="PW">Palau</territory>
			<territory type="PY">Paraguay</territory>
			<territory type="QA">Qatar</territory>
			<territory type="RE">Réunion</territory>
			<territory type="RO">Rumania</territory>
			<territory type="RS">Serbia</territory>
			<territory type="RU">Rusia</territory>
			<territory type="RW">Rwanda</territory>
			<territory type="SA">Arab Saudi</territory>
			<territory type="SB">Kepulauan Solomon</territory>
			<territory type="SC">Seychelles</territory>
			<territory type="SD">Sudan</territory>
			<territory type="SE">Swedia</territory>
			<territory type="SG">Singapura</territory>
			<territory type="SH">Saint Helena</territory>
			<territory type="SI">Slovenia</territory>
			<territory type="SJ">Kepulauan Svalbard dan Jan Mayen</territory>
			<territory type="SK">Slovakia</territory>
			<territory type="SL">Sierra Leone</territory>
			<territory type="SM">San Marino</territory>
			<territory type="SN">Senegal</territory>
			<territory type="SO">Somalia</territory>
			<territory type="SR">Suriname</territory>
			<territory type="ST">Sao Tome dan Principe</territory>
			<territory type="SV">El Salvador</territory>
			<territory type="SY">Syria</territory>
			<territory type="SZ">Swaziland</territory>
			<territory type="TA">Tristan da Cunha</territory>
			<territory type="TC">Kepulauan Turks dan Caicos</territory>
			<territory type="TD">Chad</territory>
			<territory type="TF">Wilayah Prancis Selatan</territory>
			<territory type="TG">Togo</territory>
			<territory type="TH">Thailand</territory>
			<territory type="TJ">Tajikistan</territory>
			<territory type="TK">Tokelau</territory>
			<territory type="TL">Timor Leste</territory>
			<territory type="TL" alt="variant">Timor Leste</territory>
			<territory type="TM">Turkmenistan</territory>
			<territory type="TN">Tunisia</territory>
			<territory type="TO">Tonga</territory>
			<territory type="TR">Turkey</territory>
			<territory type="TT">Trinidad dan Tobago</territory>
			<territory type="TV">Tuvalu</territory>
			<territory type="TW">Taiwan</territory>
			<territory type="TZ">Tanzania</territory>
			<territory type="UA">Ukraina</territory>
			<territory type="UG">Uganda</territory>
			<territory type="UM">Kepulauan Kecil Terluar Amerika Serikat</territory>
			<territory type="US">Amerika Serikat</territory>
			<territory type="UY">Uruguay</territory>
			<territory type="UZ">Uzbekistan</territory>
			<territory type="VA">Vatikan</territory>
			<territory type="VC">Saint Vincent dan Grenadines</territory>
			<territory type="VE">Venezuela</territory>
			<territory type="VG">Kepulauan Virgin Inggris</territory>
			<territory type="VI">Kepulauan U.S. Virgin</territory>
			<territory type="VN">Vietnam</territory>
			<territory type="VU">Vanuatu</territory>
			<territory type="WF">Kepulauan Wallis dan Futuna</territory>
			<territory type="WS">Samoa</territory>
			<territory type="YE">Yaman</territory>
			<territory type="YT">Mayotte</territory>
			<territory type="ZA">Afrika Selatan</territory>
			<territory type="ZM">Zambia</territory>
			<territory type="ZW">Zimbabwe</territory>
		</territories>
		<variants>
			<variant type="PINYIN">Pinyin Latin</variant>
			<variant type="WADEGILE">Wade-Giles Latin</variant>
		</variants>
	</localeDisplayNames>
	<characters>
		<exemplarCharacters>[a b c d e f g h i j k l m n {ng} {ny} o p r s t u v w y]</exemplarCharacters>
		<exemplarCharacters type="auxiliary">[q x z]</exemplarCharacters>
		<exemplarCharacters type="index">[A B C D E F G H I J K L M N O P Q R S T U V W X Y Z]</exemplarCharacters>
	</characters>
	<delimiters>
		<quotationStart>‘</quotationStart>
		<quotationEnd>’</quotationEnd>
		<alternateQuotationStart>“</alternateQuotationStart>
		<alternateQuotationEnd>”</alternateQuotationEnd>
	</delimiters>
	<dates>
		<calendars>
			<calendar type="buddhist">
				<dateFormats>
					<dateFormatLength type="full">
						<dateFormat>
							<pattern>EEEE, dd MMMM y G</pattern>
						</dateFormat>
					</dateFormatLength>
					<dateFormatLength type="long">
						<dateFormat>
							<pattern>d MMMM y G</pattern>
						</dateFormat>
					</dateFormatLength>
					<dateFormatLength type="medium">
						<dateFormat>
							<pattern>d MMM y G</pattern>
						</dateFormat>
					</dateFormatLength>
					<dateFormatLength type="short">
						<dateFormat>
							<pattern>dd/MM/y G</pattern>
						</dateFormat>
					</dateFormatLength>
				</dateFormats>
				<dateTimeFormats>
					<availableFormats>
						<dateFormatItem id="Ed">E, d</dateFormatItem>
						<dateFormatItem id="MMMd">d MMM</dateFormatItem>
						<dateFormatItem id="MMMEd">E d MMM</dateFormatItem>
						<dateFormatItem id="MMMMd">d MMMM</dateFormatItem>
						<dateFormatItem id="MMMMEd">E d MMMM</dateFormatItem>
						<dateFormatItem id="yM">M/y G</dateFormatItem>
						<dateFormatItem id="yMEd">EEE, d/M/y G</dateFormatItem>
						<dateFormatItem id="yMMM">MMM y G</dateFormatItem>
						<dateFormatItem id="yMMMEd">EEE, d MMM y G</dateFormatItem>
						<dateFormatItem id="yMMMd">d MMM y G</dateFormatItem>
					</availableFormats>
				</dateTimeFormats>
			</calendar>
			<calendar type="gregorian">
				<months>
					<monthContext type="format">
						<monthWidth type="abbreviated">
							<month type="1">Jan</month>
							<month type="2">Feb</month>
							<month type="3">Mar</month>
							<month type="4">Apr</month>
							<month type="5">Mei</month>
							<month type="6">Jun</month>
							<month type="7">Jul</month>
							<month type="8">Agt</month>
							<month type="9">Sep</month>
							<month type="10">Okt</month>
							<month type="11">Nov</month>
							<month type="12">Des</month>
						</monthWidth>
						<monthWidth type="wide">
							<month type="1">Januari</month>
							<month type="2">Februari</month>
							<month type="3">Maret</month>
							<month type="4">April</month>
							<month type="5">Mei</month>
							<month type="6">Juni</month>
							<month type="7">Juli</month>
							<month type="8">Agustus</month>
							<month type="9">September</month>
							<month type="10">Oktober</month>
							<month type="11">November</month>
							<month type="12">Desember</month>
						</monthWidth>
					</monthContext>
					<monthContext type="stand-alone">
						<monthWidth type="narrow">
							<month type="1">J</month>
							<month type="2">F</month>
							<month type="3">M</month>
							<month type="4">A</month>
							<month type="5">M</month>
							<month type="6">J</month>
							<month type="7">J</month>
							<month type="8">A</month>
							<month type="9">S</month>
							<month type="10">O</month>
							<month type="11">N</month>
							<month type="12">D</month>
						</monthWidth>
					</monthContext>
				</months>
				<days>
					<dayContext type="format">
						<dayWidth type="abbreviated">
							<day type="sun">Min</day>
							<day type="mon">Sen</day>
							<day type="tue">Sel</day>
							<day type="wed">Rab</day>
							<day type="thu">Kam</day>
							<day type="fri">Jum</day>
							<day type="sat">Sab</day>
						</dayWidth>
						<dayWidth type="wide">
							<day type="sun">Minggu</day>
							<day type="mon">Senin</day>
							<day type="tue">Selasa</day>
							<day type="wed">Rabu</day>
							<day type="thu">Kamis</day>
							<day type="fri">Jumat</day>
							<day type="sat">Sabtu</day>
						</dayWidth>
					</dayContext>
					<dayContext type="stand-alone">
						<dayWidth type="narrow">
							<day type="sun">M</day>
							<day type="mon">S</day>
							<day type="tue">S</day>
							<day type="wed">R</day>
							<day type="thu">K</day>
							<day type="fri">J</day>
							<day type="sat">S</day>
						</dayWidth>
					</dayContext>
				</days>
				<quarters>
					<quarterContext type="format">
						<quarterWidth type="abbreviated">
							<quarter type="1">K1</quarter>
							<quarter type="2">K2</quarter>
							<quarter type="3">K3</quarter>
							<quarter type="4">K4</quarter>
						</quarterWidth>
						<quarterWidth type="wide">
							<quarter type="1">kuartal pertama</quarter>
							<quarter type="2">kuartal kedua</quarter>
							<quarter type="3">kuartal ketiga</quarter>
							<quarter type="4">kuartal keempat</quarter>
						</quarterWidth>
					</quarterContext>
				</quarters>
				<dayPeriods>
					<dayPeriodContext type="format">
						<dayPeriodWidth type="wide">
							<dayPeriod type="am">pagi</dayPeriod>
							<dayPeriod type="pm">malam</dayPeriod>
						</dayPeriodWidth>
					</dayPeriodContext>
				</dayPeriods>
				<eras>
					<eraAbbr>
						<era type="0">SM</era>
						<era type="1">M</era>
					</eraAbbr>
				</eras>
				<dateFormats>
					<dateFormatLength type="full">
						<dateFormat>
							<pattern>EEEE, dd MMMM yyyy</pattern>
						</dateFormat>
					</dateFormatLength>
					<dateFormatLength type="long">
						<dateFormat>
							<pattern>d MMMM yyyy</pattern>
						</dateFormat>
					</dateFormatLength>
					<dateFormatLength type="medium">
						<dateFormat>
							<pattern>d MMM yyyy</pattern>
						</dateFormat>
					</dateFormatLength>
					<dateFormatLength type="short">
						<dateFormat>
							<pattern>dd/MM/yy</pattern>
						</dateFormat>
					</dateFormatLength>
				</dateFormats>
				<timeFormats>
					<timeFormatLength type="full">
						<timeFormat>
							<pattern>H:mm:ss zzzz</pattern>
						</timeFormat>
					</timeFormatLength>
					<timeFormatLength type="long">
						<timeFormat>
							<pattern>HH:mm:ss z</pattern>
						</timeFormat>
					</timeFormatLength>
					<timeFormatLength type="medium">
						<timeFormat>
							<pattern>HH:mm:ss</pattern>
						</timeFormat>
					</timeFormatLength>
					<timeFormatLength type="short">
						<timeFormat>
							<pattern>HH:mm</pattern>
						</timeFormat>
					</timeFormatLength>
				</timeFormats>
				<dateTimeFormats>
					<availableFormats>
						<dateFormatItem id="Ed">E, d</dateFormatItem>
						<dateFormatItem id="MMMd">d MMM</dateFormatItem>
						<dateFormatItem id="MMMEd">E d MMM</dateFormatItem>
						<dateFormatItem id="MMMMd">d MMMM</dateFormatItem>
						<dateFormatItem id="MMMMEd">E d MMMM</dateFormatItem>
						<dateFormatItem id="yM">M/y</dateFormatItem>
						<dateFormatItem id="yMEd">EEE, d/M/y</dateFormatItem>
						<dateFormatItem id="yMMM">MMM y</dateFormatItem>
						<dateFormatItem id="yMMMEd">EEE, d MMM y</dateFormatItem>
					</availableFormats>
				</dateTimeFormats>
			</calendar>
			<calendar type="islamic">
				<dateFormats>
					<dateFormatLength type="full">
						<dateFormat>
							<pattern>EEEE, dd MMMM y G</pattern>
						</dateFormat>
					</dateFormatLength>
					<dateFormatLength type="long">
						<dateFormat>
							<pattern>d MMMM y G</pattern>
						</dateFormat>
					</dateFormatLength>
					<dateFormatLength type="medium">
						<dateFormat>
							<pattern>d MMM y G</pattern>
						</dateFormat>
					</dateFormatLength>
					<dateFormatLength type="short">
						<dateFormat>
							<pattern>dd/MM/y G</pattern>
						</dateFormat>
					</dateFormatLength>
				</dateFormats>
				<dateTimeFormats>
					<availableFormats>
						<dateFormatItem id="Ed">E, d</dateFormatItem>
						<dateFormatItem id="MMMd">d MMM</dateFormatItem>
						<dateFormatItem id="MMMEd">E d MMM</dateFormatItem>
						<dateFormatItem id="MMMMd">d MMMM</dateFormatItem>
						<dateFormatItem id="MMMMEd">E d MMMM</dateFormatItem>
						<dateFormatItem id="yyyyM">M/y G</dateFormatItem>
						<dateFormatItem id="yyyyMEd">EEE, d/M/y G</dateFormatItem>
						<dateFormatItem id="yyyyMMM">MMM y G</dateFormatItem>
						<dateFormatItem id="yyyyMMMEd">EEE, d MMM y G</dateFormatItem>
						<dateFormatItem id="yyyyMMMd">d MMM y G</dateFormatItem>
					</availableFormats>
				</dateTimeFormats>
			</calendar>
			<calendar type="japanese">
				<dateFormats>
					<dateFormatLength type="full">
						<dateFormat>
							<pattern>EEEE, dd MMMM y G</pattern>
						</dateFormat>
					</dateFormatLength>
					<dateFormatLength type="long">
						<dateFormat>
							<pattern>d MMMM y G</pattern>
						</dateFormat>
					</dateFormatLength>
					<dateFormatLength type="medium">
						<dateFormat>
							<pattern>d MMM y G</pattern>
						</dateFormat>
					</dateFormatLength>
					<dateFormatLength type="short">
						<dateFormat>
							<pattern>dd/MM/y G</pattern>
						</dateFormat>
					</dateFormatLength>
				</dateFormats>
				<dateTimeFormats>
					<availableFormats>
						<dateFormatItem id="Ed">E, d</dateFormatItem>
						<dateFormatItem id="MMMd">d MMM</dateFormatItem>
						<dateFormatItem id="MMMEd">E d MMM</dateFormatItem>
						<dateFormatItem id="MMMMd">d MMMM</dateFormatItem>
						<dateFormatItem id="MMMMEd">E d MMMM</dateFormatItem>
						<dateFormatItem id="yyyyM">M/y G</dateFormatItem>
						<dateFormatItem id="yyyyMEd">EEE, d/M/y G</dateFormatItem>
						<dateFormatItem id="yyyyMMM">MMM y G</dateFormatItem>
						<dateFormatItem id="yyyyMMMEd">EEE, d MMM y G</dateFormatItem>
						<dateFormatItem id="yyyyMMMd">d MMM y G</dateFormatItem>
					</availableFormats>
				</dateTimeFormats>
			</calendar>
			<calendar type="roc">
				<dateFormats>
					<dateFormatLength type="full">
						<dateFormat>
							<pattern>EEEE, dd MMMM y G</pattern>
						</dateFormat>
					</dateFormatLength>
					<dateFormatLength type="long">
						<dateFormat>
							<pattern>d MMMM y G</pattern>
						</dateFormat>
					</dateFormatLength>
					<dateFormatLength type="medium">
						<dateFormat>
							<pattern>d MMM y G</pattern>
						</dateFormat>
					</dateFormatLength>
					<dateFormatLength type="short">
						<dateFormat>
							<pattern>dd/MM/y G</pattern>
						</dateFormat>
					</dateFormatLength>
				</dateFormats>
				<dateTimeFormats>
					<availableFormats>
						<dateFormatItem id="Ed">E, d</dateFormatItem>
						<dateFormatItem id="MMMd">d MMM</dateFormatItem>
						<dateFormatItem id="MMMEd">E d MMM</dateFormatItem>
						<dateFormatItem id="MMMMd">d MMMM</dateFormatItem>
						<dateFormatItem id="MMMMEd">E d MMMM</dateFormatItem>
						<dateFormatItem id="yyyyM">M/y G</dateFormatItem>
						<dateFormatItem id="yyyyMEd">EEE, d/M/y G</dateFormatItem>
						<dateFormatItem id="yyyyMMM">MMM y G</dateFormatItem>
						<dateFormatItem id="yyyyMMMEd">EEE, d MMM y G</dateFormatItem>
						<dateFormatItem id="yyyyMMMd">d MMM y G</dateFormatItem>
					</availableFormats>
				</dateTimeFormats>
			</calendar>
		</calendars>
		<timeZoneNames>
			<hourFormat>+HH:mm;-HH:mm</hourFormat>
			<gmtFormat>GMT{0}</gmtFormat>
			<regionFormat>{0}</regionFormat>
			<zone type="Europe/Andorra">
				<exemplarCity>Andora</exemplarCity>
			</zone>
			<zone type="America/Anguilla">
				<exemplarCity>Anguila</exemplarCity>
			</zone>
			<zone type="Antarctica/South_Pole">
				<exemplarCity>Kutub Selatan</exemplarCity>
			</zone>
			<zone type="Antarctica/DumontDUrville">
				<exemplarCity>Dumont D'Urville</exemplarCity>
			</zone>
			<zone type="Pacific/Easter">
				<exemplarCity>Easter Island</exemplarCity>
			</zone>
			<zone type="America/Costa_Rica">
				<exemplarCity>Kosta Rika</exemplarCity>
			</zone>
			<zone type="America/Dominica">
				<exemplarCity>Dominika</exemplarCity>
			</zone>
			<zone type="Atlantic/Canary">
				<exemplarCity>Canary Islands</exemplarCity>
			</zone>
			<zone type="America/Guadeloupe">
				<exemplarCity>Guadalupe</exemplarCity>
			</zone>
			<zone type="Asia/Hong_Kong">
				<exemplarCity>Hongkong</exemplarCity>
			</zone>
			<zone type="America/Jamaica">
				<exemplarCity>Jamaika</exemplarCity>
			</zone>
			<zone type="America/St_Kitts">
				<exemplarCity>St. Kitts</exemplarCity>
			</zone>
			<zone type="America/St_Lucia">
				<exemplarCity>St. Lucia</exemplarCity>
			</zone>
			<zone type="Europe/Monaco">
				<exemplarCity>Monako</exemplarCity>
			</zone>
			<zone type="Asia/Macau">
				<exemplarCity>Makau</exemplarCity>
			</zone>
			<zone type="Asia/Singapore">
				<exemplarCity>Singapura</exemplarCity>
			</zone>
			<zone type="America/El_Salvador">
				<exemplarCity>Salvador</exemplarCity>
			</zone>
			<zone type="America/Anchorage">
				<exemplarCity>Alaska Time</exemplarCity>
			</zone>
			<zone type="America/St_Vincent">
				<exemplarCity>St. Vincent</exemplarCity>
			</zone>
			<zone type="America/St_Thomas">
				<exemplarCity>St. Thomas</exemplarCity>
			</zone>
			<metazone type="Acre">
				<long>
					<standard>Waktu Acre</standard>
					<daylight>Waktu Musim Panas Acre</daylight>
				</long>
				<short>
					<standard>Waktu Acre</standard>
					<daylight>Waktu Musim Panas Acre</daylight>
				</short>
			</metazone>
			<metazone type="Afghanistan">
				<long>
					<standard>Waktu Afganistan</standard>
				</long>
				<short>
					<standard>Waktu Afganistan</standard>
				</short>
			</metazone>
			<metazone type="Africa_Central">
				<long>
					<standard>Waktu Afrika Tengah</standard>
				</long>
				<short>
					<standard>Waktu Afrika Tengah</standard>
				</short>
			</metazone>
			<metazone type="Africa_Eastern">
				<long>
					<standard>Waktu Afrika Timur</standard>
				</long>
				<short>
					<standard>Waktu Afrika Timur</standard>
				</short>
			</metazone>
			<metazone type="Africa_Southern">
				<long>
					<generic>Waktu Afrika Selatan</generic>
					<standard>Waktu Baku Afrika Selatan</standard>
				</long>
				<short>
					<generic>Waktu Afrika Selatan</generic>
					<standard>Waktu Baku Afrika Selatan</standard>
				</short>
			</metazone>
			<metazone type="Africa_Western">
				<long>
					<standard>Waktu Afrika Barat</standard>
					<daylight>Waktu Musim Panas Afrika Barat</daylight>
				</long>
				<short>
					<standard>Waktu Afrika Barat</standard>
					<daylight>Waktu Musim Panas Afrika Barat</daylight>
				</short>
			</metazone>
			<metazone type="Aktyubinsk">
				<long>
					<standard>Waktu Aktyubinsk</standard>
					<daylight>Waktu Musim Panas Aktyubinsk</daylight>
				</long>
				<short>
					<standard>Waktu Aktyubinsk</standard>
					<daylight>Waktu Musim Panas Aktyubinsk</daylight>
				</short>
			</metazone>
			<metazone type="Alaska">
				<long>
					<generic>Waktu Alaska</generic>
					<standard>Waktu Baku Alaska</standard>
					<daylight>Waktu Terang Hari Alaska</daylight>
				</long>
				<short>
					<generic>Waktu Alaska</generic>
					<standard>Waktu Baku Alaska</standard>
					<daylight>Waktu Terang Hari Alaska</daylight>
				</short>
			</metazone>
			<metazone type="Alaska_Hawaii">
				<long>
					<generic>Waktu Alaska-Hawaii</generic>
					<standard>Waktu Baku Alaska-Hawaii</standard>
					<daylight>Waktu Terang Hari Alaska-Hawaii</daylight>
				</long>
				<short>
					<generic>Waktu Alaska-Hawaii</generic>
					<standard>Waktu Baku Alaska-Hawaii</standard>
					<daylight>Waktu Terang Hari Alaska-Hawaii</daylight>
				</short>
			</metazone>
			<metazone type="Almaty">
				<long>
					<standard>Waktu Almaty</standard>
					<daylight>Waktu Musim Panas Almaty</daylight>
				</long>
				<short>
					<standard>Waktu Almaty</standard>
					<daylight>Waktu Musim Panas Almaty</daylight>
				</short>
			</metazone>
			<metazone type="Amazon">
				<long>
					<standard>Waktu Amazon</standard>
					<daylight>Waktu Musim Panas Amazon</daylight>
				</long>
				<short>
					<standard>Waktu Amazon</standard>
					<daylight>Waktu Musim Panas Amazon</daylight>
				</short>
			</metazone>
			<metazone type="America_Central">
				<long>
					<generic>Waktu Tengah</generic>
					<standard>Waktu Baku Tengah</standard>
					<daylight>Waktu Terang Hari Tengah</daylight>
				</long>
				<short>
					<generic>Waktu Tengah</generic>
					<standard>Waktu Baku Tengah</standard>
					<daylight>Waktu Terang Hari Tengah</daylight>
				</short>
			</metazone>
			<metazone type="America_Eastern">
				<long>
					<generic>Waktu Timur</generic>
					<standard>Waktu Baku Timur</standard>
					<daylight>Waktu Terang Hari Timur</daylight>
				</long>
				<short>
					<generic>Waktu Timur</generic>
					<standard>Waktu Baku Timur</standard>
					<daylight>Waktu Terang Hari Timur</daylight>
				</short>
			</metazone>
			<metazone type="America_Mountain">
				<long>
					<generic>Waktu Pegunungan</generic>
					<standard>Waktu Baku Pegunungan</standard>
					<daylight>Waktu Terang Hari Pegunungan</daylight>
				</long>
				<short>
					<generic>Waktu Pegunungan</generic>
					<standard>Waktu Baku Pegunungan</standard>
					<daylight>Waktu Terang Hari Pegunungan</daylight>
				</short>
			</metazone>
			<metazone type="America_Pacific">
				<long>
					<generic>Waktu Pasifik</generic>
					<standard>Waktu Baku Pasifik</standard>
					<daylight>Waktu Terang Hari Pasifik</daylight>
				</long>
				<short>
					<generic>Waktu Pasifik</generic>
					<standard>Waktu Baku Pasifik</standard>
					<daylight>Waktu Terang Hari Pasifik</daylight>
				</short>
			</metazone>
			<metazone type="Anadyr">
				<long>
					<standard>Waktu Anadyr</standard>
					<daylight>Waktu Musim Panas Anadyr</daylight>
				</long>
				<short>
					<standard>Waktu Anadyr</standard>
					<daylight>Waktu Musim Panas Anadyr</daylight>
				</short>
			</metazone>
			<metazone type="Aqtau">
				<long>
					<standard>Waktu Aqtau</standard>
					<daylight>Waktu Musim Panas Aqtau</daylight>
				</long>
				<short>
					<standard>Waktu Aqtau</standard>
					<daylight>Waktu Musim Panas Aqtau</daylight>
				</short>
			</metazone>
			<metazone type="Aqtobe">
				<long>
					<standard>Waktu Aqtobe</standard>
					<daylight>Waktu Musim Panas Aqtobe</daylight>
				</long>
				<short>
					<standard>Waktu Aqtobe</standard>
					<daylight>Waktu Musim Panas Aqtobe</daylight>
				</short>
			</metazone>
			<metazone type="Arabian">
				<long>
					<generic>Waktu Arab</generic>
					<standard>Waktu Standar Arab</standard>
					<daylight>Waktu Terang Hari Arab</daylight>
				</long>
				<short>
					<generic>Waktu Arab</generic>
					<standard>Waktu Standar Arab</standard>
					<daylight>Waktu Terang Hari Arab</daylight>
				</short>
			</metazone>
			<metazone type="Argentina">
				<long>
					<standard>Waktu Argentina</standard>
					<daylight>Waktu Musim Panas Argentina</daylight>
				</long>
				<short>
					<standard>Waktu Argentina</standard>
					<daylight>Waktu Musim Panas Argentina</daylight>
				</short>
			</metazone>
			<metazone type="Argentina_Western">
				<long>
					<standard>Waktu Argentina Barat</standard>
				</long>
				<short>
					<standard>Waktu Argentina Barat</standard>
				</short>
			</metazone>
			<metazone type="Armenia">
				<long>
					<standard>Waktu Armenia</standard>
					<daylight>Waktu Musim Panas Armenia</daylight>
				</long>
				<short>
					<standard>Waktu Armenia</standard>
					<daylight>Waktu Musim Panas Armenia</daylight>
				</short>
			</metazone>
			<metazone type="Ashkhabad">
				<long>
					<standard>Waktu Ashkhabad</standard>
					<daylight>Waktu Musim Panas Ashkhabad</daylight>
				</long>
				<short>
					<standard>Waktu Ashkhabad</standard>
					<daylight>Waktu Musim Panas Ashkhabad</daylight>
				</short>
			</metazone>
			<metazone type="Atlantic">
				<long>
					<generic>Waktu Atlantik</generic>
					<standard>Waktu Baku Atlantik</standard>
					<daylight>Waktu Terang Hari Atlantik</daylight>
				</long>
				<short>
					<generic>Waktu Atlantik</generic>
					<standard>Waktu Baku Atlantik</standard>
					<daylight>Waktu Terang Hari Atlantik</daylight>
				</short>
			</metazone>
			<metazone type="Australia_Central">
				<long>
					<generic>Waktu Tengah Australia</generic>
					<standard>Waktu Baku Tengah Australia</standard>
					<daylight>Waktu Terang Hari Tengah Australia</daylight>
				</long>
				<short>
					<generic>Waktu Tengah Australia</generic>
					<standard>Waktu Baku Tengah Australia</standard>
					<daylight>Waktu Terang Hari Tengah Australia</daylight>
				</short>
			</metazone>
			<metazone type="Australia_CentralWestern">
				<long>
					<generic>Waktu Barat Tengah Australia</generic>
					<standard>Waktu Baku Barat Tengah Australia</standard>
					<daylight>Waktu Terang Hari Barat Tengah Australia</daylight>
				</long>
				<short>
					<generic>Waktu Barat Tengah Australia</generic>
					<standard>Waktu Baku Barat Tengah Australia</standard>
					<daylight>Waktu Terang Hari Barat Tengah Australia</daylight>
				</short>
			</metazone>
			<metazone type="Australia_Eastern">
				<long>
					<generic>Waktu Timur Australia</generic>
					<standard>Waktu Baku Timur Australia</standard>
					<daylight>Waktu Terang Hari Timur Australia</daylight>
				</long>
				<short>
					<generic>Waktu Timur Australia</generic>
					<standard>Waktu Baku Timur Australia</standard>
					<daylight>Waktu Terang Hari Timur Australia</daylight>
				</short>
			</metazone>
			<metazone type="Australia_Western">
				<long>
					<generic>Waktu Barat Australia</generic>
					<standard>Waktu Standar Barat Australia</standard>
					<daylight>Waktu Terang Hari Barat Australia</daylight>
				</long>
				<short>
					<generic>Waktu Barat Australia</generic>
					<standard>Waktu Standar Barat Australia</standard>
					<daylight>Waktu Terang Hari Barat Australia</daylight>
				</short>
			</metazone>
			<metazone type="Azerbaijan">
				<long>
					<standard>Waktu Azerbaijan</standard>
					<daylight>Waktu Musim Panas Azerbaijan</daylight>
				</long>
				<short>
					<standard>Waktu Azerbaijan</standard>
					<daylight>Waktu Musim Panas Azerbaijan</daylight>
				</short>
			</metazone>
			<metazone type="Azores">
				<long>
					<standard>Waktu Azores</standard>
					<daylight>Waktu Musim Panas Azores</daylight>
				</long>
				<short>
					<standard>Waktu Azores</standard>
					<daylight>Waktu Musim Panas Azores</daylight>
				</short>
			</metazone>
			<metazone type="Baku">
				<long>
					<standard>Waktu Kota Baku</standard>
					<daylight>Waktu Musim Panas Kota Baku</daylight>
				</long>
				<short>
					<standard>Waktu Kota Baku</standard>
					<daylight>Waktu Musim Panas Kota Baku</daylight>
				</short>
			</metazone>
			<metazone type="Bangladesh">
				<long>
					<standard>Waktu Bangladesh</standard>
					<daylight>Waktu Musim Panas Bangladesh</daylight>
				</long>
				<short>
					<standard>Waktu Bangladesh</standard>
					<daylight>Waktu Musim Panas Bangladesh</daylight>
				</short>
			</metazone>
			<metazone type="Bering">
				<long>
					<generic>Waktu Bering</generic>
					<standard>Waktu Baku Bering</standard>
					<daylight>Waktu Terang Hari Bering</daylight>
				</long>
				<short>
					<generic>Waktu Bering</generic>
					<standard>Waktu Baku Bering</standard>
					<daylight>Waktu Terang Hari Bering</daylight>
				</short>
			</metazone>
			<metazone type="Bhutan">
				<long>
					<standard>Waktu Bhutan</standard>
				</long>
				<short>
					<standard>Waktu Bhutan</standard>
				</short>
			</metazone>
			<metazone type="Bolivia">
				<long>
					<standard>Waktu Bolivia</standard>
				</long>
				<short>
					<standard>Waktu Bolivia</standard>
				</short>
			</metazone>
			<metazone type="Borneo">
				<long>
					<standard>Waktu Borneo</standard>
					<daylight>Waktu Musim Panas Borneo</daylight>
				</long>
				<short>
					<standard>Waktu Borneo</standard>
					<daylight>Waktu Musim Panas Borneo</daylight>
				</short>
			</metazone>
			<metazone type="Brasilia">
				<long>
					<standard>Waktu Brasilia</standard>
					<daylight>Waktu Musim Panas Brasilia</daylight>
				</long>
			</metazone>
			<metazone type="Brunei">
				<long>
					<standard>Waktu Brunei Darussalam</standard>
				</long>
				<short>
					<standard>Waktu Brunei Darussalam</standard>
				</short>
			</metazone>
			<metazone type="Cape_Verde">
				<long>
					<standard>Waktu Cape Verde</standard>
					<daylight>Waktu Musim Panas Cape Verde</daylight>
				</long>
				<short>
					<standard>Waktu Cape Verde</standard>
					<daylight>Waktu Musim Panas Cape Verde</daylight>
				</short>
			</metazone>
			<metazone type="Chamorro">
				<long>
					<generic>Waktu Chamorro</generic>
					<standard>Waktu Baku Chamorro</standard>
				</long>
				<short>
					<generic>Waktu Chamorro</generic>
					<standard>Waktu Baku Chamorro</standard>
				</short>
			</metazone>
			<metazone type="Changbai">
				<long>
					<standard>Waktu Changbai</standard>
				</long>
				<short>
					<standard>Waktu Changbai</standard>
				</short>
			</metazone>
			<metazone type="Chatham">
				<long>
					<standard>Waktu Standar Chatham</standard>
					<daylight>Waktu Terang Hari Chatham</daylight>
				</long>
				<short>
					<standard>Waktu Standar Chatham</standard>
					<daylight>Waktu Terang Hari Chatham</daylight>
				</short>
			</metazone>
			<metazone type="China">
				<long>
					<generic>Waktu China</generic>
					<standard>Waktu Standar China</standard>
					<daylight>Waktu Terang Hari China</daylight>
				</long>
				<short>
					<generic>Waktu China</generic>
					<daylight>Waktu Terang Hari China</daylight>
				</short>
			</metazone>
			<metazone type="Christmas">
				<long>
					<standard>Waktu Pulau Chrismast</standard>
				</long>
				<short>
					<standard>Waktu Pulau Chrismast</standard>
				</short>
			</metazone>
			<metazone type="Cocos">
				<long>
					<standard>Waktu Pulau Cocos</standard>
				</long>
				<short>
					<standard>Waktu Pulau Cocos</standard>
				</short>
			</metazone>
			<metazone type="Cook">
				<long>
					<standard>Waktu Kep. Cook</standard>
					<daylight>Waktu Tengah Musim Panas Kep. Cook</daylight>
				</long>
				<short>
					<standard>Waktu Kep. Cook</standard>
					<daylight>Waktu Tengah Musim Panas Kep. Cook</daylight>
				</short>
			</metazone>
			<metazone type="Davis">
				<long>
					<standard>Waktu Davis</standard>
				</long>
				<short>
					<standard>Waktu Davis</standard>
				</short>
			</metazone>
			<metazone type="DumontDUrville">
				<long>
					<standard>Waktu Dumont-d'Urville</standard>
				</long>
				<short>
					<standard>Waktu Dumont-d'Urville</standard>
				</short>
			</metazone>
			<metazone type="Easter">
				<long>
					<standard>Waktu Pulau Easter</standard>
					<daylight>Waktu Musim Panas Pulau Easter</daylight>
				</long>
				<short>
					<standard>Waktu Pulau Easter</standard>
					<daylight>Waktu Musim Panas Pulau Easter</daylight>
				</short>
			</metazone>
			<metazone type="Europe_Central">
				<long>
					<standard>Waktu Eropa Tengah</standard>
					<daylight>Waktu Musim Panas Eropa Tengah</daylight>
				</long>
				<short>
					<standard>Waktu Eropa Tengah</standard>
					<daylight>Waktu Musim Panas Eropa Tengah</daylight>
				</short>
			</metazone>
			<metazone type="Europe_Eastern">
				<long>
					<standard>Waktu Eropa Timur</standard>
					<daylight>Waktu Musim Panas Eropa Timur</daylight>
				</long>
				<short>
					<standard>Waktu Eropa Timur</standard>
					<daylight>Waktu Musim Panas Eropa Timur</daylight>
				</short>
			</metazone>
			<metazone type="Europe_Western">
				<long>
					<standard>Waktu Eropa Barat</standard>
					<daylight>Waktu Musim Panas Eropa Barat</daylight>
				</long>
				<short>
					<standard>Waktu Eropa Barat</standard>
					<daylight>Waktu Musim Panas Eropa Barat</daylight>
				</short>
			</metazone>
			<metazone type="Falkland">
				<long>
					<standard>Waktu Kep. Malvinas</standard>
					<daylight>Waktu Musim Panas Kep. Malvinas</daylight>
				</long>
				<short>
					<standard>Waktu Kep. Malvinas</standard>
					<daylight>Waktu Musim Panas Kep. Malvinas</daylight>
				</short>
			</metazone>
			<metazone type="Fiji">
				<long>
					<standard>Waktu Fiji</standard>
					<daylight>Waktu Musim Panas Fiji</daylight>
				</long>
				<short>
					<standard>Waktu Fiji</standard>
					<daylight>Waktu Musim Panas Fiji</daylight>
				</short>
			</metazone>
			<metazone type="French_Southern">
				<long>
					<standard>Waktu Wilayah Selatan dan Antarktika Prancis</standard>
				</long>
				<short>
					<standard>Waktu Wilayah Selatan dan Antarktika Prancis</standard>
				</short>
			</metazone>
			<metazone type="Galapagos">
				<long>
					<standard>Waktu Galapagos</standard>
				</long>
				<short>
					<standard>Waktu Galapagos</standard>
				</short>
			</metazone>
			<metazone type="Gambier">
				<long>
					<standard>Waktu Gambier</standard>
				</long>
				<short>
					<standard>Waktu Gambier</standard>
				</short>
			</metazone>
			<metazone type="Gilbert_Islands">
				<long>
					<standard>Waktu Kep. Gilbert</standard>
				</long>
				<short>
					<standard>Waktu Kep. Gilbert</standard>
				</short>
			</metazone>
			<metazone type="GMT">
				<long>
					<standard>Waktu Tengah Greenwich</standard>
				</long>
				<short>
					<standard>Waktu Tengah Greenwich</standard>
				</short>
			</metazone>
			<metazone type="Guam">
				<long>
					<standard>Waktu Baku Guam</standard>
				</long>
				<short>
					<standard>Waktu Baku Guam</standard>
				</short>
			</metazone>
			<metazone type="Hawaii_Aleutian">
				<long>
					<standard>Waktu Baku Hawaii-Aleutian</standard>
				</long>
				<short>
					<standard>Waktu Baku Hawaii-Aleutian</standard>
				</short>
			</metazone>
			<metazone type="Indian_Ocean">
				<long>
					<standard>Waktu Samudera Hindia</standard>
				</long>
				<short>
					<standard>Waktu Samudera Hindia</standard>
				</short>
			</metazone>
			<metazone type="Indonesia_Central">
				<long>
					<standard>Waktu Indonesia Tengah</standard>
				</long>
				<short>
					<standard>WITA</standard>
				</short>
 				<commonlyUsed>true</commonlyUsed>
			</metazone>
			<metazone type="Indonesia_Eastern">
				<long>
					<standard>Waktu Indonesia Timur</standard>
				</long>
				<short>
					<standard>WIT</standard>
				</short>
 				<commonlyUsed>true</commonlyUsed>
			</metazone>
			<metazone type="Indonesia_Western">
				<long>
					<standard>Waktu Indonesia Barat</standard>
				</long>
				<short>
					<standard>WIB</standard>
				</short>
 				<commonlyUsed>true</commonlyUsed>
			</metazone>
			<metazone type="Kosrae">
				<long>
					<standard>Waktu Kosrae</standard>
				</long>
				<short>
					<standard>Waktu Kosrae</standard>
				</short>
			</metazone>
			<metazone type="Kuybyshev">
				<long>
					<standard>Waktu Kuybyshev</standard>
					<daylight>Waktu Musim Panas Kuybyshev</daylight>
				</long>
				<short>
					<standard>Waktu Kuybyshev</standard>
					<daylight>Waktu Musim Panas Kuybyshev</daylight>
				</short>
			</metazone>
			<metazone type="Kwajalein">
				<long>
					<standard>Waktu Kwajalein</standard>
				</long>
				<short>
					<standard>Waktu Kwajalein</standard>
				</short>
			</metazone>
			<metazone type="Line_Islands">
				<long>
					<standard>Waktu Kep. Line</standard>
				</long>
				<short>
					<standard>Waktu Kep. Line</standard>
				</short>
			</metazone>
			<metazone type="Lord_Howe">
				<long>
					<generic>Waktu Lord Howe</generic>
					<standard>Waktu Standar Lord Howe</standard>
					<daylight>Waktu Terang Hari Lord Howe</daylight>
				</long>
				<short>
					<generic>Waktu Lord Howe</generic>
					<standard>Waktu Standar Lord Howe</standard>
					<daylight>Waktu Terang Hari Lord Howe</daylight>
				</short>
			</metazone>
			<metazone type="Maldives">
				<long>
					<standard>Waktu Maladewa</standard>
				</long>
				<short>
					<standard>Waktu Maladewa</standard>
				</short>
			</metazone>
			<metazone type="Marquesas">
				<long>
					<standard>Waktu Marquesas</standard>
				</long>
				<short>
					<standard>Waktu Marquesas</standard>
				</short>
			</metazone>
			<metazone type="Marshall_Islands">
				<long>
					<standard>Waktu Kep. Marshall</standard>
				</long>
				<short>
					<standard>Waktu Kep. Marshall</standard>
				</short>
			</metazone>
			<metazone type="Mauritius">
				<long>
					<standard>Waktu Mauritius</standard>
					<daylight>Waktu Musim Panas Mauritius</daylight>
				</long>
				<short>
					<standard>Waktu Mauritius</standard>
					<daylight>Waktu Musim Panas Mauritius</daylight>
				</short>
			</metazone>
			<metazone type="Mawson">
				<long>
					<standard>Waktu Mawson</standard>
				</long>
				<short>
					<standard>Waktu Mawson</standard>
				</short>
			</metazone>
			<metazone type="Moscow">
				<long>
					<generic>Waktu Moskow</generic>
					<standard>Waktu Baku Moskow</standard>
					<daylight>Waktu Musim Panas Moskow</daylight>
				</long>
				<short>
					<standard>Waktu Moskow</standard>
					<daylight>Waktu Musim Panas Moskow</daylight>
				</short>
			</metazone>
			<metazone type="Nauru">
				<long>
					<standard>Waktu Nauru</standard>
				</long>
				<short>
					<standard>Waktu Nauru</standard>
				</short>
			</metazone>
			<metazone type="New_Caledonia">
				<long>
					<standard>Waktu Kaledonia Baru</standard>
					<daylight>Waktu Musim Panas Kaledonia Baru</daylight>
				</long>
				<short>
					<standard>Waktu Kaledonia Baru</standard>
					<daylight>Waktu Musim Panas Kaledonia Baru</daylight>
				</short>
			</metazone>
			<metazone type="New_Zealand">
				<long>
					<generic>Waktu Selandia Baru</generic>
					<standard>Waktu Baku Selandia Baru</standard>
					<daylight>Waktu Terang Hari Selandia Baru</daylight>
				</long>
				<short>
					<generic>Waktu Selandia Baru</generic>
					<standard>Waktu Baku Selandia Baru</standard>
					<daylight>Waktu Terang Hari Selandia Baru</daylight>
				</short>
			</metazone>
			<metazone type="Niue">
				<long>
					<standard>Waktu Niue</standard>
				</long>
				<short>
					<standard>Waktu Niue</standard>
				</short>
			</metazone>
			<metazone type="Norfolk">
				<long>
					<standard>Waktu Kep. Norfolk</standard>
				</long>
				<short>
					<standard>Waktu Kep. Norfolk</standard>
				</short>
			</metazone>
			<metazone type="North_Mariana">
				<long>
					<standard>Waktu Kep. Mariana Utara</standard>
				</long>
				<short>
					<standard>Waktu Kep. Mariana Utara</standard>
				</short>
			</metazone>
			<metazone type="Reunion">
				<long>
					<standard>Waktu Reunion</standard>
				</long>
				<short>
					<standard>Waktu Reunion</standard>
				</short>
			</metazone>
			<metazone type="Rothera">
				<long>
					<standard>Waktu Rothera</standard>
				</long>
				<short>
					<standard>Waktu Rothera</standard>
				</short>
			</metazone>
			<metazone type="Samara">
				<long>
					<standard>Waktu Samara</standard>
					<daylight>Waktu Musim Panas Samara</daylight>
				</long>
				<short>
					<standard>Waktu Samara</standard>
					<daylight>Waktu Musim Panas Samara</daylight>
				</short>
			</metazone>
			<metazone type="Seychelles">
				<long>
					<standard>Waktu Seychelles</standard>
				</long>
				<short>
					<standard>Waktu Seychelles</standard>
				</short>
			</metazone>
			<metazone type="South_Georgia">
				<long>
					<standard>Waktu South Georgia</standard>
				</long>
				<short>
					<standard>Waktu South Georgia</standard>
				</short>
			</metazone>
			<metazone type="Syowa">
				<long>
					<standard>Waktu Syowa</standard>
				</long>
				<short>
					<standard>Waktu Syowa</standard>
				</short>
			</metazone>
			<metazone type="Turkey">
				<long>
					<standard>Waktu Turki</standard>
					<daylight>Waktu Musim Panas Turki</daylight>
				</long>
				<short>
					<standard>Waktu Turki</standard>
					<daylight>Waktu Musim Panas Turki</daylight>
				</short>
			</metazone>
			<metazone type="Volgograd">
				<long>
					<standard>Waktu Volgograd</standard>
					<daylight>Waktu Musim Panas Volgograd</daylight>
				</long>
				<short>
					<standard>Waktu Volgograd</standard>
					<daylight>Waktu Musim Panas Volgograd</daylight>
				</short>
			</metazone>
			<metazone type="Vostok">
				<long>
					<standard>Waktu Vostok</standard>
				</long>
				<short>
					<standard>Waktu Vostok</standard>
				</short>
			</metazone>
		</timeZoneNames>
	</dates>
	<numbers>
		<symbols>
			<decimal>,</decimal>
			<group>.</group>
		</symbols>
		<currencyFormats>
			<currencyFormatLength>
				<currencyFormat>
					<pattern>¤#,##0.00</pattern>
				</currencyFormat>
			</currencyFormatLength>
		</currencyFormats>
		<currencies>
			<currency type="AED">
				<displayName>Dirham Uni Emirat Arab</displayName>
			</currency>
			<currency type="ARS">
				<displayName>Peso Argentina</displayName>
			</currency>
			<currency type="AUD">
				<displayName>Dolar Australia</displayName>
			</currency>
			<currency type="BGN">
				<displayName>Lev Bulgaria</displayName>
			</currency>
			<currency type="BND">
				<displayName>Dollar Brunei</displayName>
			</currency>
			<currency type="BOB">
				<displayName>Boliviano</displayName>
			</currency>
			<currency type="BRL">
				<displayName>Real Brasil</displayName>
			</currency>
			<currency type="CAD">
				<displayName>Dolar Kanada</displayName>
			</currency>
			<currency type="CHF">
				<displayName>Franc Swiss</displayName>
			</currency>
			<currency type="CLP">
				<displayName>Peso Cile</displayName>
			</currency>
			<currency type="CNY">
				<displayName>Yuan Renminbi</displayName>
			</currency>
			<currency type="COP">
				<displayName>Peso Kolombia</displayName>
			</currency>
			<currency type="CZK">
				<displayName>Koruna Cheska</displayName>
			</currency>
			<currency type="DEM">
				<displayName>Mark Jerman</displayName>
			</currency>
			<currency type="DKK">
				<displayName>Krone Denmark</displayName>
			</currency>
			<currency type="EEK">
				<displayName>Kroon Estonia</displayName>
			</currency>
			<currency type="EGP">
				<displayName>Pound Mesir</displayName>
			</currency>
			<currency type="EUR">
				<displayName>Euro</displayName>
			</currency>
			<currency type="FJD">
				<displayName>Dollar Fiji</displayName>
			</currency>
			<currency type="FRF">
				<displayName>Franc Prancis</displayName>
			</currency>
			<currency type="GBP">
				<displayName>Pondsterling Inggris</displayName>
			</currency>
			<currency type="HKD">
				<displayName>Dolar Hong Kong</displayName>
			</currency>
			<currency type="HRK">
				<displayName>Kuna Kroasia</displayName>
			</currency>
			<currency type="HUF">
				<displayName>Forint Hungaria</displayName>
			</currency>
			<currency type="IDR">
				<displayName>Rupiah Indonesia</displayName>
			</currency>
			<currency type="ILS">
				<displayName>Shekel Israel</displayName>
			</currency>
			<currency type="INR">
				<displayName>Rupee India</displayName>
			</currency>
			<currency type="JPY">
				<displayName>Yen Jepang</displayName>
			</currency>
			<currency type="KES">
				<displayName>Shilling Kenya</displayName>
			</currency>
			<currency type="KRW">
				<displayName>Won Korea Selatan</displayName>
			</currency>
			<currency type="LTL">
				<displayName>Litas Lithuania</displayName>
			</currency>
			<currency type="MAD">
				<displayName>Dirham Maroko</displayName>
			</currency>
			<currency type="MTL">
				<displayName>Lira Malta</displayName>
			</currency>
			<currency type="MXN">
				<displayName>Peso Meksiko</displayName>
			</currency>
			<currency type="MYR">
				<displayName>Ringgit Malaysia</displayName>
			</currency>
			<currency type="NOK">
				<displayName>Kroner Norwegia</displayName>
			</currency>
			<currency type="NZD">
				<displayName>Dolar Selandia Baru</displayName>
			</currency>
			<currency type="PEN">
				<displayName>Nuevo Sol Peruvian</displayName>
			</currency>
			<currency type="PHP">
				<displayName>Peso Filipina</displayName>
			</currency>
			<currency type="PKR">
				<displayName>Rupee Pakistan</displayName>
			</currency>
			<currency type="PLN">
				<displayName>Polandia Zloty</displayName>
			</currency>
			<currency type="RON">
				<displayName>Leu Rumania Baru</displayName>
			</currency>
			<currency type="RSD">
				<displayName>Dinar Serbia</displayName>
			</currency>
			<currency type="RUB">
				<displayName>Rubel Rusia</displayName>
			</currency>
			<currency type="SAR">
				<displayName>Real Saudi</displayName>
			</currency>
			<currency type="SEK">
				<displayName>Kronor Swedia</displayName>
			</currency>
			<currency type="SGD">
				<displayName>Dolar Singapura</displayName>
			</currency>
			<currency type="SIT">
				<displayName>Tolar Slovenia</displayName>
			</currency>
			<currency type="SKK">
				<displayName>Koruna Slovakia</displayName>
			</currency>
			<currency type="THB">
				<displayName>Baht Thailand</displayName>
			</currency>
			<currency type="TRL">
				<displayName>Lira Turki</displayName>
			</currency>
			<currency type="TRY">
				<displayName>Lira Turki Baru</displayName>
			</currency>
			<currency type="TWD">
				<displayName>Dolar Taiwan Baru</displayName>
			</currency>
			<currency type="UAH">
				<displayName>Hryvnia Ukrania</displayName>
			</currency>
			<currency type="USD">
				<displayName>Dolar Amerika</displayName>
			</currency>
			<currency type="VEB">
				<displayName>Bolivar Venezuela</displayName>
			</currency>
			<currency type="VND">
				<displayName>Dong Vietnam</displayName>
			</currency>
			<currency type="ZAR">
				<displayName>Rand Afrika Selatan</displayName>
			</currency>
		</currencies>
	</numbers>
	<units>
		<unit type="day">
			<unitPattern count="other">{0} hari</unitPattern>
			<unitPattern count="other" alt="short">{0} hr</unitPattern>
		</unit>
		<unit type="hour">
			<unitPattern count="other">{0} jam</unitPattern>
			<unitPattern count="other" alt="short">{0} jam</unitPattern>
		</unit>
		<unit type="minute">
			<unitPattern count="other">{0} menit</unitPattern>
			<unitPattern count="other" alt="short">{0} mnt</unitPattern>
		</unit>
		<unit type="month">
			<unitPattern count="other">{0} bulan</unitPattern>
			<unitPattern count="other" alt="short">{0} bln</unitPattern>
		</unit>
		<unit type="second">
			<unitPattern count="other">{0} detik</unitPattern>
			<unitPattern count="other" alt="short">{0} dtk</unitPattern>
		</unit>
		<unit type="week">
			<unitPattern count="other">{0} minggu</unitPattern>
			<unitPattern count="other" alt="short">{0} mggu</unitPattern>
		</unit>
		<unit type="year">
			<unitPattern count="other">{0} tahun</unitPattern>
			<unitPattern count="other" alt="short">{0} thn</unitPattern>
		</unit>
	</units>
	<listPatterns>
		<listPattern>
			<listPatternPart type="2">{0} dan {1}</listPatternPart>
			<listPatternPart type="end">{0}, dan  {1}</listPatternPart>
		</listPattern>
	</listPatterns>
	<posix>
		<messages>
			<yesstr>ya:y</yesstr>
			<nostr>tidak:t</nostr>
		</messages>
	</posix>
</ldml>

