<?xml version="1.0" encoding="UTF-8" ?>

<ldml>
	<identity>
		<version number="$Revision: 4625 $"/>
		<generation date="$Date: 2010-02-06 13:07:05 -0600 (Sat, 06 Feb 2010) $"/>
		<language type="it"/>
		<territory type="CH"/>
	</identity>
	<delimiters>
		<quotationStart>«</quotationStart>
		<quotationEnd>»</quotationEnd>
		<alternateQuotationStart>‹</alternateQuotationStart>
		<alternateQuotationEnd>›</alternateQuotationEnd>
	</delimiters>
	<dates>
		<calendars>
			<calendar type="gregorian">
				<dateFormats>
					<dateFormatLength type="full">
						<dateFormat>
							<pattern>EEEE, d MMMM y</pattern>
						</dateFormat>
					</dateFormatLength>
					<dateFormatLength type="long">
						<dateFormat>
							<pattern>d MMMM y</pattern>
						</dateFormat>
					</dateFormatLength>
					<dateFormatLength type="medium">
						<dateFormat>
							<pattern>d-MMM-y</pattern>
						</dateFormat>
					</dateFormatLength>
					<dateFormatLength type="short">
						<dateFormat>
							<pattern>dd.MM.yy</pattern>
						</dateFormat>
					</dateFormatLength>
				</dateFormats>
				<timeFormats>
					<timeFormatLength type="full">
						<timeFormat>
							<pattern>HH.mm:ss 'h' zzzz</pattern>
						</timeFormat>
					</timeFormatLength>
				</timeFormats>
				<dateTimeFormats>
					<availableFormats>
						<dateFormatItem id="hhmm">hh:mm a</dateFormatItem>
						<dateFormatItem id="HHmm">HH:mm</dateFormatItem>
						<dateFormatItem id="hhmmss">hh:mm:ss a</dateFormatItem>
						<dateFormatItem id="HHmmss">HH:mm:ss</dateFormatItem>
						<dateFormatItem id="MMdd">dd.MM</dateFormatItem>
						<dateFormatItem id="yyMM">MM.yy</dateFormatItem>
					</availableFormats>
					<intervalFormats>
						<intervalFormatItem id="Md">
							<greatestDifference id="d">dd.MM - dd.MM</greatestDifference>
							<greatestDifference id="M">dd.MM - dd.MM</greatestDifference>
						</intervalFormatItem>
						<intervalFormatItem id="MEd">
							<greatestDifference id="d">E, dd.MM - E, dd.MM</greatestDifference>
							<greatestDifference id="M">E, dd.MM - E, dd.MM</greatestDifference>
						</intervalFormatItem>
						<intervalFormatItem id="MMMd">
							<greatestDifference id="d">d-d MMM</greatestDifference>
							<greatestDifference id="M">d MMM - d MMM</greatestDifference>
						</intervalFormatItem>
						<intervalFormatItem id="MMMEd">
							<greatestDifference id="d">E, d - E, d MMM</greatestDifference>
							<greatestDifference id="M">E, d MMM - E, d MMM</greatestDifference>
						</intervalFormatItem>
						<intervalFormatItem id="yM">
							<greatestDifference id="M">MM.yy - MM.yy</greatestDifference>
							<greatestDifference id="y">MM.yy - MM.yy</greatestDifference>
						</intervalFormatItem>
						<intervalFormatItem id="yMd">
							<greatestDifference id="d">dd.MM.yy - dd.MM.yy</greatestDifference>
							<greatestDifference id="M">dd.MM.yy - dd.MM.yy</greatestDifference>
							<greatestDifference id="y">dd.MM.yy - dd.MM.yy</greatestDifference>
						</intervalFormatItem>
						<intervalFormatItem id="yMEd">
							<greatestDifference id="d">E, dd.MM.yy - E, dd.MM.yy</greatestDifference>
							<greatestDifference id="M">E, dd.MM.yy - E, dd.MM.yy</greatestDifference>
							<greatestDifference id="y">E, dd.MM.yy - E, dd.MM.yy</greatestDifference>
						</intervalFormatItem>
						<intervalFormatItem id="yMMMd">
							<greatestDifference id="d">d-d MMM y</greatestDifference>
							<greatestDifference id="M">d MMM - d MMM y</greatestDifference>
							<greatestDifference id="y">d MMM y - d MMM y</greatestDifference>
						</intervalFormatItem>
						<intervalFormatItem id="yMMMEd">
							<greatestDifference id="d">E, d - E, d MMM y</greatestDifference>
							<greatestDifference id="M">E, d MMM - E, d MMM y</greatestDifference>
							<greatestDifference id="y">E, d MMM y - E, d MMM y</greatestDifference>
						</intervalFormatItem>
					</intervalFormats>
				</dateTimeFormats>
			</calendar>
		</calendars>
	</dates>
	<numbers>
		<symbols>
			<decimal>.</decimal>
			<group>'</group>
		</symbols>
		<currencyFormats>
			<currencyFormatLength>
				<currencyFormat>
					<pattern>¤ #,##0.00;¤-#,##0.00</pattern>
				</currencyFormat>
			</currencyFormatLength>
		</currencyFormats>
	</numbers>
</ldml>

