<?xml version="1.0" encoding="UTF-8" ?>

<ldml>
	<identity>
		<version number="$Revision: 4763 $"/>
		<generation date="$Date: 2010-02-27 01:03:37 -0600 (Sat, 27 Feb 2010) $"/>
		<language type="kfo"/>
	</identity>
	<characters>
		<exemplarCharacters>[a ā b c d e ē f g {gb} h i j k {kh} l m n o p {pk} r s t u w y z]</exemplarCharacters>
		<exemplarCharacters type="index">[A B C D E F G H I J K L M N O P Q R S T U V W X Y Z]</exemplarCharacters>
	</characters>
	<dates>
		<calendars>
			<calendar type="gregorian">
				<months>
					<monthContext type="format">
						<monthWidth type="abbreviated">
							<month type="1">Wey</month>
							<month type="2">Fan</month>
							<month type="3">Tat</month>
							<month type="4">Nan</month>
							<month type="5">Tuy</month>
							<month type="6">Tso</month>
							<month type="7">Taf</month>
							<month type="8">War</month>
							<month type="9">Kun</month>
							<month type="10">Ban</month>
							<month type="11">Kom</month>
							<month type="12">Sau</month>
						</monthWidth>
						<monthWidth type="wide">
							<month type="1">Fai Weyene</month>
							<month type="2">Fai Fani</month>
							<month type="3">Fai Tataka</month>
							<month type="4">Fai Nangra</month>
							<month type="5">Fai Tuyo</month>
							<month type="6">Fai Tsoyi</month>
							<month type="7">Fai Tafaka</month>
							<month type="8">Fai Warachi</month>
							<month type="9">Fai Kunobok</month>
							<month type="10">Fai Bansok</month>
							<month type="11">Fai Kom</month>
							<month type="12">Fai Sauk</month>
						</monthWidth>
					</monthContext>
				</months>
				<days>
					<dayContext type="format">
						<dayWidth type="abbreviated">
							<day type="sun">Lah</day>
							<day type="mon">Kub</day>
							<day type="tue">Gba</day>
							<day type="wed">Tan</day>
							<day type="thu">Yei</day>
							<day type="fri">Koy</day>
							<day type="sat">Sat</day>
						</dayWidth>
						<dayWidth type="wide">
							<day type="sun">Lahadi</day>
							<day type="mon">Je-Kubacha</day>
							<day type="tue">Je-Gbai</day>
							<day type="wed">Tansati</day>
							<day type="thu">Je-Yei</day>
							<day type="fri">Je-Koye</day>
							<day type="sat">Sati</day>
						</dayWidth>
					</dayContext>
				</days>
				<eras>
					<eraNames>
						<era type="0">Kafi Mar Wenom</era>
						<era type="1">Bayan Chi Wenom</era>
					</eraNames>
					<eraAbbr>
						<era type="0">KMW</era>
						<era type="1">BCW</era>
					</eraAbbr>
				</eras>
				<dateFormats>
					<dateFormatLength type="full">
						<dateFormat>
							<pattern>EEEE, y MMMM dd</pattern>
						</dateFormat>
					</dateFormatLength>
					<dateFormatLength type="long">
						<dateFormat>
							<pattern>y MMMM d</pattern>
						</dateFormat>
					</dateFormatLength>
					<dateFormatLength type="medium">
						<dateFormat>
							<pattern>y MMM d</pattern>
						</dateFormat>
					</dateFormatLength>
					<dateFormatLength type="short">
						<dateFormat>
							<pattern>yy/MM/dd</pattern>
						</dateFormat>
					</dateFormatLength>
				</dateFormats>
				<timeFormats>
					<timeFormatLength type="full">
						<timeFormat>
							<pattern>HH:mm:ss zzzz</pattern>
						</timeFormat>
					</timeFormatLength>
					<timeFormatLength type="long">
						<timeFormat>
							<pattern>HH:mm:ss z</pattern>
						</timeFormat>
					</timeFormatLength>
					<timeFormatLength type="medium">
						<timeFormat>
							<pattern>HH:mm:ss</pattern>
						</timeFormat>
					</timeFormatLength>
					<timeFormatLength type="short">
						<timeFormat>
							<pattern>HH:mm</pattern>
						</timeFormat>
					</timeFormatLength>
				</timeFormats>
			</calendar>
		</calendars>
	</dates>
	<numbers>
		<currencies>
			<currency type="NGN">
				<displayName>Neira</displayName>
			</currency>
		</currencies>
	</numbers>
</ldml>

