<?xml version="1.0" encoding="UTF-8" ?>

<ldml>
	<identity>
		<version number="$Revision: 4599 $"/>
		<generation date="$Date: 2010-02-05 18:15:28 -0600 (Fri, 05 Feb 2010) $"/>
		<language type="mn"/>
		<script type="Mong"/>
	</identity>
	<layout>
		<orientation lines="left-to-right" characters="top-to-bottom"/>
	</layout>
	<characters>
		<exemplarCharacters>[᠐ ᠑ ᠒ ᠓ ᠔ ᠕ ᠖ ᠗ ᠘ ᠙ ᠠ ᠡ ᠢ ᠣ ᠤ ᠥ ᠦ ᠧ ᠨ ᠩ ᠪ ᠫ ᠬ ᠭ ᠮ ᠯ ᠰ ᠱ ᠲ ᠳ ᠴ ᠵ ᠶ ᠷ ᠸ ᠹ ᠺ ᠻ ᠼ ᠽ ᠾ ᠿ ᡀ ᡁ ᡂ]</exemplarCharacters>
		<exemplarCharacters type="auxiliary">[a á à ă â å ä ā æ b c ç d e é è ĕ ê ë ē f g h i í ì ĭ î ï ī j k l m n ñ o ó ò ŏ ô ö ø ō œ p q r s t u ú ù ŭ û ü ū v w x y ÿ z]</exemplarCharacters>
		<exemplarCharacters type="index">[ᠠ ᠡ ᠢ ᠣ ᠤ ᠥ ᠦ ᠧ ᠨ ᠩ ᠪ ᠫ ᠬ ᠭ ᠮ ᠯ ᠰ ᠱ ᠲ ᠳ ᠴ ᠵ ᠶ ᠷ ᠸ ᠹ ᠺ ᠻ ᠼ ᠽ ᠾ ᠿ ᡀ ᡁ ᡂ]</exemplarCharacters>
	</characters>
</ldml>

