<?xml version="1.0" encoding="UTF-8" ?>

<ldml>
	<identity>
		<version number="$Revision: 4763 $"/>
		<generation date="$Date: 2010-02-27 01:03:37 -0600 (Sat, 27 Feb 2010) $"/>
		<language type="ny"/>
	</identity>
	<characters>
		<exemplarCharacters>[a b c d e f g h i j k l m n o p r s t u w ŵ y z]</exemplarCharacters>
		<exemplarCharacters type="auxiliary">[q v x]</exemplarCharacters>
		<exemplarCharacters type="index">[A B C D E F G H I J K L M N O P Q R S T U V W X Y Z]</exemplarCharacters>
	</characters>
	<dates>
		<calendars>
			<calendar type="gregorian">
				<months>
					<monthContext type="format">
						<monthWidth type="abbreviated">
							<month type="1">Jan</month>
							<month type="2">Feb</month>
							<month type="3">Mal</month>
							<month type="4">Epu</month>
							<month type="5">Mei</month>
							<month type="6">Jun</month>
							<month type="7">Jul</month>
							<month type="8">Oga</month>
							<month type="9">Sep</month>
							<month type="10">Oku</month>
							<month type="11">Nov</month>
							<month type="12">Dis</month>
						</monthWidth>
						<monthWidth type="wide">
							<month type="1">Januwale</month>
							<month type="2">Febuluwale</month>
							<month type="3">Malichi</month>
							<month type="4">Epulo</month>
							<month type="5">Mei</month>
							<month type="6">Juni</month>
							<month type="7">Julai</month>
							<month type="8">Ogasiti</month>
							<month type="9">Seputemba</month>
							<month type="10">Okutoba</month>
							<month type="11">Novemba</month>
							<month type="12">Disemba</month>
						</monthWidth>
					</monthContext>
				</months>
				<days>
					<dayContext type="format">
						<dayWidth type="abbreviated">
							<day type="sun">Mul</day>
							<day type="mon">Lem</day>
							<day type="tue">Wir</day>
							<day type="wed">Tat</day>
							<day type="thu">Nai</day>
							<day type="fri">San</day>
							<day type="sat">Wer</day>
						</dayWidth>
						<dayWidth type="wide">
							<day type="sun">Lamulungu</day>
							<day type="mon">Lolemba</day>
							<day type="tue">Lachiwiri</day>
							<day type="wed">Lachitatu</day>
							<day type="thu">Lachinayi</day>
							<day type="fri">Lachisanu</day>
							<day type="sat">Loweruka</day>
						</dayWidth>
					</dayContext>
				</days>
			</calendar>
		</calendars>
	</dates>
	<numbers>
		<currencies>
			<currency type="MWK">
				<displayName>Malawian Kwacha</displayName>
			</currency>
		</currencies>
	</numbers>
</ldml>

