<?xml version="1.0" encoding="UTF-8" ?>

<ldml>
	<identity>
		<version number="$Revision: 4590 $"/>
		<generation date="$Date: 2010-02-05 13:10:28 -0600 (Fri, 05 Feb 2010) $"/>
		<language type="rof"/>
	</identity>
	<fallback/>
	<localeDisplayNames>
		<languages>
			<language type="ak">Kiakani</language>
			<language type="am">Kiamhari</language>
			<language type="ar">Kiarabu</language>
			<language type="be">Kibelarusi</language>
			<language type="bg">Kibulgaria</language>
			<language type="bn">Kibangla</language>
			<language type="cs">Kichecki</language>
			<language type="de">Kijerumani</language>
			<language type="el">Kigiriki</language>
			<language type="en">Kiingereza</language>
			<language type="es">Kihispania</language>
			<language type="fa">Kiajemi</language>
			<language type="fr">Kyifaransa</language>
			<language type="ha">Kihausa</language>
			<language type="hi">Kihindi</language>
			<language type="hu">Kihungari</language>
			<language type="id">Kiindonesia</language>
			<language type="ig">Kiigbo</language>
			<language type="it">Kiitaliano</language>
			<language type="ja">Kijapani</language>
			<language type="jv">Kijava</language>
			<language type="km">Kikambodia</language>
			<language type="ko">Kikorea</language>
			<language type="ms">Kimalesia</language>
			<language type="my">Kiburma</language>
			<language type="ne">Kinepali</language>
			<language type="nl">Kiholanzi</language>
			<language type="pa">Kipunjabi</language>
			<language type="pl">Kipolandi</language>
			<language type="pt">Kireno</language>
			<language type="ro">Kiromania</language>
			<language type="rof">Kihorombo</language>
			<language type="ru">Kirusi</language>
			<language type="rw">Kinyarwanda</language>
			<language type="so">Kisomali</language>
			<language type="sv">Kiswidi</language>
			<language type="ta">Kitamil</language>
			<language type="th">Kitailandi</language>
			<language type="tr">Kituruki</language>
			<language type="uk">Kiukrania</language>
			<language type="ur">Kiurdu</language>
			<language type="vi">Kivietinamu</language>
			<language type="yo">Kiyoruba</language>
			<language type="zh">Kichina</language>
			<language type="zu">Kizulu</language>
		</languages>
		<territories>
			<territory type="AD">Andoro</territory>
			<territory type="AE">Falme za Kiarabu</territory>
			<territory type="AF">Afuganistani</territory>
			<territory type="AG">Antigua na Babuda</territory>
			<territory type="AI">Anguila</territory>
			<territory type="AL">Albania</territory>
			<territory type="AM">Amenia</territory>
			<territory type="AN">Antili za Uholanzi</territory>
			<territory type="AO">Angolo</territory>
			<territory type="AR">Ajentina</territory>
			<territory type="AS">Samoa ya Marekani</territory>
			<territory type="AT">Ostria</territory>
			<territory type="AU">Australia</territory>
			<territory type="AW">Aruba</territory>
			<territory type="AZ">Azabajani</territory>
			<territory type="BA">Bosnia na Hezegovina</territory>
			<territory type="BB">Babado</territory>
			<territory type="BD">Bangladeshi</territory>
			<territory type="BE">Ubelgiji</territory>
			<territory type="BF">Bukinafaso</territory>
			<territory type="BG">Bulgaria</territory>
			<territory type="BH">Bahareni</territory>
			<territory type="BI">Burundi</territory>
			<territory type="BJ">Benini</territory>
			<territory type="BM">Bermuda</territory>
			<territory type="BN">Brunei</territory>
			<territory type="BO">Bolivia</territory>
			<territory type="BR">Brazili</territory>
			<territory type="BS">Bahamasi</territory>
			<territory type="BT">Butani</territory>
			<territory type="BW">Botswana</territory>
			<territory type="BY">Belarusi</territory>
			<territory type="BZ">Belize</territory>
			<territory type="CA">Kanada</territory>
			<territory type="CD">Jamhuri ya Kidemokrasia ya Kongo</territory>
			<territory type="CF">Jamhuri ya Afrika ya Kati</territory>
			<territory type="CG">Kongo</territory>
			<territory type="CH">Uswisi</territory>
			<territory type="CI">Kodivaa</territory>
			<territory type="CK">Visiwa vya Cook</territory>
			<territory type="CL">Chile</territory>
			<territory type="CM">Kameruni</territory>
			<territory type="CN">China</territory>
			<territory type="CO">Kolombia</territory>
			<territory type="CR">Kostarika</territory>
			<territory type="CS">Serbia na Montenegro</territory>
			<territory type="CU">Kuba</territory>
			<territory type="CV">Kepuvede</territory>
			<territory type="CY">Kuprosi</territory>
			<territory type="CZ">Jamhuri ya Cheki</territory>
			<territory type="DE">Ujerumani</territory>
			<territory type="DJ">Jibuti</territory>
			<territory type="DK">Denmaki</territory>
			<territory type="DM">Dominika</territory>
			<territory type="DO">Jamhuri ya Dominika</territory>
			<territory type="DZ">Aljeria</territory>
			<territory type="EC">Ekwado</territory>
			<territory type="EE">Estonia</territory>
			<territory type="EG">Misri</territory>
			<territory type="ER">Eritrea</territory>
			<territory type="ES">Hispania</territory>
			<territory type="ET">Uhabeshi</territory>
			<territory type="FI">Ufini</territory>
			<territory type="FJ">Fiji</territory>
			<territory type="FK">Visiwa vya Falkland</territory>
			<territory type="FM">Mikronesia</territory>
			<territory type="FR">Ufaransa</territory>
			<territory type="GA">Gaboni</territory>
			<territory type="GB">Uingereza</territory>
			<territory type="GD">Grenada</territory>
			<territory type="GE">Jojia</territory>
			<territory type="GF">Gwiyana ya Ufaransa</territory>
			<territory type="GH">Ghana</territory>
			<territory type="GI">Jibralta</territory>
			<territory type="GL">Grinlandi</territory>
			<territory type="GM">Gambia</territory>
			<territory type="GN">Gine</territory>
			<territory type="GP">Gwadelupe</territory>
			<territory type="GQ">Ginekweta</territory>
			<territory type="GR">Ugiriki</territory>
			<territory type="GT">Gwatemala</territory>
			<territory type="GU">Gwam</territory>
			<territory type="GW">Ginebisau</territory>
			<territory type="GY">Guyana</territory>
			<territory type="HN">Hondurasi</territory>
			<territory type="HR">Korasia</territory>
			<territory type="HT">Haiti</territory>
			<territory type="HU">Hungaria</territory>
			<territory type="ID">Indonesia</territory>
			<territory type="IE">Ayalandi</territory>
			<territory type="IL">Israeli</territory>
			<territory type="IN">India</territory>
			<territory type="IO">Eneo la Uingereza katika Bahari Hindi</territory>
			<territory type="IQ">Iraki</territory>
			<territory type="IR">Uajemi</territory>
			<territory type="IS">Aislandi</territory>
			<territory type="IT">Italia</territory>
			<territory type="JM">Jamaika</territory>
			<territory type="JO">Yordani</territory>
			<territory type="JP">Japani</territory>
			<territory type="KE">Kenya</territory>
			<territory type="KG">Kirigizistani</territory>
			<territory type="KH">Kambodia</territory>
			<territory type="KI">Kiribati</territory>
			<territory type="KM">Komoro</territory>
			<territory type="KN">Santakitzi na Nevis</territory>
			<territory type="KP">Korea Kaskazini</territory>
			<territory type="KR">Korea Kusini</territory>
			<territory type="KW">Kuwaiti</territory>
			<territory type="KY">Visiwa vya Kaimai</territory>
			<territory type="KZ">Kazakistani</territory>
			<territory type="LA">Laosi</territory>
			<territory type="LB">Lebanoni</territory>
			<territory type="LC">Santalusia</territory>
			<territory type="LI">Lishenteni</territory>
			<territory type="LK">Sirilanka</territory>
			<territory type="LR">Liberia</territory>
			<territory type="LS">Lesoto</territory>
			<territory type="LT">Litwania</territory>
			<territory type="LU">Lasembagi</territory>
			<territory type="LV">Lativia</territory>
			<territory type="LY">Libya</territory>
			<territory type="MA">Moroko</territory>
			<territory type="MC">Monako</territory>
			<territory type="MD">Moldova</territory>
			<territory type="MG">Bukini</territory>
			<territory type="MH">Visiwa vya Marshal</territory>
			<territory type="MK">Masedonia</territory>
			<territory type="ML">Mali</territory>
			<territory type="MM">Myama</territory>
			<territory type="MN">Mongolia</territory>
			<territory type="MP">Visiwa vya Mariana vya Kaskazini</territory>
			<territory type="MQ">Martiniki</territory>
			<territory type="MR">Moritania</territory>
			<territory type="MS">Montserrati</territory>
			<territory type="MT">Malta</territory>
			<territory type="MU">Morisi</territory>
			<territory type="MV">Modivu</territory>
			<territory type="MW">Malawi</territory>
			<territory type="MX">Meksiko</territory>
			<territory type="MY">Malesia</territory>
			<territory type="MZ">Msumbiji</territory>
			<territory type="NA">Namibia</territory>
			<territory type="NC">Nyukaledonia</territory>
			<territory type="NE">Nijeri</territory>
			<territory type="NF">Kisiwa cha Norfok</territory>
			<territory type="NG">Nijeria</territory>
			<territory type="NI">Nikaragwa</territory>
			<territory type="NL">Uholanzi</territory>
			<territory type="NO">Norwe</territory>
			<territory type="NP">Nepali</territory>
			<territory type="NR">Nauru</territory>
			<territory type="NU">Niue</territory>
			<territory type="NZ">Nyuzilandi</territory>
			<territory type="OM">Omani</territory>
			<territory type="PA">Panama</territory>
			<territory type="PE">Peru</territory>
			<territory type="PF">Polinesia ya Ufaransa</territory>
			<territory type="PG">Papua</territory>
			<territory type="PH">Filipino</territory>
			<territory type="PK">Pakistani</territory>
			<territory type="PL">Polandi</territory>
			<territory type="PM">Santapieri na Mikeloni</territory>
			<territory type="PN">Pitkairni</territory>
			<territory type="PR">Pwetoriko</territory>
			<territory type="PS">Ukingo wa Magharibi na Ukanda wa Gaza wa Palestina</territory>
			<territory type="PT">Ureno</territory>
			<territory type="PW">Palau</territory>
			<territory type="PY">Paragwai</territory>
			<territory type="QA">Katari</territory>
			<territory type="RE">Riyunioni</territory>
			<territory type="RO">Romania</territory>
			<territory type="RU">Urusi</territory>
			<territory type="RW">Rwanda</territory>
			<territory type="SA">Saudi</territory>
			<territory type="SB">Visiwa vya Solomon</territory>
			<territory type="SC">Shelisheli</territory>
			<territory type="SD">Sudani</territory>
			<territory type="SE">Uswidi</territory>
			<territory type="SG">Singapoo</territory>
			<territory type="SH">Santahelena</territory>
			<territory type="SI">Slovenia</territory>
			<territory type="SK">Slovakia</territory>
			<territory type="SL">Siera Leoni</territory>
			<territory type="SM">Samarino</territory>
			<territory type="SN">Senegali</territory>
			<territory type="SO">Somalia</territory>
			<territory type="SR">Surinamu</territory>
			<territory type="ST">Sao Tome na Principe</territory>
			<territory type="SV">Elsavado</territory>
			<territory type="SY">Siria</territory>
			<territory type="SZ">Uswazi</territory>
			<territory type="TC">Visiwa vya Turki na Kaiko</territory>
			<territory type="TD">Chadi</territory>
			<territory type="TG">Togo</territory>
			<territory type="TH">Tailandi</territory>
			<territory type="TJ">Tajikistani</territory>
			<territory type="TK">Tokelau</territory>
			<territory type="TL">Timori ya Mashariki</territory>
			<territory type="TM">Turukimenistani</territory>
			<territory type="TN">Tunisia</territory>
			<territory type="TO">Tonga</territory>
			<territory type="TR">Uturuki</territory>
			<territory type="TT">Trinidad na Tobago</territory>
			<territory type="TV">Tuvalu</territory>
			<territory type="TW">Taiwani</territory>
			<territory type="TZ">Tanzania</territory>
			<territory type="UA">Ukraini</territory>
			<territory type="UG">Uganda</territory>
			<territory type="US">Marekani</territory>
			<territory type="UY">Urugwai</territory>
			<territory type="UZ">Uzibekistani</territory>
			<territory type="VA">Vatikani</territory>
			<territory type="VC">Santavisenti na Grenadini</territory>
			<territory type="VE">Venezuela</territory>
			<territory type="VG">Visiwa vya Virgin vya Uingereza</territory>
			<territory type="VI">Visiwa vya Virgin vya Marekani</territory>
			<territory type="VN">Vietinamu</territory>
			<territory type="VU">Vanuatu</territory>
			<territory type="WF">Walis na Futuna</territory>
			<territory type="WS">Samoa</territory>
			<territory type="YE">Yemeni</territory>
			<territory type="YT">Mayotte</territory>
			<territory type="ZA">Afrika Kusini</territory>
			<territory type="ZM">Zambia</territory>
			<territory type="ZW">Zimbabwe</territory>
		</territories>
	</localeDisplayNames>
	<characters>
		<exemplarCharacters>[a b c d e f g h i j k l m n o p r s t u v w y z]</exemplarCharacters>
		<exemplarCharacters type="auxiliary">[q x]</exemplarCharacters>
		<exemplarCharacters type="index">[A B C D E F G H I J K L M N O P R S T U V W Y Z]</exemplarCharacters>
	</characters>
	<delimiters>
		<quotationStart>'</quotationStart>
		<quotationEnd>'</quotationEnd>
		<alternateQuotationStart>“</alternateQuotationStart>
		<alternateQuotationEnd>“</alternateQuotationEnd>
	</delimiters>
	<dates>
		<calendars>
			<calendar type="gregorian">
				<months>
					<monthContext type="format">
						<monthWidth type="abbreviated">
							<month type="1">M1</month>
							<month type="2">M2</month>
							<month type="3">M3</month>
							<month type="4">M4</month>
							<month type="5">M5</month>
							<month type="6">M6</month>
							<month type="7">M7</month>
							<month type="8">M8</month>
							<month type="9">M9</month>
							<month type="10">M10</month>
							<month type="11">M11</month>
							<month type="12">M12</month>
						</monthWidth>
						<monthWidth type="wide">
							<month type="1">Mweri wa kwanza</month>
							<month type="2">Mweri wa kaili</month>
							<month type="3">Mweri wa katatu</month>
							<month type="4">Mweri wa kaana</month>
							<month type="5">Mweri wa tanu</month>
							<month type="6">Mweri wa sita</month>
							<month type="7">Mweri wa saba</month>
							<month type="8">Mweri wa nane</month>
							<month type="9">Mweri wa tisa</month>
							<month type="10">Mweri wa ikumi</month>
							<month type="11">Mweri wa ikumi na moja</month>
							<month type="12">Mweri wa ikumi na mbili</month>
						</monthWidth>
					</monthContext>
					<monthContext type="stand-alone">
						<monthWidth type="narrow">
							<month type="1">K</month>
							<month type="2">K</month>
							<month type="3">K</month>
							<month type="4">K</month>
							<month type="5">T</month>
							<month type="6">S</month>
							<month type="7">S</month>
							<month type="8">N</month>
							<month type="9">T</month>
							<month type="10">I</month>
							<month type="11">I</month>
							<month type="12">I</month>
						</monthWidth>
					</monthContext>
				</months>
				<days>
					<dayContext type="format">
						<dayWidth type="abbreviated">
							<day type="sun">Ijp</day>
							<day type="mon">Ijt</day>
							<day type="tue">Ijn</day>
							<day type="wed">Ijt</day>
							<day type="thu">Alh</day>
							<day type="fri">Iju</day>
							<day type="sat">Ijm</day>
						</dayWidth>
						<dayWidth type="wide">
							<day type="sun">Ijumapili</day>
							<day type="mon">Ijumatatu</day>
							<day type="tue">Ijumanne</day>
							<day type="wed">Ijumatano</day>
							<day type="thu">Alhamisi</day>
							<day type="fri">Ijumaa</day>
							<day type="sat">Ijumamosi</day>
						</dayWidth>
					</dayContext>
					<dayContext type="stand-alone">
						<dayWidth type="narrow">
							<day type="sun">2</day>
							<day type="mon">3</day>
							<day type="tue">4</day>
							<day type="wed">5</day>
							<day type="thu">6</day>
							<day type="fri">7</day>
							<day type="sat">1</day>
						</dayWidth>
					</dayContext>
				</days>
				<quarters>
					<quarterContext type="format">
						<quarterWidth type="abbreviated">
							<quarter type="1">R1</quarter>
							<quarter type="2">R2</quarter>
							<quarter type="3">R3</quarter>
							<quarter type="4">R4</quarter>
						</quarterWidth>
						<quarterWidth type="wide">
							<quarter type="1">Robo ya kwanza</quarter>
							<quarter type="2">Robo ya kaili</quarter>
							<quarter type="3">Robo ya katatu</quarter>
							<quarter type="4">Robo ya kaana</quarter>
						</quarterWidth>
					</quarterContext>
				</quarters>
				<dayPeriods>
					<dayPeriodContext type="format">
						<dayPeriodWidth type="wide">
							<dayPeriod type="am">kang'ama</dayPeriod>
							<dayPeriod type="pm">kingoto</dayPeriod>
						</dayPeriodWidth>
					</dayPeriodContext>
				</dayPeriods>
				<eras>
					<eraNames>
						<era type="0">Kabla ya Mayesu</era>
						<era type="1">Baada ya Mayesu</era>
					</eraNames>
					<eraAbbr>
						<era type="0">KM</era>
						<era type="1">BM</era>
					</eraAbbr>
				</eras>
				<dateFormats>
					<dateFormatLength type="full">
						<dateFormat>
							<pattern>EEEE, d MMMM y</pattern>
						</dateFormat>
					</dateFormatLength>
					<dateFormatLength type="long">
						<dateFormat>
							<pattern>d MMMM y</pattern>
						</dateFormat>
					</dateFormatLength>
					<dateFormatLength type="medium">
						<dateFormat>
							<pattern>d MMM y</pattern>
						</dateFormat>
					</dateFormatLength>
					<dateFormatLength type="short">
						<dateFormat>
							<pattern>dd/MM/yyyy</pattern>
						</dateFormat>
					</dateFormatLength>
				</dateFormats>
				<timeFormats>
					<timeFormatLength type="full">
						<timeFormat>
							<pattern>h:mm:ss a zzzz</pattern>
						</timeFormat>
					</timeFormatLength>
					<timeFormatLength type="long">
						<timeFormat>
							<pattern>h:mm:ss a z</pattern>
						</timeFormat>
					</timeFormatLength>
					<timeFormatLength type="medium">
						<timeFormat>
							<pattern>h:mm:ss a</pattern>
						</timeFormat>
					</timeFormatLength>
					<timeFormatLength type="short">
						<timeFormat>
							<pattern>h:mm a</pattern>
						</timeFormat>
					</timeFormatLength>
				</timeFormats>
				<dateTimeFormats>
					<availableFormats>
						<dateFormatItem id="d">d</dateFormatItem>
						<dateFormatItem id="hm">h:mm a</dateFormatItem>
						<dateFormatItem id="Hm">HH:mm</dateFormatItem>
						<dateFormatItem id="Hms">HH:mm:ss</dateFormatItem>
						<dateFormatItem id="M">L</dateFormatItem>
						<dateFormatItem id="Md">M/d</dateFormatItem>
						<dateFormatItem id="MEd">E, M/d</dateFormatItem>
						<dateFormatItem id="MMM">LLL</dateFormatItem>
						<dateFormatItem id="MMMd">MMM d</dateFormatItem>
						<dateFormatItem id="MMMEd">E, MMM d</dateFormatItem>
						<dateFormatItem id="MMMMd">MMMM d</dateFormatItem>
						<dateFormatItem id="MMMMEd">E, MMMM d</dateFormatItem>
						<dateFormatItem id="ms">mm:ss</dateFormatItem>
						<dateFormatItem id="y">y</dateFormatItem>
						<dateFormatItem id="yM">M/y</dateFormatItem>
						<dateFormatItem id="yMEd">EEE, M/d/y</dateFormatItem>
						<dateFormatItem id="yMMM">MMM y</dateFormatItem>
						<dateFormatItem id="yMMMEd">EEE, MMM d, y</dateFormatItem>
						<dateFormatItem id="yMMMM">MMMM y</dateFormatItem>
						<dateFormatItem id="yQ">Q y</dateFormatItem>
						<dateFormatItem id="yQQQ">QQQ y</dateFormatItem>
					</availableFormats>
				</dateTimeFormats>
				<fields>
					<field type="era">
						<displayName>Kacha</displayName>
					</field>
					<field type="year">
						<displayName>Muaka</displayName>
					</field>
					<field type="month">
						<displayName>Mweri</displayName>
					</field>
					<field type="week">
						<displayName>Iwiki</displayName>
					</field>
					<field type="day">
						<displayName>Mfiri</displayName>
						<relative type="-1">Hiyo</relative>
						<relative type="0">Linu</relative>
						<relative type="1">Ng'ama</relative>
					</field>
					<field type="weekday">
						<displayName>Mfiri a iwiki</displayName>
					</field>
					<field type="dayperiod">
						<displayName>Nkwaya</displayName>
					</field>
					<field type="hour">
						<displayName>Isaa</displayName>
					</field>
					<field type="minute">
						<displayName>Dakika</displayName>
					</field>
					<field type="second">
						<displayName>Sekunde</displayName>
					</field>
					<field type="zone">
						<displayName>Mfiri o saa</displayName>
					</field>
				</fields>
			</calendar>
		</calendars>
	</dates>
	<numbers>
		<currencyFormats>
			<currencyFormatLength>
				<currencyFormat>
					<pattern>¤#,##0.00</pattern>
				</currencyFormat>
			</currencyFormatLength>
		</currencyFormats>
		<currencies>
			<currency type="AED">
				<displayName>heleri sa Falme za Kiarabu</displayName>
			</currency>
			<currency type="AOA">
				<displayName>heleri sa Angola</displayName>
			</currency>
			<currency type="AUD">
				<displayName>heleri sa Australia</displayName>
			</currency>
			<currency type="BHD">
				<displayName>heleri sa Bahareni</displayName>
			</currency>
			<currency type="BIF">
				<displayName>heleri sa Burundi</displayName>
			</currency>
			<currency type="BWP">
				<displayName>heleri sa Botswana</displayName>
			</currency>
			<currency type="CAD">
				<displayName>heleri sa Kanada</displayName>
			</currency>
			<currency type="CDF">
				<displayName>heleri sa Kongo</displayName>
			</currency>
			<currency type="CHF">
				<displayName>heleri sa Uswisi</displayName>
			</currency>
			<currency type="CNY">
				<displayName>heleri sa China</displayName>
			</currency>
			<currency type="CVE">
				<displayName>heleri sa Kepuvede</displayName>
			</currency>
			<currency type="DJF">
				<displayName>heleri sa Jibuti</displayName>
			</currency>
			<currency type="DZD">
				<displayName>heleri sa Aljeria</displayName>
			</currency>
			<currency type="EGP">
				<displayName>heleri sa Misri</displayName>
			</currency>
			<currency type="ERN">
				<displayName>heleri sa Eritrea</displayName>
			</currency>
			<currency type="ETB">
				<displayName>heleri sa Uhabeshi</displayName>
			</currency>
			<currency type="EUR">
				<displayName>yuro</displayName>
			</currency>
			<currency type="GBP">
				<displayName>heleri sa Uingereza</displayName>
			</currency>
			<currency type="GHC">
				<displayName>heleri sa Ghana</displayName>
			</currency>
			<currency type="GMD">
				<displayName>heleri sa Gambia</displayName>
			</currency>
			<currency type="GNS">
				<displayName>heleri sa Gine</displayName>
			</currency>
			<currency type="INR">
				<displayName>heleri sa India</displayName>
			</currency>
			<currency type="JPY">
				<displayName>heleri sa Japani</displayName>
			</currency>
			<currency type="KES">
				<displayName>heleri sa Kenya</displayName>
			</currency>
			<currency type="KMF">
				<displayName>heleri sa Komoro</displayName>
			</currency>
			<currency type="LRD">
				<displayName>heleri sa Liberia</displayName>
			</currency>
			<currency type="LSL">
				<displayName>heleri sa Lesoto</displayName>
			</currency>
			<currency type="LYD">
				<displayName>heleri sa Libya</displayName>
			</currency>
			<currency type="MAD">
				<displayName>heleri sa Moroko</displayName>
			</currency>
			<currency type="MGA">
				<displayName>heleri sa Bukini</displayName>
			</currency>
			<currency type="MRO">
				<displayName>heleri sa Moritania</displayName>
			</currency>
			<currency type="MUR">
				<displayName>heleri sa Morisi</displayName>
			</currency>
			<currency type="MWK">
				<displayName>heleri sa Malawi</displayName>
			</currency>
			<currency type="MZM">
				<displayName>heleri sa Msumbiji</displayName>
			</currency>
			<currency type="NAD">
				<displayName>heleri sa Namibia</displayName>
			</currency>
			<currency type="NGN">
				<displayName>heleri sa Nijeria</displayName>
			</currency>
			<currency type="RWF">
				<displayName>heleri sa Rwanda</displayName>
			</currency>
			<currency type="SAR">
				<displayName>heleri sa Saudia</displayName>
			</currency>
			<currency type="SCR">
				<displayName>heleri sa Shelisheli</displayName>
			</currency>
			<currency type="SDG">
				<displayName>heleri sa Sudani</displayName>
			</currency>
			<currency type="SHP">
				<displayName>heleri sa Santahelena</displayName>
			</currency>
			<currency type="SLL">
				<displayName>leoni</displayName>
			</currency>
			<currency type="SOS">
				<displayName>heleri sa Somalia</displayName>
			</currency>
			<currency type="STD">
				<displayName>heleri sa Sao Tome na Principe</displayName>
			</currency>
			<currency type="SZL">
				<displayName>lilangeni</displayName>
			</currency>
			<currency type="TND">
				<displayName>heleri sa Tunisia</displayName>
			</currency>
			<currency type="TZS">
				<displayName>heleri sa Tanzania</displayName>
			</currency>
			<currency type="UGX">
				<displayName>heleri sa Uganda</displayName>
			</currency>
			<currency type="USD">
				<displayName>heleri sa Marekani</displayName>
			</currency>
			<currency type="XAF">
				<displayName>heleri sa CFA BEAC</displayName>
			</currency>
			<currency type="XOF">
				<displayName>heleri sa CFA BCEAO</displayName>
			</currency>
			<currency type="ZAR">
				<displayName>heleri sa Afrika Kusini</displayName>
			</currency>
			<currency type="ZMK">
				<displayName>heleri sa Zambia</displayName>
			</currency>
			<currency type="ZWD">
				<displayName>heleri sa Zimbabwe</displayName>
			</currency>
		</currencies>
	</numbers>
	<posix>
		<messages>
			<yesstr>Yee:Y</yesstr>
			<nostr>Ehe:N</nostr>
		</messages>
	</posix>
</ldml>
