<?xml version="1.0" encoding="UTF-8" ?>

<ldml>
	<identity>
		<version number="$Revision: 4763 $"/>
		<generation date="$Date: 2010-02-27 01:03:37 -0600 (Sat, 27 Feb 2010) $"/>
		<language type="se"/>
	</identity>
	<fallback>nb nn sv en</fallback>
	<localeDisplayNames>
		<languages>
			<language type="ace">acehgiella</language>
			<language type="af">afrikánsagiella</language>
			<language type="an">aragoniagiella</language>
			<language type="ang">boares eaŋgalasgiella</language>
			<language type="apa">apacheš giella</language>
			<language type="ar">arábagiella</language>
			<language type="ast">asturiagiella</language>
			<language type="be">vilges-ruoššagiella</language>
			<language type="bg">bulgáriagiella</language>
			<language type="bn">bengalgiella</language>
			<language type="bo">tibetagiella</language>
			<language type="br">bretonagiella</language>
			<language type="bs">bosniagiella</language>
			<language type="ca">katalánagiella</language>
			<language type="cel">kelttalaš gielat</language>
			<language type="chm">marigiella</language>
			<language type="co">corsicagiella</language>
			<language type="cs">čeahkagiella</language>
			<language type="cy">kymragiella</language>
			<language type="da">dánskkagiella</language>
			<language type="de">duiskkagiella</language>
			<language type="dv">divehigiella</language>
			<language type="dz">dzongkhagiella</language>
			<language type="el">greikkagiella</language>
			<language type="en">eaŋgalsgiella</language>
			<language type="es">spánskkagiella</language>
			<language type="et">esttegiella</language>
			<language type="fa">persijagiella</language>
			<language type="fi">suomagiella</language>
			<language type="fil">filippiinnagiella</language>
			<language type="fiu">fenno-ugrálaš giella</language>
			<language type="fj">fidjigiella</language>
			<language type="fo">fearagiella</language>
			<language type="fr">fránskkagiella</language>
			<language type="fy">oarjifriisagiella</language>
			<language type="ga">iirragiella</language>
			<language type="gem">germánalaš gielat</language>
			<language type="gu">gujaratagiella</language>
			<language type="gv">manksgiella</language>
			<language type="ha">haussagiella</language>
			<language type="haw">hawaiigiella</language>
			<language type="hi">hindigiella</language>
			<language type="hr">kroátiagiella</language>
			<language type="ht">haitigiella</language>
			<language type="hu">ungárgiella</language>
			<language type="hy">armeenagiella</language>
			<language type="id">indonesiagiella</language>
			<language type="is">islánddagiella</language>
			<language type="it">itáliagiella</language>
			<language type="ja">japánagiella</language>
			<language type="jv">javagiella</language>
			<language type="ka">georgiagiella</language>
			<language type="kk">kazakgiella</language>
			<language type="km">kambodiagiella</language>
			<language type="ko">koreagiella</language>
			<language type="krl">gárjilgiella</language>
			<language type="ku">kurdigiella</language>
			<language type="kv">komigiella</language>
			<language type="kw">kornagiella</language>
			<language type="la">láhtengiella</language>
			<language type="lb">luxemburggagiella</language>
			<language type="lo">laogiella</language>
			<language type="lt">liettuvagiella</language>
			<language type="lv">látviagiella</language>
			<language type="mdf">mokšagiella</language>
			<language type="mi">maorigiella</language>
			<language type="mk">makedoniagiella</language>
			<language type="mn">mongoliagiella</language>
			<language type="mt">maltagiella</language>
			<language type="my">burmagiella</language>
			<language type="myv">ersagiella</language>
			<language type="nb">girjedárogiella</language>
			<language type="ne">nepaligiella</language>
			<language type="nl">hollánddagiella</language>
			<language type="nn">ođđadárogiella</language>
			<language type="no">dárogiella</language>
			<language type="oc">oksitánagiella</language>
			<language type="pa">panjabigiella</language>
			<language type="pl">polskkagiella</language>
			<language type="pt">portugálagiella</language>
			<language type="rm">romanšgiella</language>
			<language type="ro">romániagiella</language>
			<language type="roa">románalaš gielat</language>
			<language type="ru">ruoššagiella</language>
			<language type="sc">sardigiella</language>
			<language type="scn">sisiliagiella</language>
			<language type="se">davvisámegiella</language>
			<language type="sel">selkupagiella</language>
			<language type="sh">serbokroatiagiella</language>
			<language type="sk">slovákiagiella</language>
			<language type="sl">slovenagiella</language>
			<language type="sm">samoagiella</language>
			<language type="sma">lullisámegiella</language>
			<language type="smi">sámegielat</language>
			<language type="smj">julevsámegiella</language>
			<language type="smn">anárašgiella</language>
			<language type="sms">nuortalašgiella</language>
			<language type="sq">albánagiella</language>
			<language type="sr">serbiagiella</language>
			<language type="sv">ruoŧagiella</language>
			<language type="swb">shimaorigiella</language>
			<language type="th">ŧaigiella</language>
			<language type="tr">durkagiella</language>
			<language type="ty">tahitigiella</language>
			<language type="udm">udmurtagiella</language>
			<language type="uk">ukrainagiella</language>
			<language type="ur">urdugiella</language>
			<language type="vi">vietnamgiella</language>
			<language type="wa">vallonagiella</language>
			<language type="wen">sorbi gielat</language>
			<language type="yue">kantongiella</language>
			<language type="zh">kiinnágiella</language>
		</languages>
		<scripts>
			<script type="Arab">arába</script>
			<script type="Cyrl">kyrillalaš</script>
			<script type="Grek">greikkalaš</script>
			<script type="Hang">hangul</script>
			<script type="Hani">kiinnaš</script>
			<script type="Hira">hiragana</script>
			<script type="Kana">katakana</script>
			<script type="Latn">láhtenaš</script>
		</scripts>
		<territories>
			<territory type="001">máilbmi</territory>
			<territory type="002">Afrihkká</territory>
			<territory type="003">dávvi-Amerihkká ja gaska-Amerihkká</territory>
			<territory type="005">mátta-Amerihkká</territory>
			<territory type="009">Oseania</territory>
			<territory type="011">oarji-Afrihkká</territory>
			<territory type="013">gaska-Amerihkká</territory>
			<territory type="014">nuorta-Afrihkká</territory>
			<territory type="015">davvi-Afrihkká</territory>
			<territory type="017">gaska-Afrihkká</territory>
			<territory type="018">mátta-Afrihkká</territory>
			<territory type="019">Amerihkká</territory>
			<territory type="021">dávvi-Amerihkká</territory>
			<territory type="029">Karibia</territory>
			<territory type="030">nuorta-Ásia</territory>
			<territory type="034">mátta-Ásia</territory>
			<territory type="035">mátta-nuorta-Ásia</territory>
			<territory type="039">mátta-Eurohpá</territory>
			<territory type="053">Austrália ja Ođđa-Selánda</territory>
			<territory type="054">Melanesia</territory>
			<territory type="057">Mikronesia guovllus</territory>
			<territory type="061">Polynesia</territory>
			<territory type="062">mátta-gaska-Ásia</territory>
			<territory type="142">Ásia</territory>
			<territory type="143">gaska-Ásia</territory>
			<territory type="145">oarji-Ásia</territory>
			<territory type="150">Eurohpá</territory>
			<territory type="151">nuorta-Eurohpá</territory>
			<territory type="154">davvi-Eurohpá</territory>
			<territory type="155">oarji-Eurohpá</territory>
			<territory type="419">Lulli-Amerihkká ja Karibia</territory>
			<territory type="AC">Ascension</territory>
			<territory type="AD">Andorra</territory>
			<territory type="AE">Ovttastuvvan Arábaemiráhtat</territory>
			<territory type="AF">Afghanistan</territory>
			<territory type="AG">Antigua ja Barbuda</territory>
			<territory type="AI">Anguilla</territory>
			<territory type="AL">Albánia</territory>
			<territory type="AM">Armenia</territory>
			<territory type="AO">Angola</territory>
			<territory type="AQ">Antárktis</territory>
			<territory type="AR">Argentina</territory>
			<territory type="AS">Amerihká Samoa</territory>
			<territory type="AT">Nuortariika</territory>
			<territory type="AU">Austrália</territory>
			<territory type="AW">Aruba</territory>
			<territory type="AX">Ålánda</territory>
			<territory type="AZ">Aserbaižan</territory>
			<territory type="BA">Bosnia-Hercegovina</territory>
			<territory type="BB">Barbados</territory>
			<territory type="BD">Bangladesh</territory>
			<territory type="BE">Belgia</territory>
			<territory type="BF">Burkina Faso</territory>
			<territory type="BG">Bulgária</territory>
			<territory type="BH">Bahrain</territory>
			<territory type="BI">Burundi</territory>
			<territory type="BJ">Benin</territory>
			<territory type="BL">Saint Barthélemy</territory>
			<territory type="BM">Bermuda</territory>
			<territory type="BN">Brunei</territory>
			<territory type="BO">Bolivia</territory>
			<territory type="BR">Brasil</territory>
			<territory type="BS">Bahamas</territory>
			<territory type="BT">Bhutan</territory>
			<territory type="BV">Bouvet-sullot</territory>
			<territory type="BW">Botswana</territory>
			<territory type="BY">Vilges-Ruošša</territory>
			<territory type="BZ">Belize</territory>
			<territory type="CA">Kanáda</territory>
			<territory type="CC">Cocos-sullot</territory>
			<territory type="CD">Kongo-Kinshasa</territory>
			<territory type="CD" alt="variant">Kongo-Kinshasa</territory>
			<territory type="CF">Gaska-Afrihká dásseváldi</territory>
			<territory type="CG">Kongo-Brazzaville</territory>
			<territory type="CG" alt="variant">Kongo-Brazzaville</territory>
			<territory type="CH">Šveica</territory>
			<territory type="CI">Elfenbenariddu</territory>
			<territory type="CI" alt="variant">Elfenbenariddu</territory>
			<territory type="CK">Cook-sullot</territory>
			<territory type="CL">Čiile</territory>
			<territory type="CM">Kamerun</territory>
			<territory type="CN">Kiinná</territory>
			<territory type="CO">Kolombia</territory>
			<territory type="CP">Clipperton</territory>
			<territory type="CR">Costa Rica</territory>
			<territory type="CU">Kuba</territory>
			<territory type="CV">Kap Verde</territory>
			<territory type="CY">Kypros</territory>
			<territory type="CZ">Čeahkka</territory>
			<territory type="DE">Duiska</territory>
			<territory type="DG">Diego Garcia</territory>
			<territory type="DJ">Djibouti</territory>
			<territory type="DK">Dánmárku</territory>
			<territory type="DM">Dominica</territory>
			<territory type="DO">Dominikána dásseváldi</territory>
			<territory type="DZ">Algeria</territory>
			<territory type="EA">Ceuta ja Melilla</territory>
			<territory type="EC">Ecuador</territory>
			<territory type="EE">Estlánda</territory>
			<territory type="EG">Egypta</territory>
			<territory type="EH">Oarje-Sahára</territory>
			<territory type="ER">Eritrea</territory>
			<territory type="ES">Spánia</territory>
			<territory type="ET">Etiopia</territory>
			<territory type="EU">Eurohpa Uniovdna</territory>
			<territory type="FI">Suopma</territory>
			<territory type="FJ">Fijisullot</territory>
			<territory type="FK">Falklandsullot</territory>
			<territory type="FK" alt="variant">Falklandsullot</territory>
			<territory type="FM">Mikronesia</territory>
			<territory type="FO">Fearsullot</territory>
			<territory type="FR">Frankriika</territory>
			<territory type="GA">Gabon</territory>
			<territory type="GB">Stuorra-Británnia</territory>
			<territory type="GD">Grenada</territory>
			<territory type="GE">Georgia</territory>
			<territory type="GF">Frankriikka Guayana</territory>
			<territory type="GG">Guernsey</territory>
			<territory type="GH">Ghana</territory>
			<territory type="GI">Gibraltar</territory>
			<territory type="GL">Kalaallit Nunaat</territory>
			<territory type="GM">Gámbia</territory>
			<territory type="GN">Guinea</territory>
			<territory type="GP">Guadeloupe</territory>
			<territory type="GQ">Ekvatoriála Guinea</territory>
			<territory type="GR">Greika</territory>
			<territory type="GS">Lulli Georgia ja Lulli Sandwich-sullot</territory>
			<territory type="GT">Guatemala</territory>
			<territory type="GU">Guam</territory>
			<territory type="GW">Guinea-Bissau</territory>
			<territory type="GY">Guyana</territory>
			<territory type="HK">Hongkong</territory>
			<territory type="HK" alt="short">Hongkong</territory>
			<territory type="HM">Heard- ja McDonald-sullot</territory>
			<territory type="HN">Honduras</territory>
			<territory type="HR">Kroátia</territory>
			<territory type="HT">Haiti</territory>
			<territory type="HU">Ungár</territory>
			<territory type="IC">Kanáriasullot</territory>
			<territory type="ID">Indonesia</territory>
			<territory type="IE">Irlánda</territory>
			<territory type="IL">Israel</territory>
			<territory type="IM">Mann</territory>
			<territory type="IN">India</territory>
			<territory type="IQ">Irak</territory>
			<territory type="IR">Iran</territory>
			<territory type="IS">Islánda</territory>
			<territory type="IT">Itália</territory>
			<territory type="JE">Jersey</territory>
			<territory type="JM">Jamaica</territory>
			<territory type="JO">Jordánia</territory>
			<territory type="JP">Japána</territory>
			<territory type="KE">Kenia</territory>
			<territory type="KG">Kirgisistan</territory>
			<territory type="KH">Kambodža</territory>
			<territory type="KI">Kiribati</territory>
			<territory type="KM">Komorosullot</territory>
			<territory type="KN">Saint Kitts ja Nevis</territory>
			<territory type="KP">Davvi-Korea</territory>
			<territory type="KR">Mátta-Korea</territory>
			<territory type="KW">Kuwait</territory>
			<territory type="KY">Cayman-sullot</territory>
			<territory type="KZ">Kasakstan</territory>
			<territory type="LA">Laos</territory>
			<territory type="LB">Libanon</territory>
			<territory type="LC">Saint Lucia</territory>
			<territory type="LI">Liechtenstein</territory>
			<territory type="LK">Sri Lanka</territory>
			<territory type="LR">Liberia</territory>
			<territory type="LS">Lesotho</territory>
			<territory type="LT">Lietuva</territory>
			<territory type="LU">Luxembourg</territory>
			<territory type="LV">Látvia</territory>
			<territory type="LY">Libya</territory>
			<territory type="MA">Marokko</territory>
			<territory type="MC">Monaco</territory>
			<territory type="MD">Moldávia</territory>
			<territory type="ME">Montenegro</territory>
			<territory type="MF">Saint Martin</territory>
			<territory type="MG">Madagaskar</territory>
			<territory type="MH">Marshallsullot</territory>
			<territory type="MK">Makedonia</territory>
			<territory type="MK" alt="variant">Makedonia</territory>
			<territory type="ML">Mali</territory>
			<territory type="MM">Burma</territory>
			<territory type="MN">Mongolia</territory>
			<territory type="MO">Makáo</territory>
			<territory type="MO" alt="short">Makáo</territory>
			<territory type="MP">Davvi-Mariánat</territory>
			<territory type="MQ">Martinique</territory>
			<territory type="MR">Mauretánia</territory>
			<territory type="MS">Montserrat</territory>
			<territory type="MT">Málta</territory>
			<territory type="MU">Mauritius</territory>
			<territory type="MV">Malediivvat</territory>
			<territory type="MW">Malawi</territory>
			<territory type="MX">Meksiko</territory>
			<territory type="MY">Malesia</territory>
			<territory type="MZ">Mosambik</territory>
			<territory type="NA">Namibia</territory>
			<territory type="NC">Ođđa-Kaledonia</territory>
			<territory type="NE">Niger</territory>
			<territory type="NF">Norfolksullot</territory>
			<territory type="NG">Nigeria</territory>
			<territory type="NI">Nicaragua</territory>
			<territory type="NL">Vuolleeatnamat</territory>
			<territory type="NO">Norga</territory>
			<territory type="NP">Nepal</territory>
			<territory type="NR">Nauru</territory>
			<territory type="NU">Niue</territory>
			<territory type="NZ">Ođđa-Selánda</territory>
			<territory type="OM">Oman</territory>
			<territory type="PA">Panama</territory>
			<territory type="PE">Peru</territory>
			<territory type="PF">Frankriikka Polynesia</territory>
			<territory type="PG">Papua-Ođđa-Guinea</territory>
			<territory type="PH">Filippiinnat</territory>
			<territory type="PK">Pakistan</territory>
			<territory type="PL">Polen</territory>
			<territory type="PM">Saint Pierre ja Miquelon</territory>
			<territory type="PN">Pitcairn</territory>
			<territory type="PR">Puerto Rico</territory>
			<territory type="PS">Palestina</territory>
			<territory type="PT">Portugála</territory>
			<territory type="PW">Palau</territory>
			<territory type="PY">Paraguay</territory>
			<territory type="QA">Qatar</territory>
			<territory type="RE">Reunion</territory>
			<territory type="RO">Románia</territory>
			<territory type="RS">Serbia</territory>
			<territory type="RU">Ruošša</territory>
			<territory type="RW">Rwanda</territory>
			<territory type="SA">Saudi-Arábia</territory>
			<territory type="SB">Salomon-sullot</territory>
			<territory type="SC">Seychellsullot</territory>
			<territory type="SD">Sudan</territory>
			<territory type="SE">Ruoŧŧa</territory>
			<territory type="SG">Singapore</territory>
			<territory type="SH">Saint Helena</territory>
			<territory type="SI">Slovenia</territory>
			<territory type="SJ">Svalbárda ja Jan Mayen</territory>
			<territory type="SK">Slovákia</territory>
			<territory type="SL">Sierra Leone</territory>
			<territory type="SM">San Marino</territory>
			<territory type="SN">Senegal</territory>
			<territory type="SO">Somália</territory>
			<territory type="SR">Surinam</territory>
			<territory type="ST">São Tomé ja Príncipe</territory>
			<territory type="SV">El Salvador</territory>
			<territory type="SY">Syria</territory>
			<territory type="SZ">Svazieana</territory>
			<territory type="TA">Tristan da Cunha</territory>
			<territory type="TC">Turks ja Caicos-sullot</territory>
			<territory type="TD">Tčad</territory>
			<territory type="TG">Togo</territory>
			<territory type="TH">Thaieana</territory>
			<territory type="TJ">Tažikistan</territory>
			<territory type="TK">Tokelau</territory>
			<territory type="TL">Nuorta-Timor</territory>
			<territory type="TL" alt="variant">Nuorta-Timor</territory>
			<territory type="TM">Turkmenistan</territory>
			<territory type="TN">Tunisia</territory>
			<territory type="TO">Tonga</territory>
			<territory type="TR">Durka</territory>
			<territory type="TT">Trinidad ja Tobago</territory>
			<territory type="TV">Tuvalu</territory>
			<territory type="TW">Taiwan</territory>
			<territory type="TZ">Tanzánia</territory>
			<territory type="UA">Ukraina</territory>
			<territory type="UG">Uganda</territory>
			<territory type="US">Amerihká ovttastuvvan stáhtat</territory>
			<territory type="UY">Uruguay</territory>
			<territory type="UZ">Usbekistan</territory>
			<territory type="VA">Vatikána</territory>
			<territory type="VC">Saint Vincent ja Grenadine</territory>
			<territory type="VE">Venezuela</territory>
			<territory type="VN">Vietnam</territory>
			<territory type="VU">Vanuatu</territory>
			<territory type="WF">Wallis ja Futuna</territory>
			<territory type="WS">Samoa</territory>
			<territory type="YE">Jemen</territory>
			<territory type="YT">Mayotte</territory>
			<territory type="ZA">Mátta-Afrihká</territory>
			<territory type="ZM">Zambia</territory>
			<territory type="ZW">Zimbabwe</territory>
		</territories>
		<variants>
			<variant type="PINYIN">pinyin</variant>
			<variant type="WADEGILE">Wade-Giles</variant>
		</variants>
		<keys>
			<key type="calendar">kaleandar</key>
			<key type="currency">valuhtta</key>
		</keys>
		<measurementSystemNames>
			<measurementSystemName type="metric">SI</measurementSystemName>
			<measurementSystemName type="US">US</measurementSystemName>
		</measurementSystemNames>
		<codePatterns>
			<codePattern type="language">giella: {0}</codePattern>
		</codePatterns>
	</localeDisplayNames>
	<characters>
		<exemplarCharacters>[a á b c č d đ e f g h i j k l m n ŋ o p r s š t ŧ u v z ž]</exemplarCharacters>
		<exemplarCharacters type="auxiliary">[à å ä ã æ ç é è í ń ñ ó ò ö ø q ú ü w x y]</exemplarCharacters>
		<exemplarCharacters type="currencySymbol">[a b c č d e f g h i j k l ł m n o p q r s t u v w x y z]</exemplarCharacters>
		<exemplarCharacters type="index">[A Á Å Ä Æ B C Č D Đ E É F G H I J K L M N Ŋ O Ö Ø P Q R S Š T Ŧ U V W X Y Z Ž]</exemplarCharacters>
	</characters>
	<delimiters>
		<quotationStart>”</quotationStart>
		<quotationEnd>”</quotationEnd>
		<alternateQuotationStart>’</alternateQuotationStart>
		<alternateQuotationEnd>’</alternateQuotationEnd>
	</delimiters>
	<dates>
		<dateRangePattern>{0}–{1}</dateRangePattern>
		<calendars>
			<calendar type="gregorian">
				<months>
					<monthContext type="format">
						<monthWidth type="abbreviated">
							<month type="1">ođđj</month>
							<month type="2">guov</month>
							<month type="3">njuk</month>
							<month type="4">cuo</month>
							<month type="5">mies</month>
							<month type="6">geas</month>
							<month type="7">suoi</month>
							<month type="8">borg</month>
							<month type="9">čakč</month>
							<month type="10">golg</month>
							<month type="11">skáb</month>
							<month type="12">juov</month>
						</monthWidth>
						<monthWidth type="wide">
							<month type="1">ođđajagemánnu</month>
							<month type="2">guovvamánnu</month>
							<month type="3">njukčamánnu</month>
							<month type="4">cuoŋománnu</month>
							<month type="5">miessemánnu</month>
							<month type="6">geassemánnu</month>
							<month type="7">suoidnemánnu</month>
							<month type="8">borgemánnu</month>
							<month type="9">čakčamánnu</month>
							<month type="10">golggotmánnu</month>
							<month type="11">skábmamánnu</month>
							<month type="12">juovlamánnu</month>
						</monthWidth>
					</monthContext>
					<monthContext type="stand-alone">
						<monthWidth type="narrow">
							<month type="1">O</month>
							<month type="2">G</month>
							<month type="3">N</month>
							<month type="4">C</month>
							<month type="5">M</month>
							<month type="6">G</month>
							<month type="7">S</month>
							<month type="8">B</month>
							<month type="9">Č</month>
							<month type="10">G</month>
							<month type="11">S</month>
							<month type="12">J</month>
						</monthWidth>
					</monthContext>
				</months>
				<days>
					<dayContext type="format">
						<dayWidth type="abbreviated">
							<day type="sun">sotn</day>
							<day type="mon">vuos</day>
							<day type="tue">maŋ</day>
							<day type="wed">gask</day>
							<day type="thu">duor</day>
							<day type="fri">bear</day>
							<day type="sat">láv</day>
						</dayWidth>
						<dayWidth type="wide">
							<day type="sun">sotnabeaivi</day>
							<day type="mon">vuossárga</day>
							<day type="tue">maŋŋebárga</day>
							<day type="wed">gaskavahkku</day>
							<day type="thu">duorasdat</day>
							<day type="fri">bearjadat</day>
							<day type="sat">lávvardat</day>
						</dayWidth>
					</dayContext>
					<dayContext type="stand-alone">
						<dayWidth type="narrow">
							<day type="sun">S</day>
							<day type="mon">V</day>
							<day type="tue">M</day>
							<day type="wed">G</day>
							<day type="thu">D</day>
							<day type="fri">B</day>
							<day type="sat">L</day>
						</dayWidth>
					</dayContext>
				</days>
				<dayPeriods>
					<dayPeriodContext type="format">
						<dayPeriodWidth type="abbreviated">
							<dayPeriod type="am">i.b.</dayPeriod>
							<dayPeriod type="pm">e.b.</dayPeriod>
						</dayPeriodWidth>
						<dayPeriodWidth type="wide">
							<dayPeriod type="am">iđitbeaivet</dayPeriod>
							<dayPeriod type="pm">eahketbeaivet</dayPeriod>
						</dayPeriodWidth>
					</dayPeriodContext>
					<dayPeriodContext type="stand-alone">
						<dayPeriodWidth type="wide">
							<dayPeriod type="am">iđitbeaivi</dayPeriod>
							<dayPeriod type="pm">eahketbeaivi</dayPeriod>
						</dayPeriodWidth>
					</dayPeriodContext>
				</dayPeriods>
				<eras>
					<eraNames>
						<era type="0">ovdal Kristtusa</era>
						<era type="1">maŋŋel Kristtusa</era>
					</eraNames>
					<eraAbbr>
						<era type="0">o.Kr.</era>
						<era type="1">m.Kr.</era>
					</eraAbbr>
				</eras>
				<fields>
					<field type="era">
						<displayName>éra</displayName>
					</field>
					<field type="year">
						<displayName>jáhki</displayName>
					</field>
					<field type="month">
						<displayName>mánnu</displayName>
					</field>
					<field type="week">
						<displayName>váhkku</displayName>
					</field>
					<field type="day">
						<displayName>beaivi</displayName>
						<relative type="-2">oovdebpeivvi</relative>
						<relative type="-1">ikte</relative>
						<relative type="0">odne</relative>
						<relative type="1">ihttin</relative>
						<relative type="2">paijeelittáá</relative>
					</field>
					<field type="weekday">
						<displayName>váhkkubeaivi</displayName>
					</field>
					<field type="dayperiod">
						<displayName>beaivi ráidodássi</displayName>
					</field>
					<field type="hour">
						<displayName>diibmu</displayName>
					</field>
					<field type="minute">
						<displayName>minuhtta</displayName>
					</field>
					<field type="second">
						<displayName>sekunda</displayName>
					</field>
					<field type="zone">
						<displayName>áigeavádat</displayName>
					</field>
				</fields>
			</calendar>
		</calendars>
		<timeZoneNames>
			<hourFormat>+HH:mm;−HH:mm</hourFormat>
			<gmtFormat>UTC{0}</gmtFormat>
			<gmtZeroFormat>UTC</gmtZeroFormat>
			<regionFormat>{0}</regionFormat>
			<fallbackFormat>{0} ({1})</fallbackFormat>
			<zone type="America/Sao_Paulo">
				<exemplarCity>São Paulo</exemplarCity>
			</zone>
			<zone type="America/Merida">
				<exemplarCity>Mérida</exemplarCity>
			</zone>
		</timeZoneNames>
	</dates>
	<numbers>
		<symbols>
			<decimal>,</decimal>
			<group> </group>
			<list>;</list>
			<percentSign>%</percentSign>
			<nativeZeroDigit>0</nativeZeroDigit>
			<patternDigit>#</patternDigit>
			<plusSign>+</plusSign>
			<minusSign>−</minusSign>
			<exponential>×10^</exponential>
			<perMille>‰</perMille>
			<infinity>∞</infinity>
			<nan>¤¤¤</nan>
		</symbols>
		<decimalFormats>
			<decimalFormatLength>
				<decimalFormat>
					<pattern>#,##0.###</pattern>
				</decimalFormat>
			</decimalFormatLength>
		</decimalFormats>
		<scientificFormats>
			<scientificFormatLength>
				<scientificFormat>
					<pattern>#E0</pattern>
				</scientificFormat>
			</scientificFormatLength>
		</scientificFormats>
		<percentFormats>
			<percentFormatLength>
				<percentFormat>
					<pattern>#,##0 %</pattern>
				</percentFormat>
			</percentFormatLength>
		</percentFormats>
		<currencyFormats>
			<currencyFormatLength>
				<currencyFormat>
					<pattern>#,##0.00 ¤</pattern>
				</currencyFormat>
			</currencyFormatLength>
			<unitPattern count="one">{0} {1}</unitPattern>
			<unitPattern count="other">{0} {1}</unitPattern>
			<unitPattern count="two">{0} {1}</unitPattern>
		</currencyFormats>
		<currencies>
			<currency type="EUR">
				<displayName>euro</displayName>
				<displayName count="one">euro</displayName>
				<displayName count="other">euro</displayName>
				<displayName count="two">euro</displayName>
			</currency>
			<currency type="FIM">
				<displayName>suoma márkki</displayName>
			</currency>
			<currency type="NOK">
				<displayName>norgga kruvdno</displayName>
			</currency>
			<currency type="SEK">
				<displayName>ruoŧŧa kruvdno</displayName>
			</currency>
			<currency type="XAG">
				<displayName>uns silba</displayName>
			</currency>
			<currency type="XAU">
				<displayName>uns golli</displayName>
			</currency>
		</currencies>
	</numbers>
	<units>
		<unit type="day">
			<unitPattern count="one">{0} jándor</unitPattern>
			<unitPattern count="other">{0} jándora</unitPattern>
			<unitPattern count="two">{0} jándora</unitPattern>
		</unit>
		<unit type="hour">
			<unitPattern count="one">{0} diibmu</unitPattern>
			<unitPattern count="other">{0} diimmu</unitPattern>
			<unitPattern count="two">{0} diimmu</unitPattern>
		</unit>
		<unit type="minute">
			<unitPattern count="one">{0} minuhta</unitPattern>
			<unitPattern count="other">{0} minuhtta</unitPattern>
			<unitPattern count="two">{0} minuhtta</unitPattern>
		</unit>
		<unit type="month">
			<unitPattern count="one">{0} mánnu</unitPattern>
			<unitPattern count="other">{0} mánotbaji</unitPattern>
			<unitPattern count="two">{0} mánotbaji</unitPattern>
		</unit>
		<unit type="second">
			<unitPattern count="one">{0} sekunda</unitPattern>
			<unitPattern count="other">{0} sekundda</unitPattern>
			<unitPattern count="two">{0} sekundda</unitPattern>
		</unit>
		<unit type="week">
			<unitPattern count="one">{0} váhkku</unitPattern>
			<unitPattern count="other">{0} váhkku</unitPattern>
			<unitPattern count="two">{0} váhkku</unitPattern>
		</unit>
		<unit type="year">
			<unitPattern count="one">{0} jahki</unitPattern>
			<unitPattern count="other">{0} jagi</unitPattern>
			<unitPattern count="two">{0} jagi</unitPattern>
		</unit>
	</units>
	<listPatterns>
		<listPattern>
			<listPatternPart type="2">{0} ja {1}</listPatternPart>
			<listPatternPart type="end">{0} ja {1}</listPatternPart>
		</listPattern>
	</listPatterns>
	<posix>
		<messages>
			<yesstr>jo</yesstr>
			<nostr>ii</nostr>
		</messages>
	</posix>
</ldml>

