<?xml version="1.0" encoding="UTF-8" ?>

<ldml>
	<identity>
		<version number="$Revision: 4763 $"/>
		<generation date="$Date: 2010-02-27 01:03:37 -0600 (Sat, 27 Feb 2010) $"/>
		<language type="se"/>
		<territory type="FI"/>
	</identity>
	<fallback>fi_FI</fallback>
	<localeDisplayNames>
		<territories>
			<territory type="002">Afrihká</territory>
			<territory type="005">Mátta-Amerihká</territory>
			<territory type="011">Oarji-Afrihká</territory>
			<territory type="015">Davvi-Afrihká</territory>
			<territory type="017">Gaska-Afrihká</territory>
			<territory type="021">Davvi-Amerihká</territory>
			<territory type="030">Nuorta-Ásia</territory>
			<territory type="034">Mátta-Ásia</territory>
			<territory type="039">Mátta-Eurohpa</territory>
			<territory type="143">Gaska-Ásia</territory>
			<territory type="145">Oarji-Ásia</territory>
			<territory type="150">Eurohpa</territory>
			<territory type="151">Nuorta-Eurohpá</territory>
			<territory type="154">Davvi-Eurohpa</territory>
			<territory type="155">Oarji-Eurohpa</territory>
		</territories>
	</localeDisplayNames>
	<dates>
		<calendars>
			<calendar type="gregorian">
				<months>
					<monthContext type="format">
						<monthWidth type="abbreviated">
							<month type="1">ođđajage</month>
							<month type="2">guovva</month>
							<month type="3">njukča</month>
							<month type="4">cuoŋo</month>
							<month type="5">miesse</month>
							<month type="6">geasse</month>
							<month type="7">suoidne</month>
							<month type="8">borge</month>
							<month type="9">čakča</month>
							<month type="10">golggot</month>
							<month type="11">skábma</month>
							<month type="12">juovla</month>
						</monthWidth>
					</monthContext>
				</months>
				<days>
					<dayContext type="format">
						<dayWidth type="wide">
							<day type="sun">aejlege</day>
							<day type="mon">måanta</day>
							<day type="tue">däjsta</day>
							<day type="wed">gaskevahkoe</day>
							<day type="thu">dåarsta</day>
							<day type="fri">bearjadahke</day>
							<day type="sat">laavadahke</day>
						</dayWidth>
					</dayContext>
					<dayContext type="stand-alone">
						<dayWidth type="narrow">
							<day type="sun">S</day>
							<day type="mon">M</day>
							<day type="tue">D</day>
							<day type="wed">G</day>
							<day type="thu">D</day>
							<day type="fri">B</day>
							<day type="sat">L</day>
						</dayWidth>
					</dayContext>
				</days>
			</calendar>
		</calendars>
		<timeZoneNames>
			<gmtZeroFormat>GMT</gmtZeroFormat>
		</timeZoneNames>
	</dates>
</ldml>

