<?xml version="1.0" encoding="UTF-8" ?>

<ldml>
	<identity>
		<version number="$Revision: 4765 $"/>
		<generation date="$Date: 2010-02-27 18:03:30 -0600 (Sat, 27 Feb 2010) $"/>
		<language type="tg"/>
	</identity>
	<localeDisplayNames>
		<languages>
			<language type="be">Белорусӣ</language>
			<language type="bg">Булғорӣ</language>
			<language type="bh">Биҳарӣ</language>
			<language type="bn">Бенгалӣ</language>
			<language type="br">Бретонӣ</language>
			<language type="bs">Босниягӣ</language>
			<language type="ca">Каталанӣ</language>
			<language type="cs">Чехӣ</language>
			<language type="da">Даниягӣ</language>
			<language type="de">Немисӣ</language>
			<language type="el">Юнонӣ</language>
			<language type="en">Англисӣ</language>
			<language type="eo">Эсперанто</language>
			<language type="es">Испанӣ</language>
			<language type="et">Эстонӣ</language>
			<language type="eu">Баскӣ</language>
			<language type="fa">Форсӣ</language>
			<language type="fi">Финнӣ</language>
			<language type="fil">Филиппинӣ</language>
			<language type="fo">Фарозӣ</language>
			<language type="fr">Фаронсавӣ</language>
			<language type="fy">Фрисианӣ</language>
			<language type="ga">Ирландӣ</language>
			<language type="gd">Шотландӣ-Галикӣ</language>
			<language type="gl">Галисианӣ</language>
			<language type="gn">Горанӣ</language>
			<language type="gu">Гуҷаратӣ</language>
			<language type="he">Яҳудӣ</language>
			<language type="hi">Ҳиндӣ</language>
			<language type="hu">Маҷорӣ</language>
			<language type="ia">Байни забонӣ</language>
			<language type="id">Индонезӣ</language>
			<language type="is">Исландӣ</language>
			<language type="ja">Ҷопонӣ</language>
			<language type="jv">Ҷаванизӣ</language>
			<language type="ka">Гурҷӣ</language>
			<language type="ky">Қирғизӣ</language>
			<language type="la">Лотинӣ</language>
			<language type="lo">Лаосӣ</language>
			<language type="lt">Литвонӣ</language>
			<language type="lv">Латвиягӣ</language>
			<language type="nl">Ҳолландӣ</language>
			<language type="no">Норвегӣ</language>
			<language type="or">Урисоӣ</language>
			<language type="pl">Лаҳистонӣ</language>
			<language type="pt">Португалӣ</language>
			<language type="pt_BR">Португалӣ (Бразилия)</language>
			<language type="ro">Руминӣ</language>
			<language type="ru">Русӣ</language>
			<language type="sv">Шведӣ</language>
			<language type="ug">Ӯйғурӣ</language>
			<language type="uk">Украинӣ</language>
			<language type="ur">Урду</language>
			<language type="uz">Ӯзбекӣ</language>
			<language type="yi">Яҳудии Аврупои шарқӣ</language>
			<language type="zh">Чинӣ</language>
			<language type="zu">Зулу</language>
		</languages>
		<scripts>
			<script type="Arab">Арабӣ</script>
		</scripts>
		<territories>
			<territory type="AF">Афғонистан</territory>
			<territory type="TO">Тонга</territory>
		</territories>
	</localeDisplayNames>
	<characters>
		<exemplarCharacters>[а б в г ғ д е ё ж з и ӣ й к қ л м н о п р с т у ӯ ф х ҳ ч ҷ ш ъ э ю я]</exemplarCharacters>
		<exemplarCharacters type="auxiliary">[ц щ ы ь]</exemplarCharacters>
		<exemplarCharacters type="index">[А Б В Г Ғ Д Е Ж З И Й К Қ Л М Н О П Р С Т У Ф Х Ҳ Ч Ҷ Ш Ъ Э Ю Я]</exemplarCharacters>
	</characters>
	<delimiters>
		<quotationStart>«</quotationStart>
		<quotationEnd>»</quotationEnd>
		<alternateQuotationStart>«</alternateQuotationStart>
		<alternateQuotationEnd>„</alternateQuotationEnd>
	</delimiters>
	<dates>
		<calendars>
			<calendar type="gregorian">
				<months>
					<monthContext type="format">
						<monthWidth type="abbreviated">
							<month type="1">Янв</month>
							<month type="2">Фев</month>
							<month type="3">Мар</month>
							<month type="4">Апр</month>
							<month type="5">Май</month>
							<month type="6">Июн</month>
							<month type="7">Июл</month>
							<month type="8">Авг</month>
							<month type="9">Сен</month>
							<month type="10">Окт</month>
							<month type="11">Ноя</month>
							<month type="12">Дек</month>
						</monthWidth>
						<monthWidth type="wide">
							<month type="1">Январ</month>
							<month type="2">Феврал</month>
							<month type="3">Март</month>
							<month type="4">Апрел</month>
							<month type="5">Май</month>
							<month type="6">Июн</month>
							<month type="7">Июл</month>
							<month type="8">Август</month>
							<month type="9">Сентябр</month>
							<month type="10">Октябр</month>
							<month type="11">Ноябр</month>
							<month type="12">Декабр</month>
						</monthWidth>
					</monthContext>
				</months>
				<days>
					<dayContext type="format">
						<dayWidth type="abbreviated">
							<day type="sun">Яшб</day>
							<day type="mon">Дшб</day>
							<day type="tue">Сшб</day>
							<day type="wed">Чшб</day>
							<day type="thu">Пшб</day>
							<day type="fri">Ҷмъ</day>
							<day type="sat">Шнб</day>
						</dayWidth>
						<dayWidth type="wide">
							<day type="sun">Якшанбе</day>
							<day type="mon">Душанбе</day>
							<day type="tue">Сешанбе</day>
							<day type="wed">Чоршанбе</day>
							<day type="thu">Панҷшанбе</day>
							<day type="fri">Ҷумъа</day>
							<day type="sat">Шанбе</day>
						</dayWidth>
					</dayContext>
				</days>
				<dayPeriods>
					<dayPeriodContext type="format">
						<dayPeriodWidth type="wide">
							<dayPeriod type="am">пе. чо.</dayPeriod>
							<dayPeriod type="pm">па. чо.</dayPeriod>
						</dayPeriodWidth>
					</dayPeriodContext>
				</dayPeriods>
				<eras>
					<eraNames>
						<era type="0">Пеш аз милод</era>
						<era type="1">ПаМ</era>
					</eraNames>
					<eraAbbr>
						<era type="0">ПеМ</era>
						<era type="1">ПаМ</era>
					</eraAbbr>
				</eras>
				<dateFormats>
					<dateFormatLength type="full">
						<dateFormat>
							<pattern>EEEE, y MMMM dd</pattern>
						</dateFormat>
					</dateFormatLength>
					<dateFormatLength type="long">
						<dateFormat>
							<pattern>y MMMM d</pattern>
						</dateFormat>
					</dateFormatLength>
					<dateFormatLength type="medium">
						<dateFormat>
							<pattern>y MMM d</pattern>
						</dateFormat>
					</dateFormatLength>
					<dateFormatLength type="short">
						<dateFormat>
							<pattern>yy/MM/dd</pattern>
						</dateFormat>
					</dateFormatLength>
				</dateFormats>
				<timeFormats>
					<timeFormatLength type="full">
						<timeFormat>
							<pattern>HH:mm:ss zzzz</pattern>
						</timeFormat>
					</timeFormatLength>
					<timeFormatLength type="long">
						<timeFormat>
							<pattern>HH:mm:ss z</pattern>
						</timeFormat>
					</timeFormatLength>
					<timeFormatLength type="medium">
						<timeFormat>
							<pattern>HH:mm:ss</pattern>
						</timeFormat>
					</timeFormatLength>
					<timeFormatLength type="short">
						<timeFormat>
							<pattern>HH:mm</pattern>
						</timeFormat>
					</timeFormatLength>
				</timeFormats>
			</calendar>
		</calendars>
	</dates>
	<numbers>
		<currencies>
			<currency type="TJS">
				<displayName>Сомонӣ</displayName>
				<symbol>сом</symbol>
			</currency>
		</currencies>
	</numbers>
</ldml>

