<?xml version="1.0" encoding="UTF-8" ?>

<ldml>
	<identity>
		<version number="$Revision: 4765 $"/>
		<generation date="$Date: 2010-02-27 18:03:30 -0600 (Sat, 27 Feb 2010) $"/>
		<language type="ug"/>
	</identity>
	<layout>
		<orientation characters="right-to-left"/>
	</layout>
	<characters>
		<exemplarCharacters>[ئ ا ب پ ت ج چ خ د ر ز ژ س ش غ ف ق ك ڭ گ ل م ن ه ە و ۆ ۇ ۈ ۋ ى ي ې]</exemplarCharacters>
		<exemplarCharacters type="index">[ئ ا ب پ ت ج چ خ د ر ز ژ س ش غ ف ق ك ڭ گ ل م ن ه ە و ۆ ۇ ۈ ۋ ى ي ې]</exemplarCharacters>
	</characters>
</ldml>

