<?xml version="1.0" encoding="UTF-8" ?>

<ldml>
	<identity>
		<version number="$Revision: 5096 $"/>
		<generation date="$Date: 2010-10-13 19:10:15 -0500 (Wed, 13 Oct 2010) $"/>
		<language type="vi"/>
	</identity>
	<localeDisplayNames>
		<localeDisplayPattern>
			<localePattern>{0} ({1})</localePattern>
			<localeSeparator>, </localeSeparator>
		</localeDisplayPattern>
		<languages>
			<language type="af">Tiếng Nam Phi</language>
			<language type="am">Tiếng Amharic</language>
			<language type="ar">Tiếng A-rập</language>
			<language type="as">Tiếng Assam</language>
			<language type="ay">Tiếng Aymara</language>
			<language type="az">Tiếng Ai-déc-bai-gian</language>
			<language type="be">Tiếng Bê-la-rút</language>
			<language type="bg">Tiếng Bun-ga-ri</language>
			<language type="bh">Tiếng Bihari</language>
			<language type="bn">Tiếng Bengali (Ấn Độ)</language>
			<language type="bo">Tiếng Tây Tạng</language>
			<language type="br">Tiếng Breton</language>
			<language type="bs">Tiếng Nam Tư</language>
			<language type="ca">Tiếng Ca-ta-lăng</language>
			<language type="cs">Tiếng Séc</language>
			<language type="cy">Tiếng Xentơ</language>
			<language type="da">Tiếng Đan Mạch</language>
			<language type="de">Tiếng Đức</language>
			<language type="el">Tiếng Hy Lạp</language>
			<language type="en">Tiếng Anh</language>
			<language type="en_GB">Tiếng Anh (Anh)</language>
			<language type="en_US">Tiếng Anh (Mỹ)</language>
			<language type="eo">Tiếng Quốc Tế Ngữ</language>
			<language type="es">Tiếng Tây Ban Nha</language>
			<language type="et">Tiếng E-xtô-ni-a</language>
			<language type="eu">Tiếng Basque</language>
			<language type="fa">Tiếng Ba Tư</language>
			<language type="fi">Tiếng Phần Lan</language>
			<language type="fil">Tiếng Philipin</language>
			<language type="fo">Tiếng Faore</language>
			<language type="fr">Tiếng Pháp</language>
			<language type="fy">Tiếng Frisian</language>
			<language type="ga">Tiếng Ai-len</language>
			<language type="gd">Tiếng Xentơ (Xcốt len)</language>
			<language type="gl">Tiếng Galician</language>
			<language type="gn">Tiếng Guarani</language>
			<language type="gu">Tiếng Gujarati</language>
			<language type="he">Tiếng Hê-brơ</language>
			<language type="hi">Tiếng Hin-đi</language>
			<language type="hr">Tiếng Crô-a-ti-a</language>
			<language type="hu">Tiếng Hung-ga-ri</language>
			<language type="hy">Tiếng Ác-mê-ni</language>
			<language type="ia">Tiếng Khoa Học Quốc Tế</language>
			<language type="id">Tiếng In-đô-nê-xia</language>
			<language type="is">Tiếng Ai-xơ-len</language>
			<language type="it">Tiếng Ý</language>
			<language type="ja">Tiếng Nhật</language>
			<language type="jv">Tiếng Gia-va</language>
			<language type="ka">Tiếng Georgian</language>
			<language type="km">Tiếng Campuchia</language>
			<language type="kn">Tiếng Kan-na-đa</language>
			<language type="ko">Tiếng Hàn Quốc</language>
			<language type="ks">Tiếng Kashmiri</language>
			<language type="ku">Tiếng Kurd (Iran)</language>
			<language type="ky">Tiếng Kyrgyz</language>
			<language type="la">Tiếng La-tinh</language>
			<language type="ln">Tiếng Lingala</language>
			<language type="lo">Tiếng Lào</language>
			<language type="lt">Tiếng Lít-va</language>
			<language type="lv">Tiếng Lát-vi-a</language>
			<language type="mk">Tiếng Ma-xê-đô-ni-a</language>
			<language type="ml">Tiếng Malayalam</language>
			<language type="mn">Tiếng Mông Cổ</language>
			<language type="mr">Tiếng Marathi</language>
			<language type="ms">Tiếng Ma-lay-xi-a</language>
			<language type="mt">Tiếng Mantơ</language>
			<language type="ne">Tiếng Nê-pan</language>
			<language type="nl">Tiếng Hà Lan</language>
			<language type="nn">Tiếng Na Uy (Nynorsk)</language>
			<language type="no">Tiếng Na Uy</language>
			<language type="oc">Tiếng Occitan</language>
			<language type="or">Tiếng Ô-ri-a</language>
			<language type="pa">Tiếng Punjabi</language>
			<language type="pl">Tiếng Ba Lan</language>
			<language type="ps">Tiếng Pa-tô</language>
			<language type="pt">Tiếng Bồ Đào Nha</language>
			<language type="pt_BR">Tiếng Bồ Đào Nha (Braxin)</language>
			<language type="pt_PT">Tiếng Bồ Đào Nha (I-bê-ri)</language>
			<language type="rm">Tiếng Rhaeto-Romance</language>
			<language type="ro">Tiếng Ru-ma-ni</language>
			<language type="ru">Tiếng Nga</language>
			<language type="sa">Tiếng Phạn</language>
			<language type="sd">Tiếng Sin-hi</language>
			<language type="sh">Tiếng Xéc bi - Croatia</language>
			<language type="si">Tiếng Sinhala</language>
			<language type="sk">Tiếng Xlô-vác</language>
			<language type="sl">Tiếng Xlô-ven</language>
			<language type="so">Tiếng Xô-ma-li</language>
			<language type="sq">Tiếng An-ba-ni</language>
			<language type="sr">Tiếng Séc-bi</language>
			<language type="st">Tiếng Sesotho</language>
			<language type="su">Tiếng Xu đăng</language>
			<language type="sv">Tiếng Thụy Điển</language>
			<language type="sw">Tiếng Bantu (Đông Phi)</language>
			<language type="swb">Tiếng Cômo</language>
			<language type="ta">Tiếng Tamil</language>
			<language type="te">Tiếng Telugu</language>
			<language type="th">Tiếng Thái</language>
			<language type="ti">Tiếng Tigrigya</language>
			<language type="tk">Tiếng Tuôc-men</language>
			<language type="tl">Tiếng Tagalog</language>
			<language type="tlh">Tiếng Klingon</language>
			<language type="tr">Tiếng Thổ Nhĩ Kỳ</language>
			<language type="tw">Tiếng Twi</language>
			<language type="ug">Tiếng Uighur</language>
			<language type="uk">Tiếng U-crai-na</language>
			<language type="und">Tiếng không rõ</language>
			<language type="ur">Tiếng Uđu</language>
			<language type="uz">Tiếng U-dơ-bếch</language>
			<language type="vi">Tiếng Việt</language>
			<language type="wo">Tiếng Wolof</language>
			<language type="xh">Tiếng Bantu</language>
			<language type="yi">Tiếng Y-đit</language>
			<language type="yue">Tiếng Quảng Đông</language>
			<language type="zh">Tiếng Trung Quốc</language>
			<language type="zh_Hans">Tiếng Trung Quốc (Giản thể)</language>
			<language type="zh_Hant">Tiếng Trung Quốc (Phồn thể)</language>
			<language type="zu">Tiếng Zulu</language>
		</languages>
		<scripts>
			<script type="Zxxx">Zxxx</script>
			<script type="Zzzz">Zzzz</script>
		</scripts>
		<territories>
			<territory type="001">Thế giới</territory>
			<territory type="002">Châu Phi</territory>
			<territory type="003">Bắc Mỹ</territory>
			<territory type="005">Nam Mỹ</territory>
			<territory type="009">Châu Đại Dương</territory>
			<territory type="011">Tây Phi</territory>
			<territory type="013">Trung Mỹ</territory>
			<territory type="014">Đông Phí</territory>
			<territory type="015">Bắc Phi</territory>
			<territory type="017">Trung Phi</territory>
			<territory type="018">Miền Nam Châu Phi</territory>
			<territory type="019">Châu Mỹ</territory>
			<territory type="021">Miền Bắc Châu Mỹ</territory>
			<territory type="029">Ca-ri-bê</territory>
			<territory type="030">Đông Á</territory>
			<territory type="034">Nam Á</territory>
			<territory type="035">Đông Nam Á</territory>
			<territory type="039">Nam Âu</territory>
			<territory type="053">Úc và New Zealand</territory>
			<territory type="054">Melanesia</territory>
			<territory type="057">Vùng Micronesian</territory>
			<territory type="061">Polynesia</territory>
			<territory type="062">Trung Nam Á</territory>
			<territory type="142">Châu Á</territory>
			<territory type="143">Trung Á</territory>
			<territory type="145">Tây Á</territory>
			<territory type="150">Âu Châu</territory>
			<territory type="151">Đông Âu</territory>
			<territory type="154">Miền Bắc Châu Âu</territory>
			<territory type="155">Tây Âu</territory>
			<territory type="419">Châu Mỹ La-tinh và Ca-ri-be</territory>
			<territory type="AC">Đảo Ascension</territory>
			<territory type="AD">Andorra</territory>
			<territory type="AE">Các Tiểu Vương quốc A-rập Thống nhất</territory>
			<territory type="AF">Áp-ga-ni-xtan</territory>
			<territory type="AG">An-ti-gu-a và Ba-bu-đa</territory>
			<territory type="AL">An-ba-ni</territory>
			<territory type="AM">Ác-mê-ni-a</territory>
			<territory type="AN">Tây Ấn Hà Lan</territory>
			<territory type="AO">Ăng-gô-la</territory>
			<territory type="AQ">Nam Cực</territory>
			<territory type="AR">Ác-hen-ti-na</territory>
			<territory type="AS">Đảo Somoa thuộc Mỹ</territory>
			<territory type="AT">Áo</territory>
			<territory type="AU">Úc</territory>
			<territory type="AX">Quần đảo Aland</territory>
			<territory type="AZ">Ai-déc-bai-gian</territory>
			<territory type="BA">Bô-xni-a Héc-xê-gô-vi-na</territory>
			<territory type="BB">Bác-ba-đốt</territory>
			<territory type="BD">Băng-la-đét</territory>
			<territory type="BE">Bỉ</territory>
			<territory type="BF">Buốc-ki-na Pha-xô</territory>
			<territory type="BG">Bun-ga-ri</territory>
			<territory type="BH">Ba-ren</territory>
			<territory type="BI">Bu-run-đi</territory>
			<territory type="BJ">Bê-nanh</territory>
			<territory type="BL">BL</territory>
			<territory type="BN">Bru-nây</territory>
			<territory type="BO">Bô-li-vi-a</territory>
			<territory type="BR">Bra-xin</territory>
			<territory type="BS">Ba-ha-ma</territory>
			<territory type="BT">Bu-tan (Bhutan)</territory>
			<territory type="BV">Đảo Bouvet (Na Uy)</territory>
			<territory type="BW">Bốt-xoa-na</territory>
			<territory type="BY">Bê-la-rút</territory>
			<territory type="BZ">Bê-li-xê</territory>
			<territory type="CA">Ca-na-đa</territory>
			<territory type="CC">Quần đảo Cocos</territory>
			<territory type="CD">Cộng hoà dân chủ Côngô</territory>
			<territory type="CF">Cộng hòa Trung Phi</territory>
			<territory type="CG">Công-gô</territory>
			<territory type="CH">Thụy Sĩ</territory>
			<territory type="CI">Bờ Biển Ngà</territory>
			<territory type="CK">Quần Đảo Cook</territory>
			<territory type="CL">Chi-lê</territory>
			<territory type="CM">Ca-mơ-run</territory>
			<territory type="CN">Trung Quốc</territory>
			<territory type="CO">Cô-lôm-bi-a</territory>
			<territory type="CP">Đảo Clipperton</territory>
			<territory type="CR">Cốt-xta Ri-ca</territory>
			<territory type="CS">Séc-bia</territory>
			<territory type="CU">Cu Ba</territory>
			<territory type="CV">Cáp-ve</territory>
			<territory type="CX">Đảo Giáng Sinh</territory>
			<territory type="CY">Síp</territory>
			<territory type="CZ">Cộng hòa Séc</territory>
			<territory type="DE">Đức</territory>
			<territory type="DG">Diego Garcia</territory>
			<territory type="DJ">Gi-bu-ti</territory>
			<territory type="DK">Đan Mạch</territory>
			<territory type="DO">Cộng hoà Đô-mi-ni-ca</territory>
			<territory type="DZ">An-giê-ri</territory>
			<territory type="EA">Ceuta và Melilla</territory>
			<territory type="EC">Ê-cu-a-đo</territory>
			<territory type="EE">E-xtô-ni-a</territory>
			<territory type="EG">Ai Cập</territory>
			<territory type="EH">Tây Sahara</territory>
			<territory type="ER">Ê-ri-tơ-rê-a</territory>
			<territory type="ES">Tây Ban Nha</territory>
			<territory type="ET">Ê-ti-ô-pi-a</territory>
			<territory type="EU">Liên Minh Châu Âu</territory>
			<territory type="FI">Phần Lan</territory>
			<territory type="FJ">Phi-gi</territory>
			<territory type="FK">Quần Đảo Falkland</territory>
			<territory type="FM">Mi-crô-nê-xi-a</territory>
			<territory type="FO">Quần Đảo Faroe</territory>
			<territory type="FR">Pháp</territory>
			<territory type="GA">Ga-bông</territory>
			<territory type="GB">Vương quốc Anh</territory>
			<territory type="GD">Grê-na-đa</territory>
			<territory type="GE">Gru-di-a</territory>
			<territory type="GF">Quiana thuộc Pháp</territory>
			<territory type="GG">Guernsey</territory>
			<territory type="GH">Gha-na</territory>
			<territory type="GL">Băng Đảo</territory>
			<territory type="GM">Găm-bi-a</territory>
			<territory type="GN">Ghi-nê</territory>
			<territory type="GQ">Ghi-nê Xích-đạo</territory>
			<territory type="GR">Hy Lạp</territory>
			<territory type="GS">Quần đảo Nam Georgia và Nam Sandwich</territory>
			<territory type="GT">Goa-tê-ma-la</territory>
			<territory type="GU">Đảo Gu-am</territory>
			<territory type="GW">Ghi-nê Bít-xao</territory>
			<territory type="GY">Guy-a-na</territory>
			<territory type="HK">Đặc khu hành chính Hồng Kông thuộc CHND Trung Hoa</territory>
			<territory type="HK" alt="short">Hồng Kông</territory>
			<territory type="HM">Đảo Heard và Quần đảo McDonald</territory>
			<territory type="HN">Hôn-đu-rát</territory>
			<territory type="HR">Crô-a-ti-a</territory>
			<territory type="HT">Ha-i-ti</territory>
			<territory type="HU">Hung-ga-ri</territory>
			<territory type="IC">Quần đảo Canary</territory>
			<territory type="ID">Nam Dương</territory>
			<territory type="IE">Ai-len</territory>
			<territory type="IL">I-xra-en</territory>
			<territory type="IM">Đảo Man</territory>
			<territory type="IN">Ấn Độ</territory>
			<territory type="IO">Thuộc địa Anh tại Ấn Độ Dương</territory>
			<territory type="IQ">I-rắc</territory>
			<territory type="IR">I-ran</territory>
			<territory type="IS">Ai-xơ-len</territory>
			<territory type="IT">Ý</territory>
			<territory type="JE">Jersey</territory>
			<territory type="JM">Ha-mai-ca</territory>
			<territory type="JO">Gióc-đa-ni</territory>
			<territory type="JP">Nhật Bản</territory>
			<territory type="KE">Kê-ni-a</territory>
			<territory type="KG">Cư-rơ-gư-xtan</territory>
			<territory type="KH">Campuchia</territory>
			<territory type="KI">Ki-ri-ba-ti</territory>
			<territory type="KM">Cô-mô</territory>
			<territory type="KN">Xan-kít và Nê-vi</territory>
			<territory type="KP">Bắc Triều Tiên</territory>
			<territory type="KR">Hàn Quốc</territory>
			<territory type="KW">Cô-oét</territory>
			<territory type="KY">Quần Đảo Cayman</territory>
			<territory type="KZ">Ka-dắc-xtan</territory>
			<territory type="LA">Lào</territory>
			<territory type="LB">Li-băng</territory>
			<territory type="LC">Xan Lu-xi</territory>
			<territory type="LI">Lich-ten-xtên</territory>
			<territory type="LK">Xri Lan-ca</territory>
			<territory type="LR">Li-bê-ri-a</territory>
			<territory type="LS">Lê-xô-thô</territory>
			<territory type="LT">Li-tu-a-ni-a</territory>
			<territory type="LU">Lúc-xăm-bua</territory>
			<territory type="LV">Lát-vi-a</territory>
			<territory type="LY">Li-bi</territory>
			<territory type="MA">Ma-rốc</territory>
			<territory type="MC">Mô-na-cô</territory>
			<territory type="MD">Môn-đô-va</territory>
			<territory type="ME">Montenegro</territory>
			<territory type="MF">MF</territory>
			<territory type="MG">Ma-đa-gát-xca</territory>
			<territory type="MH">Quần đảo Mác-san</territory>
			<territory type="MK">Ma-xê-đô-ni-a</territory>
			<territory type="ML">Ma-li</territory>
			<territory type="MM">Mi-an-ma</territory>
			<territory type="MN">Mông Cổ</territory>
			<territory type="MO">Đặc khu hành chính Macao thuộc CHND Trung Hoa</territory>
			<territory type="MO" alt="short">Macao</territory>
			<territory type="MP">Quần Đảo Bắc Mariana</territory>
			<territory type="MQ">MQ</territory>
			<territory type="MR">Mô-ri-ta-ni</territory>
			<territory type="MT">Man-ta</territory>
			<territory type="MU">Mô-ri-xơ</territory>
			<territory type="MV">Man-đi-vơ</territory>
			<territory type="MW">Ma-la-uy</territory>
			<territory type="MX">Mê-hi-cô</territory>
			<territory type="MY">Ma-lay-xi-a</territory>
			<territory type="MZ">Mô-dăm-bích</territory>
			<territory type="NA">Nam-mi-bi-a</territory>
			<territory type="NC">New Caledonia</territory>
			<territory type="NE">Ni-giê</territory>
			<territory type="NF">Đảo Norfolk</territory>
			<territory type="NG">Ni-giê-ri-a</territory>
			<territory type="NI">Ni-ca-ra-goa</territory>
			<territory type="NL">Hà Lan</territory>
			<territory type="NO">Na Uy</territory>
			<territory type="NP">Nê-pan</territory>
			<territory type="NZ">Niu Di-lân</territory>
			<territory type="OM">Ô-man</territory>
			<territory type="PA">Pa-na-ma</territory>
			<territory type="PE">Pê-ru</territory>
			<territory type="PF">Polynesia thuộc Pháp</territory>
			<territory type="PG">Pa-pu-a Niu Ghi-nê</territory>
			<territory type="PH">Phi-lip-pin</territory>
			<territory type="PK">Pa-ki-xtan</territory>
			<territory type="PL">Ba Lan</territory>
			<territory type="PM">Saint Pierre và Miquelon</territory>
			<territory type="PS">Lãnh thổ Palestine</territory>
			<territory type="PT">Bồ Đào Nha</territory>
			<territory type="PY">Pa-ra-goay</territory>
			<territory type="QA">Ca-ta</territory>
			<territory type="QO">Vùng xa xôi thuộc Châu Đại Dương</territory>
			<territory type="RE">RE</territory>
			<territory type="RO">Ru-ma-ni</territory>
			<territory type="RS">Xéc-bi</territory>
			<territory type="RU">Nga</territory>
			<territory type="RW">Ru-an-đa</territory>
			<territory type="SA">A-rập Xê-út</territory>
			<territory type="SB">Quần đảo Xô-lô-mông</territory>
			<territory type="SC">Xây-sen</territory>
			<territory type="SD">Xu-đăng</territory>
			<territory type="SE">Thụy Điển</territory>
			<territory type="SG">Xin-ga-po</territory>
			<territory type="SH">Saint Helena</territory>
			<territory type="SI">Xlô-ven-ni-a</territory>
			<territory type="SJ">Svalbard và Jan Mayen</territory>
			<territory type="SK">Xlô-va-ki-a</territory>
			<territory type="SL">Xi-ê-ra Lê-ôn</territory>
			<territory type="SM">Xan Ma-ri-nô</territory>
			<territory type="SN">Xê-nê-gan</territory>
			<territory type="SO">Xô-ma-li</territory>
			<territory type="SR">Xu-ri-nam</territory>
			<territory type="ST">Xao Tô-mê và Prin-xi-pê</territory>
			<territory type="SV">En-san-va-đo</territory>
			<territory type="SY">Xi-ri</territory>
			<territory type="SZ">Xoa-di-len</territory>
			<territory type="TA">Tristan da Cunha</territory>
			<territory type="TC">Quần Đảo Turk và Caicos</territory>
			<territory type="TD">Sát</territory>
			<territory type="TF">Thuộc Địa Nam của Pháp</territory>
			<territory type="TG">Tô-gô</territory>
			<territory type="TH">Thái Lan</territory>
			<territory type="TJ">Tát-gi-ki-xtan</territory>
			<territory type="TK">Tokelau</territory>
			<territory type="TL">Đông Ti-mo</territory>
			<territory type="TM">Tuốc-mê-ni-xtan</territory>
			<territory type="TN">Tuy-ni-di</territory>
			<territory type="TO">Tông-ga</territory>
			<territory type="TR">Thổ Nhĩ Kỳ</territory>
			<territory type="TT">Tri-ni-đát và Tô-ba-gô</territory>
			<territory type="TV">Tu-va-lu</territory>
			<territory type="TW">Đài Loan</territory>
			<territory type="TZ">Tan-da-ni-a</territory>
			<territory type="UA">U-crai-na</territory>
			<territory type="UG">U-gan-đa</territory>
			<territory type="UM">Các đảo nhỏ xa trung tâm thuộc Mỹ</territory>
			<territory type="US">Hoa Kỳ</territory>
			<territory type="UY">U-ru-goay</territory>
			<territory type="UZ">U-dơ-bê-ki-xtan</territory>
			<territory type="VA">Va-ti-căng</territory>
			<territory type="VC">Xan Vin-xen và Grê-na-din</territory>
			<territory type="VE">Vê-nê-zu-ê-la</territory>
			<territory type="VG">Đảo Virgin, thuộc Anh</territory>
			<territory type="VI">Quần đảo Virgin, Mỹ</territory>
			<territory type="VN">Việt Nam</territory>
			<territory type="VU">Va-nu-a-tu</territory>
			<territory type="WF">Wallis và Futuna</territory>
			<territory type="WS">Xa-moa</territory>
			<territory type="YE">Y-ê-men</territory>
			<territory type="YT">YT</territory>
			<territory type="ZA">Nam Phi</territory>
			<territory type="ZM">Dăm-bi-a</territory>
			<territory type="ZW">Dim-ba-bu-ê</territory>
			<territory type="ZZ">Vùng Chưa biết hoặc không Hợp lệ</territory>
		</territories>
		<types>
			<type type="gregorian" key="calendar">gregorian</type>
		</types>
		<codePatterns>
			<codePattern type="language">Ngôn ngữ: {0}</codePattern>
			<codePattern type="script">Chữ viết: {0}</codePattern>
			<codePattern type="territory">Vùng: {0}</codePattern>
		</codePatterns>
	</localeDisplayNames>
	<characters>
		<exemplarCharacters>[a à ả ã á ạ ă ằ ẳ ẵ ắ ặ â ầ ẩ ẫ ấ ậ b c d đ e è ẻ ẽ é ẹ ê ề ể ễ ế ệ f g h i ì ỉ ĩ í ị j k l m n o ò ỏ õ ó ọ ô ồ ổ ỗ ố ộ ơ ờ ở ỡ ớ ợ p q r s t u ù ủ ũ ú ụ ư ừ ử ữ ứ ự v w x y ỳ ỷ ỹ ý ỵ z]</exemplarCharacters>
		<exemplarCharacters type="auxiliary">[]</exemplarCharacters>
		<exemplarCharacters type="currencySymbol">[a b c d đ e f g h i j k l m n o p q r s t u v w x y z]</exemplarCharacters>
		<exemplarCharacters type="index">[A Ă Â B C D Đ E Ê F G H I J K L M N O Ô Ơ P Q R S T U Ư V W X Y Z]</exemplarCharacters>
	</characters>
	<delimiters>
		<quotationStart>“</quotationStart>
		<quotationEnd>”</quotationEnd>
		<alternateQuotationStart>‘</alternateQuotationStart>
		<alternateQuotationEnd>’</alternateQuotationEnd>
	</delimiters>
	<dates>
		<calendars>
			<calendar type="buddhist">
				<dateFormats>
					<dateFormatLength type="full">
						<dateFormat>
							<pattern>EEEE, 'ngày' dd MMMM 'năm' y G</pattern>
						</dateFormat>
					</dateFormatLength>
					<dateFormatLength type="long">
						<dateFormat>
							<pattern>'Ngày' dd 'tháng' M 'năm' y G</pattern>
						</dateFormat>
					</dateFormatLength>
					<dateFormatLength type="medium">
						<dateFormat>
							<pattern>dd-MM-yyyy G</pattern>
						</dateFormat>
					</dateFormatLength>
					<dateFormatLength type="short">
						<dateFormat>
							<pattern>dd/MM/yyyy G</pattern>
						</dateFormat>
					</dateFormatLength>
				</dateFormats>
				<dateTimeFormats>
					<availableFormats>
						<dateFormatItem id="d">'Ngày' d</dateFormatItem>
						<dateFormatItem id="Ed">E, d</dateFormatItem>
						<dateFormatItem id="Md">d-M</dateFormatItem>
						<dateFormatItem id="MEd">E, d-M</dateFormatItem>
						<dateFormatItem id="MMdd">dd-MM</dateFormatItem>
						<dateFormatItem id="MMMd">d MMM</dateFormatItem>
						<dateFormatItem id="MMMEd">E d MMM</dateFormatItem>
						<dateFormatItem id="MMMMd">d MMMM</dateFormatItem>
						<dateFormatItem id="MMMMEd">E d MMMM</dateFormatItem>
						<dateFormatItem id="mmss">mm:ss</dateFormatItem>
						<dateFormatItem id="y">'Năm' y G</dateFormatItem>
						<dateFormatItem id="yMEd">EEE, d-M-yyyy G</dateFormatItem>
						<dateFormatItem id="yMMM">MMM y G</dateFormatItem>
						<dateFormatItem id="yMMMd">d MMM y G</dateFormatItem>
						<dateFormatItem id="yMMMEd">EEE, d MMM y G</dateFormatItem>
						<dateFormatItem id="yMMMM">MMMM y G</dateFormatItem>
						<dateFormatItem id="yQ">Q yyyy G</dateFormatItem>
						<dateFormatItem id="yQQQ">QQQ y G</dateFormatItem>
						<dateFormatItem id="yyQ">Q yy G</dateFormatItem>
						<dateFormatItem id="yyyy">'Năm' y G</dateFormatItem>
						<dateFormatItem id="yyyyMM">MM-yyyy G</dateFormatItem>
						<dateFormatItem id="yyyyMd">d-M-yyyy G</dateFormatItem>
					</availableFormats>
				</dateTimeFormats>
			</calendar>
			<calendar type="gregorian">
				<months>
					<monthContext type="format">
						<monthWidth type="abbreviated">
							<month type="1">thg 1</month>
							<month type="2">thg 2</month>
							<month type="3">thg 3</month>
							<month type="4">thg 4</month>
							<month type="5">thg 5</month>
							<month type="6">thg 6</month>
							<month type="7">thg 7</month>
							<month type="8">thg 8</month>
							<month type="9">thg 9</month>
							<month type="10">thg 10</month>
							<month type="11">thg 11</month>
							<month type="12">thg 12</month>
						</monthWidth>
						<monthWidth type="wide">
							<month type="1">tháng một</month>
							<month type="2">tháng hai</month>
							<month type="3">tháng ba</month>
							<month type="4">tháng tư</month>
							<month type="5">tháng năm</month>
							<month type="6">tháng sáu</month>
							<month type="7">tháng bảy</month>
							<month type="8">tháng tám</month>
							<month type="9">tháng chín</month>
							<month type="10">tháng mười</month>
							<month type="11">tháng mười một</month>
							<month type="12">tháng mười hai</month>
						</monthWidth>
					</monthContext>
				</months>
				<days>
					<dayContext type="format">
						<dayWidth type="abbreviated">
							<day type="sun">CN</day>
							<day type="mon">Th 2</day>
							<day type="tue">Th 3</day>
							<day type="wed">Th 4</day>
							<day type="thu">Th 5</day>
							<day type="fri">Th 6</day>
							<day type="sat">Th 7</day>
						</dayWidth>
						<dayWidth type="wide">
							<day type="sun">Chủ nhật</day>
							<day type="mon">Thứ hai</day>
							<day type="tue">Thứ ba</day>
							<day type="wed">Thứ tư</day>
							<day type="thu">Thứ năm</day>
							<day type="fri">Thứ sáu</day>
							<day type="sat">Thứ bảy</day>
						</dayWidth>
					</dayContext>
					<dayContext type="stand-alone">
						<dayWidth type="narrow">
							<day type="sun">CN</day>
							<day type="mon">T2</day>
							<day type="tue">T3</day>
							<day type="wed">T4</day>
							<day type="thu">T5</day>
							<day type="fri">T6</day>
							<day type="sat">T7</day>
						</dayWidth>
					</dayContext>
				</days>
				<quarters>
					<quarterContext type="format">
						<quarterWidth type="abbreviated">
							<quarter type="1">Q1</quarter>
							<quarter type="2">Q2</quarter>
							<quarter type="3">Q3</quarter>
							<quarter type="4">Q4</quarter>
						</quarterWidth>
						<quarterWidth type="wide">
							<quarter type="1">Q1</quarter>
							<quarter type="2">Q2</quarter>
							<quarter type="3">Q3</quarter>
							<quarter type="4">Q4</quarter>
						</quarterWidth>
					</quarterContext>
					<quarterContext type="stand-alone">
						<quarterWidth type="narrow">
							<quarter type="1">1</quarter>
							<quarter type="2">2</quarter>
							<quarter type="3">3</quarter>
							<quarter type="4">4</quarter>
						</quarterWidth>
					</quarterContext>
				</quarters>
				<dayPeriods>
					<dayPeriodContext type="format">
						<dayPeriodWidth type="wide">
							<dayPeriod type="am">SA</dayPeriod>
							<dayPeriod type="pm">CH</dayPeriod>
						</dayPeriodWidth>
					</dayPeriodContext>
				</dayPeriods>
				<eras>
					<eraAbbr>
						<era type="0">tr. CN</era>
						<era type="1">sau CN</era>
					</eraAbbr>
				</eras>
				<dateFormats>
					<dateFormatLength type="full">
						<dateFormat>
							<pattern>EEEE, 'ngày' dd MMMM 'năm' y</pattern>
						</dateFormat>
					</dateFormatLength>
					<dateFormatLength type="long">
						<dateFormat>
							<pattern>'Ngày' dd 'tháng' M 'năm' y</pattern>
						</dateFormat>
					</dateFormatLength>
					<dateFormatLength type="medium">
						<dateFormat>
							<pattern>dd-MM-yyyy</pattern>
						</dateFormat>
					</dateFormatLength>
					<dateFormatLength type="short">
						<dateFormat>
							<pattern>dd/MM/yyyy</pattern>
						</dateFormat>
					</dateFormatLength>
				</dateFormats>
				<timeFormats>
					<timeFormatLength type="full">
						<timeFormat>
							<pattern>HH:mm:ss zzzz</pattern>
						</timeFormat>
					</timeFormatLength>
					<timeFormatLength type="long">
						<timeFormat>
							<pattern>HH:mm:ss z</pattern>
						</timeFormat>
					</timeFormatLength>
					<timeFormatLength type="medium">
						<timeFormat>
							<pattern>HH:mm:ss</pattern>
						</timeFormat>
					</timeFormatLength>
					<timeFormatLength type="short">
						<timeFormat>
							<pattern>HH:mm</pattern>
						</timeFormat>
					</timeFormatLength>
				</timeFormats>
				<dateTimeFormats>
					<dateTimeFormatLength type="full">
						<dateTimeFormat>
							<pattern>{0} {1}</pattern>
						</dateTimeFormat>
					</dateTimeFormatLength>
					<dateTimeFormatLength type="long">
						<dateTimeFormat>
							<pattern>{0} {1}</pattern>
						</dateTimeFormat>
					</dateTimeFormatLength>
					<dateTimeFormatLength type="medium">
						<dateTimeFormat>
							<pattern>{0} {1}</pattern>
						</dateTimeFormat>
					</dateTimeFormatLength>
					<dateTimeFormatLength type="short">
						<dateTimeFormat>
							<pattern>{0} {1}</pattern>
						</dateTimeFormat>
					</dateTimeFormatLength>
					<availableFormats>
						<dateFormatItem id="d">'Ngày' d</dateFormatItem>
						<dateFormatItem id="Ed">E, d</dateFormatItem>
						<dateFormatItem id="hm">h:mm a</dateFormatItem>
						<dateFormatItem id="Hm">H:mm</dateFormatItem>
						<dateFormatItem id="hms">h:mm:ss a</dateFormatItem>
						<dateFormatItem id="Hms">H:mm:ss</dateFormatItem>
						<dateFormatItem id="M">'Tháng' M</dateFormatItem>
						<dateFormatItem id="Md">d-M</dateFormatItem>
						<dateFormatItem id="MEd">E, d-M</dateFormatItem>
						<dateFormatItem id="MMdd">dd-MM</dateFormatItem>
						<dateFormatItem id="MMM">LLL</dateFormatItem>
						<dateFormatItem id="MMMd">d MMM</dateFormatItem>
						<dateFormatItem id="MMMEd">E d MMM</dateFormatItem>
						<dateFormatItem id="MMMMd">d MMMM</dateFormatItem>
						<dateFormatItem id="MMMMEd">E d MMMM</dateFormatItem>
						<dateFormatItem id="mmss">mm:ss</dateFormatItem>
						<dateFormatItem id="ms">mm:ss</dateFormatItem>
						<dateFormatItem id="y">'Năm' y</dateFormatItem>
						<dateFormatItem id="yM">M/yyyy</dateFormatItem>
						<dateFormatItem id="yMEd">EEE, d-M-yyyy</dateFormatItem>
						<dateFormatItem id="yMMM">MMM y</dateFormatItem>
						<dateFormatItem id="yMMMEd">EEE, d MMM y</dateFormatItem>
						<dateFormatItem id="yMMMM">MMMM y</dateFormatItem>
						<dateFormatItem id="yQ">Q yyyy</dateFormatItem>
						<dateFormatItem id="yQQQ">QQQ y</dateFormatItem>
						<dateFormatItem id="yyQ">Q yy</dateFormatItem>
						<dateFormatItem id="yyyy">y</dateFormatItem>
						<dateFormatItem id="yyyyMM">MM-yyyy</dateFormatItem>
					</availableFormats>
					<intervalFormats>
						<intervalFormatFallback>{0} - {1}</intervalFormatFallback>
						<intervalFormatItem id="d">
							<greatestDifference id="d">'Ngày' d-d</greatestDifference>
						</intervalFormatItem>
						<intervalFormatItem id="h">
							<greatestDifference id="a">h'h' a - h'h' a</greatestDifference>
							<greatestDifference id="h">h'h' - h'h' a</greatestDifference>
						</intervalFormatItem>
						<intervalFormatItem id="H">
							<greatestDifference id="a">HH'h' - HH'h'</greatestDifference>
							<greatestDifference id="H">HH'h' - HH'h'</greatestDifference>
						</intervalFormatItem>
						<intervalFormatItem id="hm">
							<greatestDifference id="a">h:mm a – h:mm a</greatestDifference>
							<greatestDifference id="h">h:mm-h:mm a</greatestDifference>
							<greatestDifference id="m">h:mm-h:mm a</greatestDifference>
						</intervalFormatItem>
						<intervalFormatItem id="Hm">
							<greatestDifference id="H">HH:mm-HH:mm</greatestDifference>
							<greatestDifference id="m">HH:mm-HH:mm</greatestDifference>
						</intervalFormatItem>
						<intervalFormatItem id="hmv">
							<greatestDifference id="a">h:mm a – h:mm a v</greatestDifference>
							<greatestDifference id="h">h:mm-h:mm a v</greatestDifference>
							<greatestDifference id="m">h:mm-h:mm a v</greatestDifference>
						</intervalFormatItem>
						<intervalFormatItem id="Hmv">
							<greatestDifference id="H">HH:mm-HH:mm v</greatestDifference>
							<greatestDifference id="m">HH:mm-HH:mm v</greatestDifference>
						</intervalFormatItem>
						<intervalFormatItem id="hv">
							<greatestDifference id="a">h'h' a - h'h' a v</greatestDifference>
							<greatestDifference id="h">h'h'-h'h' a v</greatestDifference>
						</intervalFormatItem>
						<intervalFormatItem id="Hv">
							<greatestDifference id="a">HH'h'-HH'h' v</greatestDifference>
							<greatestDifference id="H">HH'h'-HH'h' v</greatestDifference>
						</intervalFormatItem>
						<intervalFormatItem id="M">
							<greatestDifference id="M">'Tháng' M - 'Tháng' M</greatestDifference>
						</intervalFormatItem>
						<intervalFormatItem id="Md">
							<greatestDifference id="d">dd/MM - dd/MM</greatestDifference>
							<greatestDifference id="M">dd/MM - dd/MM</greatestDifference>
						</intervalFormatItem>
						<intervalFormatItem id="MEd">
							<greatestDifference id="d">EEEE, dd/MM - EEEE, dd/MM</greatestDifference>
							<greatestDifference id="M">EEEE, dd/MM - EEEE, dd/MM</greatestDifference>
						</intervalFormatItem>
						<intervalFormatItem id="MMM">
							<greatestDifference id="M">MMM-MMM</greatestDifference>
						</intervalFormatItem>
						<intervalFormatItem id="MMMd">
							<greatestDifference id="d">'Ngày' dd 'tháng' M - 'Ngày' dd 'tháng' M</greatestDifference>
							<greatestDifference id="M">'Ngày' dd 'tháng' M - 'Ngày' dd 'tháng' M</greatestDifference>
						</intervalFormatItem>
						<intervalFormatItem id="MMMEd">
							<greatestDifference id="d">EEEE, 'ngày' dd - EEEE, 'ngày' dd 'tháng' M</greatestDifference>
							<greatestDifference id="M">EEEE, 'ngày' dd 'tháng' M - EEEE, 'ngày' dd 'tháng' M</greatestDifference>
						</intervalFormatItem>
						<intervalFormatItem id="MMMM">
							<greatestDifference id="M">LLLL–LLLL</greatestDifference>
						</intervalFormatItem>
						<intervalFormatItem id="y">
							<greatestDifference id="y">y-y</greatestDifference>
						</intervalFormatItem>
						<intervalFormatItem id="yM">
							<greatestDifference id="M">MM/yyyy - MM/yyyy</greatestDifference>
							<greatestDifference id="y">MM/yyyy - MM/yyyy</greatestDifference>
						</intervalFormatItem>
						<intervalFormatItem id="yMd">
							<greatestDifference id="d">dd/MM/yyyy - dd/MM/yyyy</greatestDifference>
							<greatestDifference id="M">dd/MM/yyyy - dd/MM/yyyy</greatestDifference>
							<greatestDifference id="y">dd/MM/yyyy - dd/MM/yyyy</greatestDifference>
						</intervalFormatItem>
						<intervalFormatItem id="yMEd">
							<greatestDifference id="d">EEEE, dd/MM/yyyy - EEEE, dd/MM/yyyy</greatestDifference>
							<greatestDifference id="M">EEEE, dd/MM/yyyy - EEEE, dd/MM/yyyy</greatestDifference>
							<greatestDifference id="y">EEEE, dd/MM/yyyy - EEEE, dd/MM/yyyy</greatestDifference>
						</intervalFormatItem>
						<intervalFormatItem id="yMMM">
							<greatestDifference id="M">'Tháng' M - 'Tháng' M 'năm' y</greatestDifference>
							<greatestDifference id="y">'Tháng' M 'năm' y - 'Tháng' M 'năm' y</greatestDifference>
						</intervalFormatItem>
						<intervalFormatItem id="yMMMd">
							<greatestDifference id="d">'Ngày' dd 'tháng' M - 'Ngày' dd 'tháng' M 'năm' y</greatestDifference>
							<greatestDifference id="M">'Ngày' dd 'tháng' M - 'Ngày' dd 'tháng' M 'năm' y</greatestDifference>
							<greatestDifference id="y">'Ngày' dd 'tháng' M 'năm' y - 'Ngày' dd 'tháng' M 'năm' y</greatestDifference>
						</intervalFormatItem>
						<intervalFormatItem id="yMMMEd">
							<greatestDifference id="d">EEEE, 'ngày' dd MMM - EEEE, 'ngày' dd MMM 'năm' y</greatestDifference>
							<greatestDifference id="M">EEEE, 'ngày' dd MMM - EEEE, 'ngày' dd MMM 'năm' y</greatestDifference>
							<greatestDifference id="y">EEEE, 'ngày' dd MMM 'năm' y - EEEE, 'ngày' dd MMM 'năm' y</greatestDifference>
						</intervalFormatItem>
						<intervalFormatItem id="yMMMM">
							<greatestDifference id="M">MMMM-MMMM y</greatestDifference>
							<greatestDifference id="y">MMMM y – MMMM y</greatestDifference>
						</intervalFormatItem>
					</intervalFormats>
				</dateTimeFormats>
				<fields>
					<field type="era">
						<displayName>Era</displayName>
					</field>
					<field type="year">
						<displayName>Year</displayName>
					</field>
					<field type="month">
						<displayName>Month</displayName>
					</field>
					<field type="week">
						<displayName>Week</displayName>
					</field>
					<field type="day">
						<displayName>Day</displayName>
						<relative type="-1">Yesterday</relative>
						<relative type="0">Today</relative>
						<relative type="1">Tomorrow</relative>
					</field>
					<field type="weekday">
						<displayName>Day of the Week</displayName>
					</field>
					<field type="dayperiod">
						<displayName>Dayperiod</displayName>
					</field>
					<field type="hour">
						<displayName>Hour</displayName>
					</field>
					<field type="minute">
						<displayName>Minute</displayName>
					</field>
					<field type="second">
						<displayName>Second</displayName>
					</field>
					<field type="zone">
						<displayName>Zone</displayName>
					</field>
				</fields>
			</calendar>
			<calendar type="islamic">
				<dateFormats>
					<dateFormatLength type="full">
						<dateFormat>
							<pattern>EEEE, 'ngày' dd MMMM 'năm' y G</pattern>
						</dateFormat>
					</dateFormatLength>
					<dateFormatLength type="long">
						<dateFormat>
							<pattern>'Ngày' dd 'tháng' M 'năm' y G</pattern>
						</dateFormat>
					</dateFormatLength>
					<dateFormatLength type="medium">
						<dateFormat>
							<pattern>dd-MM-y G</pattern>
						</dateFormat>
					</dateFormatLength>
					<dateFormatLength type="short">
						<dateFormat>
							<pattern>dd/MM/y G</pattern>
						</dateFormat>
					</dateFormatLength>
				</dateFormats>
				<dateTimeFormats>
					<availableFormats>
						<dateFormatItem id="d">'Ngày' d</dateFormatItem>
						<dateFormatItem id="Ed">E, d</dateFormatItem>
						<dateFormatItem id="Md">d-M</dateFormatItem>
						<dateFormatItem id="MEd">E, d-M</dateFormatItem>
						<dateFormatItem id="MMdd">dd-MM</dateFormatItem>
						<dateFormatItem id="MMMd">d MMM</dateFormatItem>
						<dateFormatItem id="MMMEd">E d MMM</dateFormatItem>
						<dateFormatItem id="MMMMd">d MMMM</dateFormatItem>
						<dateFormatItem id="MMMMEd">E d MMMM</dateFormatItem>
						<dateFormatItem id="mmss">mm:ss</dateFormatItem>
						<dateFormatItem id="yyQ">Q yy G</dateFormatItem>
						<dateFormatItem id="yyyy">'Năm' y G</dateFormatItem>
						<dateFormatItem id="yyyyMd">d-M-y G</dateFormatItem>
						<dateFormatItem id="yyyyMEd">EEE, d-M-y G</dateFormatItem>
						<dateFormatItem id="yyyyMM">MM-y G</dateFormatItem>
						<dateFormatItem id="yyyyMMM">MMM y G</dateFormatItem>
						<dateFormatItem id="yyyyMMMd">d MMM y G</dateFormatItem>
						<dateFormatItem id="yyyyMMMEd">EEE, d MMM y G</dateFormatItem>
						<dateFormatItem id="yyyyMMMM">MMMM y G</dateFormatItem>
						<dateFormatItem id="yyyyQ">Q y G</dateFormatItem>
						<dateFormatItem id="yyyyQQQ">QQQ y G</dateFormatItem>
					</availableFormats>
				</dateTimeFormats>
			</calendar>
			<calendar type="japanese">
				<dateFormats>
					<dateFormatLength type="full">
						<dateFormat>
							<pattern>EEEE, 'ngày' dd MMMM 'năm' y G</pattern>
						</dateFormat>
					</dateFormatLength>
					<dateFormatLength type="long">
						<dateFormat>
							<pattern>'Ngày' dd 'tháng' M 'năm' y G</pattern>
						</dateFormat>
					</dateFormatLength>
					<dateFormatLength type="medium">
						<dateFormat>
							<pattern>dd-MM-y G</pattern>
						</dateFormat>
					</dateFormatLength>
					<dateFormatLength type="short">
						<dateFormat>
							<pattern>dd/MM/y G</pattern>
						</dateFormat>
					</dateFormatLength>
				</dateFormats>
				<dateTimeFormats>
					<availableFormats>
						<dateFormatItem id="d">'Ngày' d</dateFormatItem>
						<dateFormatItem id="Ed">E, d</dateFormatItem>
						<dateFormatItem id="Md">d-M</dateFormatItem>
						<dateFormatItem id="MEd">E, d-M</dateFormatItem>
						<dateFormatItem id="MMdd">dd-MM</dateFormatItem>
						<dateFormatItem id="MMMd">d MMM</dateFormatItem>
						<dateFormatItem id="MMMEd">E d MMM</dateFormatItem>
						<dateFormatItem id="MMMMd">d MMMM</dateFormatItem>
						<dateFormatItem id="MMMMEd">E d MMMM</dateFormatItem>
						<dateFormatItem id="mmss">mm:ss</dateFormatItem>
						<dateFormatItem id="yyQ">Q yy G</dateFormatItem>
						<dateFormatItem id="yyyy">'Năm' y G</dateFormatItem>
						<dateFormatItem id="yyyyMd">d-M-y G</dateFormatItem>
						<dateFormatItem id="yyyyMEd">EEE, d-M-y G</dateFormatItem>
						<dateFormatItem id="yyyyMM">MM-y G</dateFormatItem>
						<dateFormatItem id="yyyyMMM">MMM y G</dateFormatItem>
						<dateFormatItem id="yyyyMMMd">d MMM y G</dateFormatItem>
						<dateFormatItem id="yyyyMMMEd">EEE, d MMM y G</dateFormatItem>
						<dateFormatItem id="yyyyMMMM">MMMM y G</dateFormatItem>
						<dateFormatItem id="yyyyQ">Q y G</dateFormatItem>
						<dateFormatItem id="yyyyQQQ">QQQ y G</dateFormatItem>
					</availableFormats>
				</dateTimeFormats>
			</calendar>
			<calendar type="roc">
				<dateFormats>
					<dateFormatLength type="full">
						<dateFormat>
							<pattern>EEEE, 'ngày' dd MMMM 'năm' y G</pattern>
						</dateFormat>
					</dateFormatLength>
					<dateFormatLength type="long">
						<dateFormat>
							<pattern>'Ngày' dd 'tháng' M 'năm' y G</pattern>
						</dateFormat>
					</dateFormatLength>
					<dateFormatLength type="medium">
						<dateFormat>
							<pattern>dd-MM-y G</pattern>
						</dateFormat>
					</dateFormatLength>
					<dateFormatLength type="short">
						<dateFormat>
							<pattern>dd/MM/y G</pattern>
						</dateFormat>
					</dateFormatLength>
				</dateFormats>
				<dateTimeFormats>
					<availableFormats>
						<dateFormatItem id="d">'Ngày' d</dateFormatItem>
						<dateFormatItem id="Ed">E, d</dateFormatItem>
						<dateFormatItem id="Md">d-M</dateFormatItem>
						<dateFormatItem id="MEd">E, d-M</dateFormatItem>
						<dateFormatItem id="MMdd">dd-MM</dateFormatItem>
						<dateFormatItem id="MMMd">d MMM</dateFormatItem>
						<dateFormatItem id="MMMEd">E d MMM</dateFormatItem>
						<dateFormatItem id="MMMMd">d MMMM</dateFormatItem>
						<dateFormatItem id="MMMMEd">E d MMMM</dateFormatItem>
						<dateFormatItem id="mmss">mm:ss</dateFormatItem>
						<dateFormatItem id="yyQ">Q yy G</dateFormatItem>
						<dateFormatItem id="yyyy">'Năm' y G</dateFormatItem>
						<dateFormatItem id="yyyyMd">d-M-y G</dateFormatItem>
						<dateFormatItem id="yyyyMEd">EEE, d-M-y G</dateFormatItem>
						<dateFormatItem id="yyyyMM">MM-y G</dateFormatItem>
						<dateFormatItem id="yyyyMMM">MMM y G</dateFormatItem>
						<dateFormatItem id="yyyyMMMd">d MMM y G</dateFormatItem>
						<dateFormatItem id="yyyyMMMEd">EEE, d MMM y G</dateFormatItem>
						<dateFormatItem id="yyyyMMMM">MMMM y G</dateFormatItem>
						<dateFormatItem id="yyyyQ">Q y G</dateFormatItem>
						<dateFormatItem id="yyyyQQQ">QQQ y G</dateFormatItem>
					</availableFormats>
				</dateTimeFormats>
			</calendar>
		</calendars>
		<timeZoneNames>
			<hourFormat>+HH:mm;-HH:mm</hourFormat>
			<gmtFormat>GMT{0}</gmtFormat>
			<fallbackFormat>{1} ({0})</fallbackFormat>
			<zone type="Etc/Unknown">
				<exemplarCity>Không rõ</exemplarCity>
			</zone>
			<zone type="Europe/Andorra">
				<exemplarCity>Andorra Time</exemplarCity>
			</zone>
			<zone type="Antarctica/DumontDUrville">
				<exemplarCity>Dumont D'Urville</exemplarCity>
			</zone>
			<zone type="America/Barbados">
				<exemplarCity>Barbados Time</exemplarCity>
			</zone>
			<zone type="Asia/Bahrain">
				<exemplarCity>Bahrain Time</exemplarCity>
			</zone>
			<zone type="America/Belize">
				<exemplarCity>Belize Time</exemplarCity>
			</zone>
			<zone type="America/Costa_Rica">
				<exemplarCity>Costa Rica Time</exemplarCity>
			</zone>
			<zone type="Atlantic/Cape_Verde">
				<exemplarCity>Cape Verde Time</exemplarCity>
			</zone>
			<zone type="Africa/Djibouti">
				<exemplarCity>Djibouti Time</exemplarCity>
			</zone>
			<zone type="America/Dominica">
				<exemplarCity>Dominica Time</exemplarCity>
			</zone>
			<zone type="Atlantic/Canary">
				<exemplarCity>Quần Đảo Canary</exemplarCity>
			</zone>
			<zone type="Pacific/Fiji">
				<exemplarCity>Fiji Time</exemplarCity>
			</zone>
			<zone type="America/Grenada">
				<exemplarCity>Grenada Time</exemplarCity>
			</zone>
			<zone type="Atlantic/South_Georgia">
				<exemplarCity>South Georgia and the South Sandwich Islands Time</exemplarCity>
			</zone>
			<zone type="America/Guatemala">
				<exemplarCity>Guatemala Time</exemplarCity>
			</zone>
			<zone type="America/Guyana">
				<exemplarCity>Guyana Time</exemplarCity>
			</zone>
			<zone type="Asia/Hong_Kong">
				<exemplarCity>Hong Kong SAR China Time</exemplarCity>
			</zone>
			<zone type="America/Jamaica">
				<exemplarCity>Jamaica Time</exemplarCity>
			</zone>
			<zone type="America/St_Kitts">
				<exemplarCity>Saint Kitts and Nevis Time</exemplarCity>
			</zone>
			<zone type="Asia/Kuwait">
				<exemplarCity>Kuwait Time</exemplarCity>
			</zone>
			<zone type="Asia/Vientiane">
				<exemplarCity>Laos Time</exemplarCity>
			</zone>
			<zone type="America/St_Lucia">
				<exemplarCity>Saint Lucia Time</exemplarCity>
			</zone>
			<zone type="Europe/Luxembourg">
				<exemplarCity>Luxembourg Time</exemplarCity>
			</zone>
			<zone type="Europe/Monaco">
				<exemplarCity>Monaco Time</exemplarCity>
			</zone>
			<zone type="Europe/Malta">
				<exemplarCity>Malta Time</exemplarCity>
			</zone>
			<zone type="Indian/Mauritius">
				<exemplarCity>Mauritius Time</exemplarCity>
			</zone>
			<zone type="Indian/Maldives">
				<exemplarCity>Maldives Time</exemplarCity>
			</zone>
			<zone type="Pacific/Nauru">
				<exemplarCity>Nauru Time</exemplarCity>
			</zone>
			<zone type="America/Panama">
				<exemplarCity>Panama Time</exemplarCity>
			</zone>
			<zone type="Pacific/Palau">
				<exemplarCity>Palau Time</exemplarCity>
			</zone>
			<zone type="Asia/Qatar">
				<exemplarCity>Qatar Time</exemplarCity>
			</zone>
			<zone type="Asia/Singapore">
				<exemplarCity>Singapore Time</exemplarCity>
			</zone>
			<zone type="America/El_Salvador">
				<exemplarCity>El Salvador Time</exemplarCity>
			</zone>
			<zone type="Asia/Taipei">
				<exemplarCity>Taiwan Time</exemplarCity>
			</zone>
			<zone type="America/St_Vincent">
				<exemplarCity>Saint Vincent and the Grenadines Time</exemplarCity>
			</zone>
			<zone type="America/St_Thomas">
				<exemplarCity>U.S. Virgin Islands Time</exemplarCity>
			</zone>
			<zone type="Asia/Saigon">
				<exemplarCity>Giờ Việt Nam</exemplarCity>
			</zone>
			<metazone type="Acre">
				<long>
					<standard>Giờ Acre</standard>
					<daylight>Giờ Mùa Hè Acre</daylight>
				</long>
			</metazone>
			<metazone type="Afghanistan">
				<long>
					<standard>Giờ Afghanistan</standard>
				</long>
			</metazone>
			<metazone type="Africa_Central">
				<long>
					<standard>Giờ Trung Phi</standard>
				</long>
			</metazone>
			<metazone type="Africa_Eastern">
				<long>
					<standard>Giờ Đông Phi</standard>
				</long>
			</metazone>
			<metazone type="Africa_Southern">
				<long>
					<generic>Giờ Nam Phi</generic>
					<standard>Giờ Chuẩn Nam Phi</standard>
				</long>
			</metazone>
			<metazone type="Africa_Western">
				<long>
					<standard>Giờ Tây Phi</standard>
					<daylight>Giờ Mùa Hè Tây Phi</daylight>
				</long>
			</metazone>
			<metazone type="Aktyubinsk">
				<long>
					<standard>Giờ Aktyubinsk</standard>
					<daylight>Giờ Mùa Hè Aktyubinsk</daylight>
				</long>
			</metazone>
			<metazone type="Alaska">
				<long>
					<generic>Giờ Alaska</generic>
					<standard>Giờ Chuẩn Alaska</standard>
					<daylight>Giờ Mùa Hè Alaska</daylight>
				</long>
				<commonlyUsed>true</commonlyUsed>
			</metazone>
			<metazone type="Alaska_Hawaii">
				<long>
					<generic>Giờ Alaska-Hawaii</generic>
					<standard>Giờ Chuẩn Alaska-Hawaii</standard>
					<daylight>Giờ Mùa Hè Alaska-Hawaii</daylight>
				</long>
			</metazone>
			<metazone type="Almaty">
				<long>
					<standard>Giờ Almaty</standard>
					<daylight>Giờ Mùa Hè Almaty</daylight>
				</long>
			</metazone>
			<metazone type="Amazon">
				<long>
					<standard>Giờ Amazon</standard>
					<daylight>Giờ Mùa Hè Amazon</daylight>
				</long>
			</metazone>
			<metazone type="America_Central">
				<long>
					<generic>Giờ Miền Trung</generic>
					<standard>Giờ Chuẩn Miền Trung</standard>
					<daylight>Giờ Mùa Hè Miền Trung</daylight>
				</long>
				<commonlyUsed>true</commonlyUsed>
			</metazone>
			<metazone type="America_Eastern">
				<long>
					<generic>Giờ Miền Đông</generic>
					<standard>Giờ Chuẩn Miền Đông</standard>
					<daylight>Giờ Mùa Hè Miền Đông</daylight>
				</long>
				<commonlyUsed>true</commonlyUsed>
			</metazone>
			<metazone type="America_Mountain">
				<long>
					<generic>Giờ Miền Núi</generic>
					<standard>Giờ Chuẩn Miền Núi</standard>
					<daylight>Giờ Mùa Hè Miền Núi</daylight>
				</long>
				<commonlyUsed>true</commonlyUsed>
			</metazone>
			<metazone type="America_Pacific">
				<long>
					<generic>Giờ Thái Bình Dương</generic>
					<standard>Giờ Chuẩn Thái Bình Dương</standard>
					<daylight>Giờ Mùa Hè Thái Bình Dương</daylight>
				</long>
				<commonlyUsed>true</commonlyUsed>
			</metazone>
			<metazone type="Anadyr">
				<long>
					<standard>Giờ Anadyr</standard>
					<daylight>Giờ Mùa Hè Anadyr</daylight>
				</long>
				<commonlyUsed>false</commonlyUsed>
			</metazone>
			<metazone type="Aqtau">
				<long>
					<standard>Giờ Aqtau</standard>
					<daylight>Giờ Mùa Hè Aqtau</daylight>
				</long>
			</metazone>
			<metazone type="Aqtobe">
				<long>
					<standard>Giờ Aqtobe</standard>
					<daylight>Giờ Mùa Hè Aqtobe</daylight>
				</long>
			</metazone>
			<metazone type="Arabian">
				<long>
					<generic>Giờ A-rập</generic>
					<standard>Giờ Chuẩn A-rập</standard>
					<daylight>Giờ Mùa Hè A-rập</daylight>
				</long>
				<short>
					<generic>AT (A-rập)</generic>
					<standard>AST (A-rập)</standard>
					<daylight>ADT (A-rập)</daylight>
				</short>
			</metazone>
			<metazone type="Argentina">
				<long>
					<standard>Giờ Argentina</standard>
					<daylight>Giờ Mùa Hè Argentina</daylight>
				</long>
			</metazone>
			<metazone type="Argentina_Western">
				<long>
					<standard>Giờ Miền Tây Argentina</standard>
				</long>
				<commonlyUsed>false</commonlyUsed>
			</metazone>
			<metazone type="Armenia">
				<long>
					<standard>Giờ Armenia</standard>
					<daylight>Giờ Mùa Hè Armenia</daylight>
				</long>
			</metazone>
			<metazone type="Ashkhabad">
				<long>
					<standard>Giờ Ashkhabad</standard>
					<daylight>Giờ Mùa Hè Ashkhabad</daylight>
				</long>
			</metazone>
			<metazone type="Atlantic">
				<long>
					<generic>Giờ Đại Tây Dương</generic>
					<standard>Giờ Chuẩn Đại Tây Dương</standard>
					<daylight>Giờ Mùa Hè Đại Tây Dương</daylight>
				</long>
				<commonlyUsed>true</commonlyUsed>
			</metazone>
			<metazone type="Australia_Central">
				<long>
					<generic>Giờ Miền Trung Nước Úc</generic>
					<standard>Giờ Chuẩn Miền Trung Nước Úc</standard>
					<daylight>Giờ Mùa Hè Miền Trung Nước Úc</daylight>
				</long>
			</metazone>
			<metazone type="Australia_CentralWestern">
				<long>
					<generic>Giờ Miền Trung Tây Nước Úc</generic>
					<standard>Giờ Chuẩn Miền Trung Tây Nước Úc</standard>
					<daylight>Giờ Mùa Hè Miền Trung Tây Nước Úc</daylight>
				</long>
			</metazone>
			<metazone type="Australia_Eastern">
				<long>
					<generic>Giờ Miền Đông Nước Úc</generic>
					<standard>Giờ Chuẩn Miền Đông Nước Úc</standard>
					<daylight>Giờ Mùa Hè Miền Đông Nước Úc</daylight>
				</long>
			</metazone>
			<metazone type="Australia_Western">
				<long>
					<generic>Giờ Miền Tây Nước Úc</generic>
					<standard>Giờ Chuẩn Miền Tây Nước Úc</standard>
					<daylight>Giờ Mùa Hè Miền Tây Nước Úc</daylight>
				</long>
			</metazone>
			<metazone type="Azerbaijan">
				<long>
					<standard>Giờ Azerbaijan</standard>
					<daylight>Giờ Mùa Hè Azerbaijan</daylight>
				</long>
			</metazone>
			<metazone type="Azores">
				<long>
					<standard>Giờ Azores</standard>
					<daylight>Giờ Mùa Hè Azores</daylight>
				</long>
			</metazone>
			<metazone type="Baku">
				<long>
					<standard>Giờ Baku</standard>
					<daylight>Giờ Mùa Hè Baku</daylight>
				</long>
			</metazone>
			<metazone type="Bangladesh">
				<long>
					<standard>Giờ Bangladesh</standard>
					<daylight>Giờ Mùa Hè Bangladesh</daylight>
				</long>
			</metazone>
			<metazone type="Bering">
				<long>
					<generic>Giờ Bering</generic>
					<standard>Giờ Chuẩn Bering</standard>
					<daylight>Giờ Mùa Hè Bering</daylight>
				</long>
			</metazone>
			<metazone type="Bhutan">
				<long>
					<standard>Giờ Bhutan</standard>
				</long>
			</metazone>
			<metazone type="Bolivia">
				<long>
					<standard>Giờ Bolivia</standard>
				</long>
			</metazone>
			<metazone type="Borneo">
				<long>
					<standard>Giờ Borneo</standard>
					<daylight>Giờ Mùa Hè Borneo</daylight>
				</long>
			</metazone>
			<metazone type="Brasilia">
				<long>
					<standard>Giờ Brasilia</standard>
					<daylight>Giờ Mùa Hè Brasilia</daylight>
				</long>
			</metazone>
			<metazone type="Brunei">
				<long>
					<standard>Giờ Brunei Darussalam</standard>
				</long>
			</metazone>
			<metazone type="Cape_Verde">
				<long>
					<standard>Giờ Cape Verde</standard>
					<daylight>Giờ Mùa Hè Cape Verde</daylight>
				</long>
			</metazone>
			<metazone type="Chamorro">
				<long>
					<generic>Giờ Chamorro</generic>
					<standard>Giờ Chuẩn Chamorro</standard>
				</long>
				<short>
					<generic>ChT</generic>
				</short>
			</metazone>
			<metazone type="Changbai">
				<long>
					<standard>Giờ Changbai</standard>
				</long>
			</metazone>
			<metazone type="Chatham">
				<long>
					<standard>Giờ Chuẩn Chatham</standard>
					<daylight>Giờ Mùa Hè Chatham</daylight>
				</long>
			</metazone>
			<metazone type="Chile">
				<long>
					<standard>Giờ Chile</standard>
					<daylight>Giờ Mùa Hè Chile</daylight>
				</long>
			</metazone>
			<metazone type="China">
				<long>
					<generic>Giờ Trung Quốc</generic>
					<standard>Giờ Chuẩn Trung Quốc</standard>
					<daylight>Giờ Mùa Hè Trung Quốc</daylight>
				</long>
				<short>
					<generic>CT (TQ)</generic>
					<standard>CST (TQ)</standard>
					<daylight>CDT (TQ)</daylight>
				</short>
			</metazone>
			<metazone type="Choibalsan">
				<long>
					<standard>Giờ Choibalsan</standard>
					<daylight>Giờ Mùa Hè Choibalsan</daylight>
				</long>
			</metazone>
			<metazone type="Christmas">
				<long>
					<standard>Giờ Đảo Christmas</standard>
				</long>
			</metazone>
			<metazone type="Cocos">
				<long>
					<standard>Giờ Quần Đảo Cocos</standard>
				</long>
			</metazone>
			<metazone type="Colombia">
				<long>
					<standard>Giờ Colombia</standard>
					<daylight>Giờ Mùa Hè Colombia</daylight>
				</long>
			</metazone>
			<metazone type="Cook">
				<long>
					<standard>Giờ Quần Đảo Cook</standard>
					<daylight>Giờ Nửa Mùa Hè Quần Đảo Cook</daylight>
				</long>
			</metazone>
			<metazone type="Cuba">
				<long>
					<generic>Giờ Cuba</generic>
					<standard>Giờ Chuẩn Cuba</standard>
					<daylight>Giờ Mùa Hè Cuba</daylight>
				</long>
			</metazone>
			<metazone type="Dacca">
				<long>
					<standard>Giờ Dacca</standard>
				</long>
			</metazone>
			<metazone type="Davis">
				<long>
					<standard>Giờ Davis</standard>
				</long>
			</metazone>
			<metazone type="DumontDUrville">
				<long>
					<standard>Giờ Dumont-d'Urville</standard>
				</long>
			</metazone>
			<metazone type="Dushanbe">
				<long>
					<standard>Giờ Dushanbe</standard>
					<daylight>Giờ Mùa Hè Dushanbe</daylight>
				</long>
			</metazone>
			<metazone type="Dutch_Guiana">
				<long>
					<standard>Giờ Guiana thuộc Hà Lan</standard>
				</long>
			</metazone>
			<metazone type="East_Timor">
				<long>
					<standard>Giờ Đông Timor</standard>
				</long>
			</metazone>
			<metazone type="Easter">
				<long>
					<standard>Giờ Đảo Phục Sinh</standard>
					<daylight>Giờ Mùa Hè Đảo Phục Sinh</daylight>
				</long>
			</metazone>
			<metazone type="Ecuador">
				<long>
					<standard>Giờ Ecuador</standard>
				</long>
			</metazone>
			<metazone type="Europe_Central">
				<long>
					<standard>Giờ Trung Âu</standard>
					<daylight>Giờ Mùa Hè Trung Âu</daylight>
				</long>
			</metazone>
			<metazone type="Europe_Eastern">
				<long>
					<standard>Giờ Đông Âu</standard>
					<daylight>Giờ Mùa Hè Đông Âu</daylight>
				</long>
			</metazone>
			<metazone type="Europe_Western">
				<long>
					<standard>Giờ Tây Âu</standard>
					<daylight>Giờ Mùa Hè Tây Âu</daylight>
				</long>
			</metazone>
			<metazone type="Falkland">
				<long>
					<standard>Giờ Quần Đảo Falkland</standard>
					<daylight>Giờ Mùa Hè Quần Đảo Falkland</daylight>
				</long>
			</metazone>
			<metazone type="Fiji">
				<long>
					<standard>Giờ Fiji</standard>
					<daylight>Giờ Mùa Hè Fiji</daylight>
				</long>
			</metazone>
			<metazone type="French_Guiana">
				<long>
					<standard>Giờ Guiana thuộc Pháp</standard>
				</long>
			</metazone>
			<metazone type="French_Southern">
				<long>
					<standard>Giờ Nam Cực và Nam Nước Pháp</standard>
				</long>
			</metazone>
			<metazone type="Frunze">
				<long>
					<standard>Giờ Frunze</standard>
					<daylight>Giờ Mùa Hè Frunze</daylight>
				</long>
			</metazone>
			<metazone type="Galapagos">
				<long>
					<standard>Giờ Galapagos</standard>
				</long>
			</metazone>
			<metazone type="Gambier">
				<long>
					<standard>Giờ Gambier</standard>
				</long>
			</metazone>
			<metazone type="Georgia">
				<long>
					<standard>Giờ Georgia</standard>
					<daylight>Giờ Mùa Hè Georgia</daylight>
				</long>
			</metazone>
			<metazone type="Gilbert_Islands">
				<long>
					<standard>Giờ Quần Đảo Gilbert</standard>
				</long>
			</metazone>
			<metazone type="GMT">
				<long>
					<standard>Giờ Trung Bình Greenwich</standard>
				</long>
				<commonlyUsed>true</commonlyUsed>
			</metazone>
			<metazone type="Greenland_Central">
				<long>
					<standard>Giờ Miền Trung Greenland</standard>
					<daylight>Giờ Mùa Hè Miền Trung Greenland</daylight>
				</long>
			</metazone>
			<metazone type="Greenland_Eastern">
				<long>
					<standard>Giờ Miền Đông Greenland</standard>
					<daylight>Giờ Mùa Hè Miền Đông Greenland</daylight>
				</long>
			</metazone>
			<metazone type="Greenland_Western">
				<long>
					<standard>Giờ Miền Tây Greenland</standard>
					<daylight>Giờ Mùa Hè Miền Tây Greenland</daylight>
				</long>
			</metazone>
			<metazone type="Guam">
				<long>
					<standard>Giờ Chuẩn Guam</standard>
				</long>
				<short>
					<standard>GST (Guam)</standard>
				</short>
			</metazone>
			<metazone type="Gulf">
				<long>
					<generic>Giờ Vùng Vịnh</generic>
					<standard>Giờ Chuẩn Vùng Vịnh</standard>
				</long>
			</metazone>
			<metazone type="Guyana">
				<long>
					<standard>Giờ Guyana</standard>
				</long>
			</metazone>
			<metazone type="Hawaii_Aleutian">
				<long>
					<standard>Giờ Chuẩn Hawaii-Aleutian</standard>
				</long>
				<commonlyUsed>true</commonlyUsed>
			</metazone>
			<metazone type="Hong_Kong">
				<long>
					<standard>Giờ Hồng Kông</standard>
					<daylight>Giờ Mùa Hè Hồng Kông</daylight>
				</long>
			</metazone>
			<metazone type="Hovd">
				<long>
					<standard>Giờ Hovd</standard>
					<daylight>Giờ Mùa Hè Hovd</daylight>
				</long>
			</metazone>
			<metazone type="India">
				<long>
					<standard>Giờ Chuẩn Ấn Độ</standard>
				</long>
			</metazone>
			<metazone type="Indian_Ocean">
				<long>
					<standard>Giờ Ấn Độ Dương</standard>
				</long>
			</metazone>
			<metazone type="Indochina">
				<long>
					<standard>Giờ Đông Dương</standard>
				</long>
			</metazone>
			<metazone type="Indonesia_Central">
				<long>
					<standard>Giờ Miền Trung Đông Dương</standard>
				</long>
			</metazone>
			<metazone type="Indonesia_Eastern">
				<long>
					<standard>Giờ Miền Đông Đông Dương</standard>
				</long>
			</metazone>
			<metazone type="Indonesia_Western">
				<long>
					<standard>Giờ Miền Tây Đông Dương</standard>
				</long>
			</metazone>
			<metazone type="Iran">
				<long>
					<standard>Giờ Chuẩn Iran</standard>
					<daylight>Giờ Mùa Hè Iran</daylight>
				</long>
			</metazone>
			<metazone type="Irkutsk">
				<long>
					<standard>Giờ Irkutsk</standard>
					<daylight>Giờ Mùa Hè Irkutsk</daylight>
				</long>
			</metazone>
			<metazone type="Israel">
				<long>
					<generic>Giờ Israel</generic>
					<standard>Giờ Chuẩn Israel</standard>
					<daylight>Giờ Mùa Hè Israel</daylight>
				</long>
				<short>
					<standard>IST (Israel)</standard>
				</short>
			</metazone>
			<metazone type="Japan">
				<long>
					<generic>Giờ Nhật Bản</generic>
					<standard>Giờ Chuẩn Nhật Bản</standard>
					<daylight>Giờ Mùa Hè Nhật Bản</daylight>
				</long>
			</metazone>
			<metazone type="Kamchatka">
				<long>
					<standard>Giờ Petropavlovsk-Kamchatski</standard>
					<daylight>Giờ Mùa Hè Petropavlovsk-Kamchatski</daylight>
				</long>
			</metazone>
			<metazone type="Karachi">
				<long>
					<standard>Giờ Karachi</standard>
				</long>
			</metazone>
			<metazone type="Kashgar">
				<long>
					<standard>Giờ Kashgar</standard>
				</long>
			</metazone>
			<metazone type="Kazakhstan_Eastern">
				<long>
					<generic>Giờ Miền Đông Kazakhstan</generic>
					<standard>Giờ Chuẩn Miền Đông Kazakhstan</standard>
				</long>
			</metazone>
			<metazone type="Kazakhstan_Western">
				<long>
					<generic>Giờ Miền Tây Kazakhstan</generic>
					<standard>Giờ Chuẩn Miền Tây Kazakhstan</standard>
				</long>
			</metazone>
			<metazone type="Kizilorda">
				<long>
					<standard>Giờ Kizilorda</standard>
					<daylight>Giờ Mùa Hè Kizilorda</daylight>
				</long>
			</metazone>
			<metazone type="Korea">
				<long>
					<generic>Giờ Hàn Quốc</generic>
					<standard>Giờ Chuẩn Hàn Quốc</standard>
					<daylight>Giờ Mùa Hè Hàn Quốc</daylight>
				</long>
			</metazone>
			<metazone type="Kosrae">
				<long>
					<standard>Giờ Kosrae</standard>
				</long>
			</metazone>
			<metazone type="Krasnoyarsk">
				<long>
					<standard>Giờ Krasnoyarsk</standard>
					<daylight>Giờ Mùa Hè Krasnoyarsk</daylight>
				</long>
			</metazone>
			<metazone type="Kuybyshev">
				<long>
					<standard>Giờ Kuybyshev</standard>
					<daylight>Giờ Mùa Hè Kuybyshev</daylight>
				</long>
			</metazone>
			<metazone type="Kwajalein">
				<long>
					<standard>Giờ Kwajalein</standard>
				</long>
			</metazone>
			<metazone type="Kyrgystan">
				<long>
					<standard>Giờ Kyrgystan</standard>
				</long>
			</metazone>
			<metazone type="Lanka">
				<long>
					<standard>Giờ Lanka</standard>
				</long>
			</metazone>
			<metazone type="Line_Islands">
				<long>
					<standard>Giờ Quần Đảo Line</standard>
				</long>
			</metazone>
			<metazone type="Long_Shu">
				<long>
					<standard>Giờ Long-Shu</standard>
				</long>
			</metazone>
			<metazone type="Lord_Howe">
				<long>
					<generic>Giờ Lord Howe</generic>
					<standard>Giờ Chuẩn Lord Howe</standard>
					<daylight>Giờ Mùa Hè Lord Howe</daylight>
				</long>
			</metazone>
			<metazone type="Macau">
				<long>
					<standard>Giờ Ma Cao</standard>
					<daylight>Giờ Mùa Hè Ma Cao</daylight>
				</long>
			</metazone>
			<metazone type="Magadan">
				<long>
					<standard>Giờ Magadan</standard>
					<daylight>Giờ Mùa Hè Magadan</daylight>
				</long>
			</metazone>
			<metazone type="Malaya">
				<long>
					<standard>Giờ Malaya</standard>
				</long>
			</metazone>
			<metazone type="Malaysia">
				<long>
					<standard>Giờ Malaysia</standard>
				</long>
			</metazone>
			<metazone type="Maldives">
				<long>
					<standard>Giờ Maldives</standard>
				</long>
			</metazone>
			<metazone type="Marquesas">
				<long>
					<standard>Giờ Marquesas</standard>
				</long>
			</metazone>
			<metazone type="Marshall_Islands">
				<long>
					<standard>Giờ Quần Đảo Marshall</standard>
				</long>
			</metazone>
			<metazone type="Mauritius">
				<long>
					<standard>Giờ Mauritius</standard>
					<daylight>Giờ Mùa Hè Mauritius</daylight>
				</long>
			</metazone>
			<metazone type="Mawson">
				<long>
					<standard>Giờ Mawson</standard>
				</long>
			</metazone>
			<metazone type="Mongolia">
				<long>
					<standard>Giờ Ulan Bator</standard>
					<daylight>Giờ Mùa Hè Ulan Bator</daylight>
				</long>
			</metazone>
			<metazone type="Moscow">
				<long>
					<generic>Giờ Matxcơva</generic>
					<standard>Giờ Chuẩn Matxcơva</standard>
					<daylight>Giờ Mùa Hè Matxcơva</daylight>
				</long>
			</metazone>
			<metazone type="Myanmar">
				<long>
					<standard>Giờ Myanmar</standard>
				</long>
			</metazone>
			<metazone type="Nauru">
				<long>
					<standard>Giờ Nauru</standard>
				</long>
			</metazone>
			<metazone type="Nepal">
				<long>
					<standard>Giờ Nepan</standard>
				</long>
			</metazone>
			<metazone type="New_Caledonia">
				<long>
					<standard>Giờ New Caledonia</standard>
					<daylight>Giờ Mùa Hè New Caledonia</daylight>
				</long>
			</metazone>
			<metazone type="New_Zealand">
				<long>
					<generic>Giờ New Zealand</generic>
					<standard>Giờ Chuẩn New Zealand</standard>
					<daylight>Giờ Mùa Hè New Zealand</daylight>
				</long>
			</metazone>
			<metazone type="Newfoundland">
				<long>
					<generic>Giờ Newfoundland</generic>
					<standard>Giờ Chuẩn Newfoundland</standard>
					<daylight>Giờ Mùa Hè Newfoundland</daylight>
				</long>
			</metazone>
			<metazone type="Niue">
				<long>
					<standard>Giờ Niue</standard>
				</long>
			</metazone>
			<metazone type="Norfolk">
				<long>
					<standard>Giờ Quần Đảo Norfolk</standard>
				</long>
			</metazone>
			<metazone type="Noronha">
				<long>
					<standard>Giờ Fernando de Noronha</standard>
					<daylight>Giờ Mùa Hè Fernando de Noronha</daylight>
				</long>
			</metazone>
			<metazone type="North_Mariana">
				<long>
					<standard>Giờ Quần Đảo Bắc Mariana</standard>
				</long>
			</metazone>
			<metazone type="Novosibirsk">
				<long>
					<standard>Giờ Novosibirsk</standard>
					<daylight>Giờ Mùa Hè Novosibirsk</daylight>
				</long>
			</metazone>
			<metazone type="Omsk">
				<long>
					<standard>Giờ Omsk</standard>
					<daylight>Giờ Mùa Hè Omsk</daylight>
				</long>
			</metazone>
			<metazone type="Pakistan">
				<long>
					<standard>Giờ Pakistan</standard>
					<daylight>Giờ Mùa Hè Pakistan</daylight>
				</long>
			</metazone>
			<metazone type="Palau">
				<long>
					<standard>Giờ Palau</standard>
				</long>
			</metazone>
			<metazone type="Papua_New_Guinea">
				<long>
					<standard>Giờ Papua New Guinea</standard>
				</long>
			</metazone>
			<metazone type="Paraguay">
				<long>
					<standard>Giờ Paraguay</standard>
					<daylight>Giờ Mùa Hè Paraguay</daylight>
				</long>
			</metazone>
			<metazone type="Peru">
				<long>
					<standard>Giờ Peru</standard>
					<daylight>Giờ Mùa Hè Peru</daylight>
				</long>
			</metazone>
			<metazone type="Philippines">
				<long>
					<standard>Giờ Philippin</standard>
					<daylight>Giờ Mùa Hè Philippin</daylight>
				</long>
			</metazone>
			<metazone type="Phoenix_Islands">
				<long>
					<standard>Giờ Quần Đảo Phoenix</standard>
				</long>
			</metazone>
			<metazone type="Pierre_Miquelon">
				<long>
					<generic>Giờ Pierre và Miquelon</generic>
					<standard>Giờ Pierre và Miquelon</standard>
					<daylight>Giờ Mùa Hè Pierre và Miquelon</daylight>
				</long>
			</metazone>
			<metazone type="Pitcairn">
				<long>
					<standard>Giờ Pitcairn</standard>
				</long>
			</metazone>
			<metazone type="Ponape">
				<long>
					<standard>Giờ Ponape</standard>
				</long>
			</metazone>
			<metazone type="Qyzylorda">
				<long>
					<standard>Giờ Qyzylorda</standard>
					<daylight>Giờ Mùa Hè Qyzylorda</daylight>
				</long>
			</metazone>
			<metazone type="Reunion">
				<long>
					<standard>Giờ Reunion</standard>
				</long>
			</metazone>
			<metazone type="Rothera">
				<long>
					<standard>Giờ Rothera</standard>
				</long>
			</metazone>
			<metazone type="Sakhalin">
				<long>
					<standard>Giờ Sakhalin</standard>
					<daylight>Giờ Mùa Hè Sakhalin</daylight>
				</long>
			</metazone>
			<metazone type="Samara">
				<long>
					<standard>Giờ Samara</standard>
					<daylight>Giờ Mùa Hè Samara</daylight>
				</long>
			</metazone>
			<metazone type="Samarkand">
				<long>
					<standard>Giờ Samarkand</standard>
					<daylight>Giờ Mùa Hè Samarkand</daylight>
				</long>
			</metazone>
			<metazone type="Samoa">
				<long>
					<standard>Giờ Chuẩn Samoa</standard>
				</long>
			</metazone>
			<metazone type="Seychelles">
				<long>
					<standard>Giờ Seychelles</standard>
				</long>
			</metazone>
			<metazone type="Shevchenko">
				<long>
					<standard>Giờ Shevchenko</standard>
					<daylight>Giờ Mùa Hè Shevchenko</daylight>
				</long>
			</metazone>
			<metazone type="Singapore">
				<long>
					<standard>Giờ Chuẩn Singapo</standard>
				</long>
			</metazone>
			<metazone type="Solomon">
				<long>
					<standard>Giờ Quần Đảo Solomon</standard>
				</long>
			</metazone>
			<metazone type="South_Georgia">
				<long>
					<standard>Giờ Nam Georgia</standard>
				</long>
			</metazone>
			<metazone type="Suriname">
				<long>
					<standard>Giờ Suriname</standard>
				</long>
			</metazone>
			<metazone type="Sverdlovsk">
				<long>
					<standard>Giờ Sverdlovsk</standard>
					<daylight>Giờ Mùa Hè Sverdlovsk</daylight>
				</long>
			</metazone>
			<metazone type="Syowa">
				<long>
					<standard>Giờ Syowa</standard>
				</long>
			</metazone>
			<metazone type="Tahiti">
				<long>
					<standard>Giờ Tahiti</standard>
				</long>
			</metazone>
			<metazone type="Taipei">
				<long>
					<generic>Giờ Đài Bắc</generic>
					<standard>Giờ Chuẩn Đài Bắc</standard>
					<daylight>Giờ Mùa Hè Đài Bắc</daylight>
				</long>
				<short>
					<generic>CT (Đài Bắc)</generic>
					<standard>CST (Đài Bắc)</standard>
					<daylight>CDT (Đài Bắc)</daylight>
				</short>
			</metazone>
			<metazone type="Tajikistan">
				<long>
					<standard>Giờ Tajikistan</standard>
				</long>
			</metazone>
			<metazone type="Tashkent">
				<long>
					<standard>Giờ Tashkent</standard>
					<daylight>Giờ Mùa Hè Tashkent</daylight>
				</long>
			</metazone>
			<metazone type="Tbilisi">
				<long>
					<standard>Giờ Tbilisi</standard>
					<daylight>Giờ Mùa Hè Tbilisi</daylight>
				</long>
			</metazone>
			<metazone type="Tokelau">
				<long>
					<standard>Giờ Tokelau</standard>
				</long>
			</metazone>
			<metazone type="Tonga">
				<long>
					<standard>Giờ Tonga</standard>
					<daylight>Giờ Mùa Hè Tonga</daylight>
				</long>
			</metazone>
			<metazone type="Truk">
				<long>
					<standard>Giờ Truk</standard>
				</long>
			</metazone>
			<metazone type="Turkey">
				<long>
					<standard>Giờ Thổ Nhĩ Kỳ</standard>
					<daylight>Giờ Mùa Hè Thổ Nhĩ Kỳ</daylight>
				</long>
			</metazone>
			<metazone type="Turkmenistan">
				<long>
					<standard>Giờ Turkmenistan</standard>
					<daylight>Giờ Mùa Hè Turkmenistan</daylight>
				</long>
			</metazone>
			<metazone type="Tuvalu">
				<long>
					<standard>Giờ Tuvalu</standard>
				</long>
			</metazone>
			<metazone type="Uralsk">
				<long>
					<standard>Giờ Ural'sk</standard>
					<daylight>Giờ Mùa Hè Ural'sk</daylight>
				</long>
			</metazone>
			<metazone type="Uruguay">
				<long>
					<standard>Giờ Uruguay</standard>
					<daylight>Giờ Mùa Hè Uruguay</daylight>
				</long>
			</metazone>
			<metazone type="Urumqi">
				<long>
					<standard>Giờ Urumqi</standard>
				</long>
			</metazone>
			<metazone type="Uzbekistan">
				<long>
					<standard>Giờ Uzbekistan</standard>
					<daylight>Giờ Mùa Hè Uzbekistan</daylight>
				</long>
			</metazone>
			<metazone type="Vanuatu">
				<long>
					<standard>Giờ Vanuatu</standard>
					<daylight>Giờ Mùa Hè Vanuatu</daylight>
				</long>
			</metazone>
			<metazone type="Venezuela">
				<long>
					<standard>Giờ Venezuela</standard>
				</long>
			</metazone>
			<metazone type="Vladivostok">
				<long>
					<standard>Giờ Vladivostok</standard>
					<daylight>Giờ Mùa Hè Vladivostok</daylight>
				</long>
			</metazone>
			<metazone type="Volgograd">
				<long>
					<standard>Giờ Volgograd</standard>
					<daylight>Giờ Mùa Hè Volgograd</daylight>
				</long>
			</metazone>
			<metazone type="Vostok">
				<long>
					<standard>Giờ Vostok</standard>
				</long>
			</metazone>
			<metazone type="Wake">
				<long>
					<standard>Giờ Đảo Wake</standard>
				</long>
			</metazone>
			<metazone type="Wallis">
				<long>
					<standard>Giờ Wallis và Futuna</standard>
				</long>
			</metazone>
			<metazone type="Yakutsk">
				<long>
					<standard>Giờ Yakutsk</standard>
					<daylight>Giờ Mùa Hè Yakutsk</daylight>
				</long>
			</metazone>
			<metazone type="Yekaterinburg">
				<long>
					<standard>Giờ Yekaterinburg</standard>
					<daylight>Giờ Mùa Hè Yekaterinburg</daylight>
				</long>
			</metazone>
			<metazone type="Yerevan">
				<long>
					<standard>Giờ Yerevan</standard>
					<daylight>Giờ Mùa Hè Yerevan</daylight>
				</long>
			</metazone>
			<metazone type="Yukon">
				<long>
					<generic>Giờ Yukon</generic>
					<standard>Giờ Chuẩn Yukon</standard>
					<daylight>Giờ Mùa Hè Yukon</daylight>
				</long>
			</metazone>
		</timeZoneNames>
	</dates>
	<numbers>
		<symbols>
			<decimal>,</decimal>
			<group>.</group>
			<list>;</list>
			<percentSign>%</percentSign>
			<nativeZeroDigit>0</nativeZeroDigit>
			<patternDigit>#</patternDigit>
			<plusSign>+</plusSign>
			<minusSign>-</minusSign>
			<exponential>E</exponential>
			<perMille>‰</perMille>
			<infinity>∞</infinity>
			<nan>NaN</nan>
		</symbols>
		<decimalFormats>
			<decimalFormatLength>
				<decimalFormat>
					<pattern>#,##0.###</pattern>
				</decimalFormat>
			</decimalFormatLength>
		</decimalFormats>
		<scientificFormats>
			<scientificFormatLength>
				<scientificFormat>
					<pattern>#E0</pattern>
				</scientificFormat>
			</scientificFormatLength>
		</scientificFormats>
		<percentFormats>
			<percentFormatLength>
				<percentFormat>
					<pattern>#,##0%</pattern>
				</percentFormat>
			</percentFormatLength>
		</percentFormats>
		<currencyFormats>
			<currencyFormatLength>
				<currencyFormat>
					<pattern>#,##0.00 ¤</pattern>
				</currencyFormat>
			</currencyFormatLength>
			<unitPattern count="other">{0} {1}</unitPattern>
		</currencyFormats>
		<currencies>
			<currency type="AED">
				<displayName>Điram UAE</displayName>
			</currency>
			<currency type="BGN">
				<displayName>Lép Bungari</displayName>
			</currency>
			<currency type="BRL">
				<displayName>BRL</displayName>
			</currency>
			<currency type="CHF">
				<displayName>Franc Thụy sĩ</displayName>
			</currency>
			<currency type="CNY">
				<displayName>CNY</displayName>
			</currency>
			<currency type="EEK">
				<displayName>Crun Extônia</displayName>
			</currency>
			<currency type="EUR">
				<displayName>Euro</displayName>
			</currency>
			<currency type="FJD">
				<displayName>Đô-la Fi-ji</displayName>
			</currency>
			<currency type="FRF">
				<displayName>Franc Pháp</displayName>
			</currency>
			<currency type="GBP">
				<displayName>Bảng Anh</displayName>
			</currency>
			<currency type="GEL">
				<displayName>Lari Georgia</displayName>
			</currency>
			<currency type="GHC">
				<displayName>Cedi Ghana (1979-2007)</displayName>
			</currency>
			<currency type="GHS">
				<displayName>Cedi Ghana</displayName>
			</currency>
			<currency type="GIP">
				<displayName>Pao Gibraltar</displayName>
			</currency>
			<currency type="GNF">
				<displayName>Franc Guinea</displayName>
			</currency>
			<currency type="GNS">
				<displayName>Syli Guinea</displayName>
			</currency>
			<currency type="GRD">
				<displayName>Drachma Hy Lạp</displayName>
			</currency>
			<currency type="GTQ">
				<displayName>Quetzal Guatemala</displayName>
			</currency>
			<currency type="GWP">
				<displayName>Peso Guinea-Bissau</displayName>
			</currency>
			<currency type="GYD">
				<displayName>Đô-la Guyana</displayName>
			</currency>
			<currency type="HKD">
				<displayName>Đô-la Hồng Kông</displayName>
			</currency>
			<currency type="HNL">
				<displayName>Honduras Lempira</displayName>
			</currency>
			<currency type="HTG">
				<displayName>Gourde Haiti</displayName>
			</currency>
			<currency type="HUF">
				<displayName>Phôrin Hungari</displayName>
			</currency>
			<currency type="IDR">
				<displayName>Rupia Inđônêxia</displayName>
			</currency>
			<currency type="IEP">
				<displayName>Pao Ai-len</displayName>
			</currency>
			<currency type="ILP">
				<displayName>Pao Ixraen</displayName>
			</currency>
			<currency type="ILS">
				<displayName>Sêken Ixraen</displayName>
			</currency>
			<currency type="INR">
				<displayName>Rupi Ấn Độ</displayName>
			</currency>
			<currency type="IQD">
				<displayName>Dinar I-rắc</displayName>
			</currency>
			<currency type="IRR">
				<displayName>Rial I-ran</displayName>
			</currency>
			<currency type="ITL">
				<displayName>Lia Ý</displayName>
			</currency>
			<currency type="JMD">
				<displayName>Đô la Jamaica</displayName>
			</currency>
			<currency type="JOD">
				<displayName>Dinar Jordan</displayName>
			</currency>
			<currency type="JPY">
				<displayName>Yên Nhật</displayName>
			</currency>
			<currency type="KES">
				<displayName>Si-ling Kê-ny-a</displayName>
			</currency>
			<currency type="KRW">
				<displayName>Won Hàn Quốc</displayName>
			</currency>
			<currency type="KZT">
				<displayName>Kazakhstan Tenge</displayName>
			</currency>
			<currency type="LTL">
				<displayName>Litat Lituani</displayName>
			</currency>
			<currency type="MAD">
				<displayName>Điaham Marốc</displayName>
			</currency>
			<currency type="MTL">
				<displayName>Lia xứ Man-tơ</displayName>
			</currency>
			<currency type="MXN">
				<displayName>Peso Mêhicô</displayName>
			</currency>
			<currency type="MYR">
				<displayName>Rinhgit Malaixia</displayName>
			</currency>
			<currency type="NOK">
				<displayName>Curon Na Uy</displayName>
			</currency>
			<currency type="NZD">
				<displayName>Đô-la New Zealand</displayName>
			</currency>
			<currency type="PEN">
				<displayName>Nuevo Sol Pêru</displayName>
			</currency>
			<currency type="PHP">
				<displayName>Peso Philíppin</displayName>
			</currency>
			<currency type="PKR">
				<displayName>Rupi Pakistan</displayName>
			</currency>
			<currency type="PLN">
				<displayName>Zloty Ba Lan</displayName>
			</currency>
			<currency type="RON">
				<displayName>Lây Rumani</displayName>
			</currency>
			<currency type="RSD">
				<displayName>Đina Xéc-bi</displayName>
			</currency>
			<currency type="RUB">
				<displayName>Rúp Nga</displayName>
			</currency>
			<currency type="SAR">
				<displayName>Rian Ả rập Xêút</displayName>
			</currency>
			<currency type="SEK">
				<displayName>Cua-ron Thuỵ Điển</displayName>
			</currency>
			<currency type="SGD">
				<displayName>Đô-la Singapore</displayName>
			</currency>
			<currency type="SIT">
				<displayName>Tôla Xlôvênia</displayName>
			</currency>
			<currency type="SKK">
				<displayName>Cuaron Xlôvác</displayName>
			</currency>
			<currency type="THB">
				<displayName>Bạt Thái Lan</displayName>
			</currency>
			<currency type="TRL">
				<displayName>Lia Thổ Nhĩ Kỳ</displayName>
			</currency>
			<currency type="TRY">
				<displayName>Lia Thổ Nhĩ Kỳ Mới</displayName>
			</currency>
			<currency type="TWD">
				<displayName>Đô-la Đài Loan</displayName>
			</currency>
			<currency type="UAH">
				<displayName>Rúp U-crai-na</displayName>
			</currency>
			<currency type="USD">
				<displayName>Đô-la Mỹ</displayName>
			</currency>
			<currency type="VEB">
				<displayName>Bôliva Vênêduêla</displayName>
			</currency>
			<currency type="VND">
				<displayName>đồng</displayName>
			</currency>
			<currency type="XAU">
				<displayName>Vàng</displayName>
			</currency>
			<currency type="XXX">
				<displayName>Tiền tệ chưa biết hoặc không hợp lệ</displayName>
			</currency>
			<currency type="ZAR">
				<displayName>Ran Nam Phi</displayName>
			</currency>
		</currencies>
	</numbers>
	<units>
		<unit type="day">
			<unitPattern count="other">{0} ngày</unitPattern>
			<unitPattern count="other" alt="short">{0} ngày</unitPattern>
		</unit>
		<unit type="hour">
			<unitPattern count="other">{0} giờ</unitPattern>
			<unitPattern count="other" alt="short">{0} g</unitPattern>
		</unit>
		<unit type="minute">
			<unitPattern count="other">{0} phút</unitPattern>
			<unitPattern count="other" alt="short">{0} ph</unitPattern>
		</unit>
		<unit type="month">
			<unitPattern count="other">{0} tháng</unitPattern>
			<unitPattern count="other" alt="short">{0} tháng</unitPattern>
		</unit>
		<unit type="second">
			<unitPattern count="other">{0} giây</unitPattern>
			<unitPattern count="other" alt="short">{0} s</unitPattern>
		</unit>
		<unit type="week">
			<unitPattern count="other">{0} tuần</unitPattern>
			<unitPattern count="other" alt="short">{0} tuần</unitPattern>
		</unit>
		<unit type="year">
			<unitPattern count="other">{0} năm</unitPattern>
			<unitPattern count="other" alt="short">{0} năm</unitPattern>
		</unit>
	</units>
	<listPatterns>
		<listPattern>
			<listPatternPart type="2">{0} và {1}</listPatternPart>
			<listPatternPart type="end">{0} và {1}</listPatternPart>
		</listPattern>
	</listPatterns>
	<posix>
		<messages>
			<yesstr>yes:y</yesstr>
			<nostr>no:n</nostr>
		</messages>
	</posix>
</ldml>

