<?xml version="1.0" encoding="UTF-8"?>
<package xmlns="http://pear.php.net/dtd/package-2.1" xmlns:tasks="http://pear.php.net/dtd/tasks-1.0" xmlns:xsi="http://www.w3.org/2001/XMLSchema-instance" version="2.1" xsi:schemaLocation="http://pear.php.net/dtd/tasks-1.0     http://pear.php.net/dtd/tasks-1.0.xsd     http://pear.php.net/dtd/package-2.1     http://pear.php.net/dtd/package-2.1.xsd" packagerversion="2.0.0">
 <name>ZendService_Amazon</name>
 <channel>packages.zendframework.com</channel>
 <summary>Package ZendService_Amazon summary.\n\n&quot; . &quot;Package detailed description here (found in README)</summary>
 <description/>
 <lead>
  <name>Your Name</name>
  <user>handle</user>
  <email>handle@php.net</email>
  <active>yes</active>
 </lead>
 <date>2012-08-09</date>
 <time>11:54:03</time>
 <version>
  <release>2.0.0rc3</release>
  <api>2.0.0rc3</api>
 </version>
 <stability>
  <release>stable</release>
  <api>stable</api>
 </stability>
 <license uri="http://www.opensource.org/licenses/bsd-license.php">New BSD License</license>
 <notes>Package  ZendService_Amazon release notes for version 0.1.0.

Package ZendService_Amazon API release notes for version 0.1.0.</notes>
 <contents>
  <dir name="/">
   <file role="php" name="php/ZendService/Amazon/Sqs/Sqs.php"/>
   <file role="php" name="php/ZendService/Amazon/Sqs/Exception/RuntimeException.php"/>
   <file role="php" name="php/ZendService/Amazon/Sqs/Exception/InvalidArgumentException.php"/>
   <file role="php" name="php/ZendService/Amazon/Sqs/Exception/ExceptionInterface.php"/>
   <file role="php" name="php/ZendService/Amazon/SimpleDb/SimpleDb.php"/>
   <file role="php" name="php/ZendService/Amazon/SimpleDb/Response.php"/>
   <file role="php" name="php/ZendService/Amazon/SimpleDb/Page.php"/>
   <file role="php" name="php/ZendService/Amazon/SimpleDb/Exception/RuntimeException.php"/>
   <file role="php" name="php/ZendService/Amazon/SimpleDb/Exception/InvalidArgumentException.php"/>
   <file role="php" name="php/ZendService/Amazon/SimpleDb/Exception/ExceptionInterface.php"/>
   <file role="php" name="php/ZendService/Amazon/SimpleDb/Attribute.php"/>
   <file role="php" name="php/ZendService/Amazon/SimilarProduct.php"/>
   <file role="php" name="php/ZendService/Amazon/S3/Stream.php"/>
   <file role="php" name="php/ZendService/Amazon/S3/S3.php"/>
   <file role="php" name="php/ZendService/Amazon/S3/Exception/RuntimeException.php"/>
   <file role="php" name="php/ZendService/Amazon/S3/Exception/InvalidArgumentException.php"/>
   <file role="php" name="php/ZendService/Amazon/S3/Exception/ExceptionInterface.php"/>
   <file role="php" name="php/ZendService/Amazon/ResultSet.php"/>
   <file role="php" name="php/ZendService/Amazon/Query.php"/>
   <file role="php" name="php/ZendService/Amazon/OfferSet.php"/>
   <file role="php" name="php/ZendService/Amazon/Offer.php"/>
   <file role="php" name="php/ZendService/Amazon/ListmaniaList.php"/>
   <file role="php" name="php/ZendService/Amazon/Item.php"/>
   <file role="php" name="php/ZendService/Amazon/Image.php"/>
   <file role="php" name="php/ZendService/Amazon/Exception/RuntimeException.php"/>
   <file role="php" name="php/ZendService/Amazon/Exception/OutOfBoundsException.php"/>
   <file role="php" name="php/ZendService/Amazon/Exception/InvalidArgumentException.php"/>
   <file role="php" name="php/ZendService/Amazon/Exception/ExceptionInterface.php"/>
   <file role="php" name="php/ZendService/Amazon/EditorialReview.php"/>
   <file role="php" name="php/ZendService/Amazon/Ec2/WindowsInstance.php"/>
   <file role="php" name="php/ZendService/Amazon/Ec2/SecurityGroups.php"/>
   <file role="php" name="php/ZendService/Amazon/Ec2/Response.php"/>
   <file role="php" name="php/ZendService/Amazon/Ec2/ReservedInstance.php"/>
   <file role="php" name="php/ZendService/Amazon/Ec2/Region.php"/>
   <file role="php" name="php/ZendService/Amazon/Ec2/Keypair.php"/>
   <file role="php" name="php/ZendService/Amazon/Ec2/Instance.php"/>
   <file role="php" name="php/ZendService/Amazon/Ec2/Image.php"/>
   <file role="php" name="php/ZendService/Amazon/Ec2/Exception/RuntimeException.php"/>
   <file role="php" name="php/ZendService/Amazon/Ec2/Exception/InvalidArgumentException.php"/>
   <file role="php" name="php/ZendService/Amazon/Ec2/Exception/ExceptionInterface.php"/>
   <file role="php" name="php/ZendService/Amazon/Ec2/ElasticIp.php"/>
   <file role="php" name="php/ZendService/Amazon/Ec2/Ec2.php"/>
   <file role="php" name="php/ZendService/Amazon/Ec2/Ebs.php"/>
   <file role="php" name="php/ZendService/Amazon/Ec2/CloudWatch.php"/>
   <file role="php" name="php/ZendService/Amazon/Ec2/AvailabilityZones.php"/>
   <file role="php" name="php/ZendService/Amazon/Ec2/AbstractEc2.php"/>
   <file role="php" name="php/ZendService/Amazon/CustomerReview.php"/>
   <file role="php" name="php/ZendService/Amazon/Authentication/V2.php"/>
   <file role="php" name="php/ZendService/Amazon/Authentication/V1.php"/>
   <file role="php" name="php/ZendService/Amazon/Authentication/S3.php"/>
   <file role="php" name="php/ZendService/Amazon/Authentication/Exception/RuntimeException.php"/>
   <file role="php" name="php/ZendService/Amazon/Authentication/Exception/InvalidArgumentException.php"/>
   <file role="php" name="php/ZendService/Amazon/Authentication/Exception/ExceptionInterface.php"/>
   <file role="php" name="php/ZendService/Amazon/Authentication/AbstractAuthentication.php"/>
   <file role="php" name="php/ZendService/Amazon/Amazon.php"/>
   <file role="php" name="php/ZendService/Amazon/Accessories.php"/>
   <file role="php" name="php/ZendService/Amazon/AbstractAmazon.php"/>
  </dir>
 </contents>
 <dependencies>
  <required>
   <php>
    <min>5.2.0</min>
   </php>
   <pearinstaller>
    <min>2.0.0a1</min>
   </pearinstaller>
   <package>
    <name>Zend_Http</name>
    <channel>packages.zendframework.com</channel>
   </package>
   <package>
    <name>Zendrest</name>
    <channel>packages.zendframework.com</channel>
   </package>
   <package>
    <name>Zend_Crypt</name>
    <channel>packages.zendframework.com</channel>
   </package>
  </required>
  <optional>
   <package>
    <name>Zend_Uri</name>
    <channel>packages.zendframework.com</channel>
   </package>
  </optional>
 </dependencies>
 <phprelease/>
</package>
