<?xml version="1.0" encoding="UTF-8"?>
<package xmlns="http://pear.php.net/dtd/package-2.1" xmlns:tasks="http://pear.php.net/dtd/tasks-1.0" xmlns:xsi="http://www.w3.org/2001/XMLSchema-instance" version="2.1" xsi:schemaLocation="http://pear.php.net/dtd/tasks-1.0     http://pear.php.net/dtd/tasks-1.0.xsd     http://pear.php.net/dtd/package-2.1     http://pear.php.net/dtd/package-2.1.xsd" packagerversion="2.0.0">
 <name>ZendGData</name>
 <channel>packages.zendframework.com</channel>
 <summary>Package ZendGData summary.\n\n&quot; . &quot;Package detailed description here (found in README)</summary>
 <description/>
 <lead>
  <name>Your Name</name>
  <user>handle</user>
  <email>handle@php.net</email>
  <active>yes</active>
 </lead>
 <date>2012-08-02</date>
 <time>15:39:48</time>
 <version>
  <release>2.0.0rc2</release>
  <api>2.0.0rc2</api>
 </version>
 <stability>
  <release>stable</release>
  <api>stable</api>
 </stability>
 <license uri="http://www.opensource.org/licenses/bsd-license.php">New BSD License</license>
 <notes>Package  ZendGData release notes for version 0.1.0.

Package ZendGData API release notes for version 0.1.0.</notes>
 <contents>
  <dir name="/">
   <file role="php" name="php/ZendGData/YouTube/VideoQuery.php"/>
   <file role="php" name="php/ZendGData/YouTube/VideoFeed.php"/>
   <file role="php" name="php/ZendGData/YouTube/VideoEntry.php"/>
   <file role="php" name="php/ZendGData/YouTube/UserProfileEntry.php"/>
   <file role="php" name="php/ZendGData/YouTube/SubscriptionFeed.php"/>
   <file role="php" name="php/ZendGData/YouTube/SubscriptionEntry.php"/>
   <file role="php" name="php/ZendGData/YouTube/PlaylistVideoFeed.php"/>
   <file role="php" name="php/ZendGData/YouTube/PlaylistVideoEntry.php"/>
   <file role="php" name="php/ZendGData/YouTube/PlaylistListFeed.php"/>
   <file role="php" name="php/ZendGData/YouTube/PlaylistListEntry.php"/>
   <file role="php" name="php/ZendGData/YouTube/MediaEntry.php"/>
   <file role="php" name="php/ZendGData/YouTube/InboxFeed.php"/>
   <file role="php" name="php/ZendGData/YouTube/InboxEntry.php"/>
   <file role="php" name="php/ZendGData/YouTube/Extension/VideoId.php"/>
   <file role="php" name="php/ZendGData/YouTube/Extension/Username.php"/>
   <file role="php" name="php/ZendGData/YouTube/Extension/Uploaded.php"/>
   <file role="php" name="php/ZendGData/YouTube/Extension/Token.php"/>
   <file role="php" name="php/ZendGData/YouTube/Extension/Status.php"/>
   <file role="php" name="php/ZendGData/YouTube/Extension/Statistics.php"/>
   <file role="php" name="php/ZendGData/YouTube/Extension/State.php"/>
   <file role="php" name="php/ZendGData/YouTube/Extension/School.php"/>
   <file role="php" name="php/ZendGData/YouTube/Extension/ReleaseDate.php"/>
   <file role="php" name="php/ZendGData/YouTube/Extension/Relationship.php"/>
   <file role="php" name="php/ZendGData/YouTube/Extension/Recorded.php"/>
   <file role="php" name="php/ZendGData/YouTube/Extension/QueryString.php"/>
   <file role="php" name="php/ZendGData/YouTube/Extension/PrivateExtension.php"/>
   <file role="php" name="php/ZendGData/YouTube/Extension/Position.php"/>
   <file role="php" name="php/ZendGData/YouTube/Extension/PlaylistTitle.php"/>
   <file role="php" name="php/ZendGData/YouTube/Extension/PlaylistId.php"/>
   <file role="php" name="php/ZendGData/YouTube/Extension/Occupation.php"/>
   <file role="php" name="php/ZendGData/YouTube/Extension/NoEmbed.php"/>
   <file role="php" name="php/ZendGData/YouTube/Extension/Music.php"/>
   <file role="php" name="php/ZendGData/YouTube/Extension/Movies.php"/>
   <file role="php" name="php/ZendGData/YouTube/Extension/MediaRating.php"/>
   <file role="php" name="php/ZendGData/YouTube/Extension/MediaGroup.php"/>
   <file role="php" name="php/ZendGData/YouTube/Extension/MediaCredit.php"/>
   <file role="php" name="php/ZendGData/YouTube/Extension/MediaContent.php"/>
   <file role="php" name="php/ZendGData/YouTube/Extension/Location.php"/>
   <file role="php" name="php/ZendGData/YouTube/Extension/Link.php"/>
   <file role="php" name="php/ZendGData/YouTube/Extension/LastName.php"/>
   <file role="php" name="php/ZendGData/YouTube/Extension/Hometown.php"/>
   <file role="php" name="php/ZendGData/YouTube/Extension/Hobbies.php"/>
   <file role="php" name="php/ZendGData/YouTube/Extension/Gender.php"/>
   <file role="php" name="php/ZendGData/YouTube/Extension/FirstName.php"/>
   <file role="php" name="php/ZendGData/YouTube/Extension/Duration.php"/>
   <file role="php" name="php/ZendGData/YouTube/Extension/CountHint.php"/>
   <file role="php" name="php/ZendGData/YouTube/Extension/Control.php"/>
   <file role="php" name="php/ZendGData/YouTube/Extension/Company.php"/>
   <file role="php" name="php/ZendGData/YouTube/Extension/Books.php"/>
   <file role="php" name="php/ZendGData/YouTube/Extension/Age.php"/>
   <file role="php" name="php/ZendGData/YouTube/Extension/AboutMe.php"/>
   <file role="php" name="php/ZendGData/YouTube/ContactFeed.php"/>
   <file role="php" name="php/ZendGData/YouTube/ContactEntry.php"/>
   <file role="php" name="php/ZendGData/YouTube/CommentFeed.php"/>
   <file role="php" name="php/ZendGData/YouTube/CommentEntry.php"/>
   <file role="php" name="php/ZendGData/YouTube/ActivityFeed.php"/>
   <file role="php" name="php/ZendGData/YouTube/ActivityEntry.php"/>
   <file role="php" name="php/ZendGData/YouTube.php"/>
   <file role="php" name="php/ZendGData/Spreadsheets/WorksheetFeed.php"/>
   <file role="php" name="php/ZendGData/Spreadsheets/WorksheetEntry.php"/>
   <file role="php" name="php/ZendGData/Spreadsheets/SpreadsheetFeed.php"/>
   <file role="php" name="php/ZendGData/Spreadsheets/SpreadsheetEntry.php"/>
   <file role="php" name="php/ZendGData/Spreadsheets/ListQuery.php"/>
   <file role="php" name="php/ZendGData/Spreadsheets/ListFeed.php"/>
   <file role="php" name="php/ZendGData/Spreadsheets/ListEntry.php"/>
   <file role="php" name="php/ZendGData/Spreadsheets/Extension/RowCount.php"/>
   <file role="php" name="php/ZendGData/Spreadsheets/Extension/Custom.php"/>
   <file role="php" name="php/ZendGData/Spreadsheets/Extension/ColCount.php"/>
   <file role="php" name="php/ZendGData/Spreadsheets/Extension/Cell.php"/>
   <file role="php" name="php/ZendGData/Spreadsheets/DocumentQuery.php"/>
   <file role="php" name="php/ZendGData/Spreadsheets/CellQuery.php"/>
   <file role="php" name="php/ZendGData/Spreadsheets/CellFeed.php"/>
   <file role="php" name="php/ZendGData/Spreadsheets/CellEntry.php"/>
   <file role="php" name="php/ZendGData/Spreadsheets.php"/>
   <file role="php" name="php/ZendGData/Query.php"/>
   <file role="php" name="php/ZendGData/Photos/UserQuery.php"/>
   <file role="php" name="php/ZendGData/Photos/UserFeed.php"/>
   <file role="php" name="php/ZendGData/Photos/UserEntry.php"/>
   <file role="php" name="php/ZendGData/Photos/TagEntry.php"/>
   <file role="php" name="php/ZendGData/Photos/PhotoQuery.php"/>
   <file role="php" name="php/ZendGData/Photos/PhotoFeed.php"/>
   <file role="php" name="php/ZendGData/Photos/PhotoEntry.php"/>
   <file role="php" name="php/ZendGData/Photos/Extension/Width.php"/>
   <file role="php" name="php/ZendGData/Photos/Extension/Weight.php"/>
   <file role="php" name="php/ZendGData/Photos/Extension/Version.php"/>
   <file role="php" name="php/ZendGData/Photos/Extension/User.php"/>
   <file role="php" name="php/ZendGData/Photos/Extension/Timestamp.php"/>
   <file role="php" name="php/ZendGData/Photos/Extension/Thumbnail.php"/>
   <file role="php" name="php/ZendGData/Photos/Extension/Size.php"/>
   <file role="php" name="php/ZendGData/Photos/Extension/Rotation.php"/>
   <file role="php" name="php/ZendGData/Photos/Extension/QuotaLimit.php"/>
   <file role="php" name="php/ZendGData/Photos/Extension/QuotaCurrent.php"/>
   <file role="php" name="php/ZendGData/Photos/Extension/Position.php"/>
   <file role="php" name="php/ZendGData/Photos/Extension/PhotoId.php"/>
   <file role="php" name="php/ZendGData/Photos/Extension/NumPhotosRemaining.php"/>
   <file role="php" name="php/ZendGData/Photos/Extension/NumPhotos.php"/>
   <file role="php" name="php/ZendGData/Photos/Extension/Nickname.php"/>
   <file role="php" name="php/ZendGData/Photos/Extension/Name.php"/>
   <file role="php" name="php/ZendGData/Photos/Extension/MaxPhotosPerAlbum.php"/>
   <file role="php" name="php/ZendGData/Photos/Extension/Location.php"/>
   <file role="php" name="php/ZendGData/Photos/Extension/Id.php"/>
   <file role="php" name="php/ZendGData/Photos/Extension/Height.php"/>
   <file role="php" name="php/ZendGData/Photos/Extension/CommentingEnabled.php"/>
   <file role="php" name="php/ZendGData/Photos/Extension/CommentCount.php"/>
   <file role="php" name="php/ZendGData/Photos/Extension/Client.php"/>
   <file role="php" name="php/ZendGData/Photos/Extension/Checksum.php"/>
   <file role="php" name="php/ZendGData/Photos/Extension/BytesUsed.php"/>
   <file role="php" name="php/ZendGData/Photos/Extension/AlbumId.php"/>
   <file role="php" name="php/ZendGData/Photos/Extension/Access.php"/>
   <file role="php" name="php/ZendGData/Photos/CommentEntry.php"/>
   <file role="php" name="php/ZendGData/Photos/AlbumQuery.php"/>
   <file role="php" name="php/ZendGData/Photos/AlbumFeed.php"/>
   <file role="php" name="php/ZendGData/Photos/AlbumEntry.php"/>
   <file role="php" name="php/ZendGData/Photos.php"/>
   <file role="php" name="php/ZendGData/MimeFile.php"/>
   <file role="php" name="php/ZendGData/MimeBodyString.php"/>
   <file role="php" name="php/ZendGData/MediaMimeStream.php"/>
   <file role="php" name="php/ZendGData/Media/Feed.php"/>
   <file role="php" name="php/ZendGData/Media/Extension/MediaTitle.php"/>
   <file role="php" name="php/ZendGData/Media/Extension/MediaThumbnail.php"/>
   <file role="php" name="php/ZendGData/Media/Extension/MediaText.php"/>
   <file role="php" name="php/ZendGData/Media/Extension/MediaRestriction.php"/>
   <file role="php" name="php/ZendGData/Media/Extension/MediaRating.php"/>
   <file role="php" name="php/ZendGData/Media/Extension/MediaPlayer.php"/>
   <file role="php" name="php/ZendGData/Media/Extension/MediaKeywords.php"/>
   <file role="php" name="php/ZendGData/Media/Extension/MediaHash.php"/>
   <file role="php" name="php/ZendGData/Media/Extension/MediaGroup.php"/>
   <file role="php" name="php/ZendGData/Media/Extension/MediaDescription.php"/>
   <file role="php" name="php/ZendGData/Media/Extension/MediaCredit.php"/>
   <file role="php" name="php/ZendGData/Media/Extension/MediaCopyright.php"/>
   <file role="php" name="php/ZendGData/Media/Extension/MediaContent.php"/>
   <file role="php" name="php/ZendGData/Media/Extension/MediaCategory.php"/>
   <file role="php" name="php/ZendGData/Media/Entry.php"/>
   <file role="php" name="php/ZendGData/Media.php"/>
   <file role="php" name="php/ZendGData/Kind/EventEntry.php"/>
   <file role="php" name="php/ZendGData/HttpClient.php"/>
   <file role="php" name="php/ZendGData/HttpAdapterStreamingSocket.php"/>
   <file role="php" name="php/ZendGData/HttpAdapterStreamingProxy.php"/>
   <file role="php" name="php/ZendGData/Geo/Feed.php"/>
   <file role="php" name="php/ZendGData/Geo/Extension/GmlPos.php"/>
   <file role="php" name="php/ZendGData/Geo/Extension/GmlPoint.php"/>
   <file role="php" name="php/ZendGData/Geo/Extension/GeoRssWhere.php"/>
   <file role="php" name="php/ZendGData/Geo/Entry.php"/>
   <file role="php" name="php/ZendGData/Geo.php"/>
   <file role="php" name="php/ZendGData/GData.php"/>
   <file role="php" name="php/ZendGData/GApps/UserQuery.php"/>
   <file role="php" name="php/ZendGData/GApps/UserFeed.php"/>
   <file role="php" name="php/ZendGData/GApps/UserEntry.php"/>
   <file role="php" name="php/ZendGData/GApps/ServiceException.php"/>
   <file role="php" name="php/ZendGData/GApps/OwnerQuery.php"/>
   <file role="php" name="php/ZendGData/GApps/OwnerFeed.php"/>
   <file role="php" name="php/ZendGData/GApps/OwnerEntry.php"/>
   <file role="php" name="php/ZendGData/GApps/NicknameQuery.php"/>
   <file role="php" name="php/ZendGData/GApps/NicknameFeed.php"/>
   <file role="php" name="php/ZendGData/GApps/NicknameEntry.php"/>
   <file role="php" name="php/ZendGData/GApps/MemberQuery.php"/>
   <file role="php" name="php/ZendGData/GApps/MemberFeed.php"/>
   <file role="php" name="php/ZendGData/GApps/MemberEntry.php"/>
   <file role="php" name="php/ZendGData/GApps/GroupQuery.php"/>
   <file role="php" name="php/ZendGData/GApps/GroupFeed.php"/>
   <file role="php" name="php/ZendGData/GApps/GroupEntry.php"/>
   <file role="php" name="php/ZendGData/GApps/Extension/Quota.php"/>
   <file role="php" name="php/ZendGData/GApps/Extension/Property.php"/>
   <file role="php" name="php/ZendGData/GApps/Extension/Nickname.php"/>
   <file role="php" name="php/ZendGData/GApps/Extension/Name.php"/>
   <file role="php" name="php/ZendGData/GApps/Extension/Login.php"/>
   <file role="php" name="php/ZendGData/GApps/Extension/EmailList.php"/>
   <file role="php" name="php/ZendGData/GApps/Error.php"/>
   <file role="php" name="php/ZendGData/GApps/EmailListRecipientQuery.php"/>
   <file role="php" name="php/ZendGData/GApps/EmailListRecipientFeed.php"/>
   <file role="php" name="php/ZendGData/GApps/EmailListRecipientEntry.php"/>
   <file role="php" name="php/ZendGData/GApps/EmailListQuery.php"/>
   <file role="php" name="php/ZendGData/GApps/EmailListFeed.php"/>
   <file role="php" name="php/ZendGData/GApps/EmailListEntry.php"/>
   <file role="php" name="php/ZendGData/GApps/AbstractQuery.php"/>
   <file role="php" name="php/ZendGData/GApps.php"/>
   <file role="php" name="php/ZendGData/Feed.php"/>
   <file role="php" name="php/ZendGData/Extension/Who.php"/>
   <file role="php" name="php/ZendGData/Extension/Where.php"/>
   <file role="php" name="php/ZendGData/Extension/When.php"/>
   <file role="php" name="php/ZendGData/Extension/Visibility.php"/>
   <file role="php" name="php/ZendGData/Extension/Transparency.php"/>
   <file role="php" name="php/ZendGData/Extension/Reminder.php"/>
   <file role="php" name="php/ZendGData/Extension/RecurrenceException.php"/>
   <file role="php" name="php/ZendGData/Extension/Recurrence.php"/>
   <file role="php" name="php/ZendGData/Extension/Rating.php"/>
   <file role="php" name="php/ZendGData/Extension/OriginalEvent.php"/>
   <file role="php" name="php/ZendGData/Extension/OpenSearchTotalResults.php"/>
   <file role="php" name="php/ZendGData/Extension/OpenSearchStartIndex.php"/>
   <file role="php" name="php/ZendGData/Extension/OpenSearchItemsPerPage.php"/>
   <file role="php" name="php/ZendGData/Extension/FeedLink.php"/>
   <file role="php" name="php/ZendGData/Extension/ExtendedProperty.php"/>
   <file role="php" name="php/ZendGData/Extension/EventStatus.php"/>
   <file role="php" name="php/ZendGData/Extension/EntryLink.php"/>
   <file role="php" name="php/ZendGData/Extension/Comments.php"/>
   <file role="php" name="php/ZendGData/Extension/AttendeeType.php"/>
   <file role="php" name="php/ZendGData/Extension/AttendeeStatus.php"/>
   <file role="php" name="php/ZendGData/Extension.php"/>
   <file role="php" name="php/ZendGData/EXIF/Feed.php"/>
   <file role="php" name="php/ZendGData/EXIF/Extension/Time.php"/>
   <file role="php" name="php/ZendGData/EXIF/Extension/Tags.php"/>
   <file role="php" name="php/ZendGData/EXIF/Extension/Model.php"/>
   <file role="php" name="php/ZendGData/EXIF/Extension/Make.php"/>
   <file role="php" name="php/ZendGData/EXIF/Extension/ISO.php"/>
   <file role="php" name="php/ZendGData/EXIF/Extension/ImageUniqueId.php"/>
   <file role="php" name="php/ZendGData/EXIF/Extension/FStop.php"/>
   <file role="php" name="php/ZendGData/EXIF/Extension/FocalLength.php"/>
   <file role="php" name="php/ZendGData/EXIF/Extension/Flash.php"/>
   <file role="php" name="php/ZendGData/EXIF/Extension/Exposure.php"/>
   <file role="php" name="php/ZendGData/EXIF/Extension/Distance.php"/>
   <file role="php" name="php/ZendGData/EXIF/Entry.php"/>
   <file role="php" name="php/ZendGData/EXIF.php"/>
   <file role="php" name="php/ZendGData/Entry.php"/>
   <file role="php" name="php/ZendGData/DublinCore/Extension/Title.php"/>
   <file role="php" name="php/ZendGData/DublinCore/Extension/Subject.php"/>
   <file role="php" name="php/ZendGData/DublinCore/Extension/Rights.php"/>
   <file role="php" name="php/ZendGData/DublinCore/Extension/Publisher.php"/>
   <file role="php" name="php/ZendGData/DublinCore/Extension/Language.php"/>
   <file role="php" name="php/ZendGData/DublinCore/Extension/Identifier.php"/>
   <file role="php" name="php/ZendGData/DublinCore/Extension/Format.php"/>
   <file role="php" name="php/ZendGData/DublinCore/Extension/Description.php"/>
   <file role="php" name="php/ZendGData/DublinCore/Extension/Date.php"/>
   <file role="php" name="php/ZendGData/DublinCore/Extension/Creator.php"/>
   <file role="php" name="php/ZendGData/DublinCore.php"/>
   <file role="php" name="php/ZendGData/Docs/Query.php"/>
   <file role="php" name="php/ZendGData/Docs/Extension/ACLScope.php"/>
   <file role="php" name="php/ZendGData/Docs/Extension/ACLRole.php"/>
   <file role="php" name="php/ZendGData/Docs/DocumentListFeed.php"/>
   <file role="php" name="php/ZendGData/Docs/DocumentListEntry.php"/>
   <file role="php" name="php/ZendGData/Docs/ACLEntry.php"/>
   <file role="php" name="php/ZendGData/Docs.php"/>
   <file role="php" name="php/ZendGData/ClientLogin.php"/>
   <file role="php" name="php/ZendGData/Calendar/ListFeed.php"/>
   <file role="php" name="php/ZendGData/Calendar/ListEntry.php"/>
   <file role="php" name="php/ZendGData/Calendar/Extension/WebContent.php"/>
   <file role="php" name="php/ZendGData/Calendar/Extension/Timezone.php"/>
   <file role="php" name="php/ZendGData/Calendar/Extension/SendEventNotifications.php"/>
   <file role="php" name="php/ZendGData/Calendar/Extension/Selected.php"/>
   <file role="php" name="php/ZendGData/Calendar/Extension/QuickAdd.php"/>
   <file role="php" name="php/ZendGData/Calendar/Extension/Link.php"/>
   <file role="php" name="php/ZendGData/Calendar/Extension/Hidden.php"/>
   <file role="php" name="php/ZendGData/Calendar/Extension/Color.php"/>
   <file role="php" name="php/ZendGData/Calendar/Extension/AccessLevel.php"/>
   <file role="php" name="php/ZendGData/Calendar/EventQuery.php"/>
   <file role="php" name="php/ZendGData/Calendar/EventFeed.php"/>
   <file role="php" name="php/ZendGData/Calendar/EventEntry.php"/>
   <file role="php" name="php/ZendGData/Calendar.php"/>
   <file role="php" name="php/ZendGData/Books/VolumeQuery.php"/>
   <file role="php" name="php/ZendGData/Books/VolumeFeed.php"/>
   <file role="php" name="php/ZendGData/Books/VolumeEntry.php"/>
   <file role="php" name="php/ZendGData/Books/Extension/Viewability.php"/>
   <file role="php" name="php/ZendGData/Books/Extension/ThumbnailLink.php"/>
   <file role="php" name="php/ZendGData/Books/Extension/Review.php"/>
   <file role="php" name="php/ZendGData/Books/Extension/PreviewLink.php"/>
   <file role="php" name="php/ZendGData/Books/Extension/InfoLink.php"/>
   <file role="php" name="php/ZendGData/Books/Extension/Embeddability.php"/>
   <file role="php" name="php/ZendGData/Books/Extension/BooksLink.php"/>
   <file role="php" name="php/ZendGData/Books/Extension/BooksCategory.php"/>
   <file role="php" name="php/ZendGData/Books/Extension/AnnotationLink.php"/>
   <file role="php" name="php/ZendGData/Books/CollectionFeed.php"/>
   <file role="php" name="php/ZendGData/Books/CollectionEntry.php"/>
   <file role="php" name="php/ZendGData/Books.php"/>
   <file role="php" name="php/ZendGData/AuthSub.php"/>
   <file role="php" name="php/ZendGData/App/VersionException.php"/>
   <file role="php" name="php/ZendGData/App/Util.php"/>
   <file role="php" name="php/ZendGData/App/MediaSource.php"/>
   <file role="php" name="php/ZendGData/App/MediaFileSource.php"/>
   <file role="php" name="php/ZendGData/App/MediaEntry.php"/>
   <file role="php" name="php/ZendGData/App/LoggingHttpClientAdapterSocket.php"/>
   <file role="php" name="php/ZendGData/App/IOException.php"/>
   <file role="php" name="php/ZendGData/App/InvalidArgumentException.php"/>
   <file role="php" name="php/ZendGData/App/HttpException.php"/>
   <file role="php" name="php/ZendGData/App/Feed.php"/>
   <file role="php" name="php/ZendGData/App/Extension/Uri.php"/>
   <file role="php" name="php/ZendGData/App/Extension/Updated.php"/>
   <file role="php" name="php/ZendGData/App/Extension/Title.php"/>
   <file role="php" name="php/ZendGData/App/Extension/Summary.php"/>
   <file role="php" name="php/ZendGData/App/Extension/Subtitle.php"/>
   <file role="php" name="php/ZendGData/App/Extension/Source.php"/>
   <file role="php" name="php/ZendGData/App/Extension/Rights.php"/>
   <file role="php" name="php/ZendGData/App/Extension/Published.php"/>
   <file role="php" name="php/ZendGData/App/Extension/Name.php"/>
   <file role="php" name="php/ZendGData/App/Extension/Logo.php"/>
   <file role="php" name="php/ZendGData/App/Extension/Link.php"/>
   <file role="php" name="php/ZendGData/App/Extension/Id.php"/>
   <file role="php" name="php/ZendGData/App/Extension/Icon.php"/>
   <file role="php" name="php/ZendGData/App/Extension/Generator.php"/>
   <file role="php" name="php/ZendGData/App/Extension/Email.php"/>
   <file role="php" name="php/ZendGData/App/Extension/Element.php"/>
   <file role="php" name="php/ZendGData/App/Extension/Edited.php"/>
   <file role="php" name="php/ZendGData/App/Extension/Draft.php"/>
   <file role="php" name="php/ZendGData/App/Extension/Control.php"/>
   <file role="php" name="php/ZendGData/App/Extension/Contributor.php"/>
   <file role="php" name="php/ZendGData/App/Extension/Content.php"/>
   <file role="php" name="php/ZendGData/App/Extension/Category.php"/>
   <file role="php" name="php/ZendGData/App/Extension/Author.php"/>
   <file role="php" name="php/ZendGData/App/Extension/AbstractText.php"/>
   <file role="php" name="php/ZendGData/App/Extension/AbstractPerson.php"/>
   <file role="php" name="php/ZendGData/App/Extension/AbstractExtension.php"/>
   <file role="php" name="php/ZendGData/App/Exception.php"/>
   <file role="php" name="php/ZendGData/App/Entry.php"/>
   <file role="php" name="php/ZendGData/App/CaptchaRequiredException.php"/>
   <file role="php" name="php/ZendGData/App/BadMethodCallException.php"/>
   <file role="php" name="php/ZendGData/App/AuthException.php"/>
   <file role="php" name="php/ZendGData/App/AbstractFeedSourceParent.php"/>
   <file role="php" name="php/ZendGData/App/AbstractFeedEntryParent.php"/>
   <file role="php" name="php/ZendGData/App/AbstractBaseMediaSource.php"/>
   <file role="php" name="php/ZendGData/App/AbstractBase.php"/>
   <file role="php" name="php/ZendGData/App.php"/>
   <file role="php" name="php/ZendGData/Analytics/Extension/TableId.php"/>
   <file role="php" name="php/ZendGData/Analytics/Extension/Property.php"/>
   <file role="php" name="php/ZendGData/Analytics/Extension/Metric.php"/>
   <file role="php" name="php/ZendGData/Analytics/Extension/Dimension.php"/>
   <file role="php" name="php/ZendGData/Analytics/DataQuery.php"/>
   <file role="php" name="php/ZendGData/Analytics/DataFeed.php"/>
   <file role="php" name="php/ZendGData/Analytics/DataEntry.php"/>
   <file role="php" name="php/ZendGData/Analytics/AccountFeed.php"/>
   <file role="php" name="php/ZendGData/Analytics/AccountEntry.php"/>
   <file role="php" name="php/ZendGData/Analytics.php"/>
  </dir>
 </contents>
 <dependencies>
  <required>
   <php>
    <min>5.2.0</min>
   </php>
   <pearinstaller>
    <min>2.0.0a1</min>
   </pearinstaller>
   <package>
    <name>Zend_Stdlib</name>
    <channel>packages.zendframework.com</channel>
   </package>
  </required>
 </dependencies>
 <phprelease/>
</package>
