<?xml version="1.0" encoding="UTF-8"?>
<package xmlns="http://pear.php.net/dtd/package-2.1" xmlns:tasks="http://pear.php.net/dtd/tasks-1.0" xmlns:xsi="http://www.w3.org/2001/XMLSchema-instance" version="2.1" xsi:schemaLocation="http://pear.php.net/dtd/tasks-1.0     http://pear.php.net/dtd/tasks-1.0.xsd     http://pear.php.net/dtd/package-2.1     http://pear.php.net/dtd/package-2.1.xsd" packagerversion="2.0.0a3">
 <name>Zend_EventManager</name>
 <channel>packages.zendframework.com</channel>
 <summary>Package Zend_EventManager summary.
</summary>
 <description>
Package detailed description here (found in README)</description>
 <lead>
  <name>Your Name</name>
  <user>handle</user>
  <email>handle@php.net</email>
  <active>yes</active>
 </lead>
 <date>2011-10-25</date>
 <time>19:10:56</time>
 <version>
  <release>2.0.0beta1</release>
  <api>2.0.0beta1</api>
 </version>
 <stability>
  <release>beta</release>
  <api>beta</api>
 </stability>
 <license uri="http://www.opensource.org/licenses/bsd-license.php">New BSD License</license>
 <notes>Package Zend_EventManager release notes for version 0.1.0.

Package Zend_EventManager API release notes for version 0.1.0.</notes>
 <contents>
  <dir name="/">
   <file role="php" name="php/Zend/EventManager/StaticEventManager.php"/>
   <file role="php" name="php/Zend/EventManager/StaticEventCollection.php"/>
   <file role="php" name="php/Zend/EventManager/ResponseCollection.php"/>
   <file role="php" name="php/Zend/EventManager/ListenerAggregate.php"/>
   <file role="php" name="php/Zend/EventManager/GlobalEventManager.php"/>
   <file role="php" name="php/Zend/EventManager/FilterChain.php"/>
   <file role="php" name="php/Zend/EventManager/Filter/FilterIterator.php"/>
   <file role="php" name="php/Zend/EventManager/Filter.php"/>
   <file role="php" name="php/Zend/EventManager/Exception/InvalidArgumentException.php"/>
   <file role="php" name="php/Zend/EventManager/Exception.php"/>
   <file role="php" name="php/Zend/EventManager/EventManager.php"/>
   <file role="php" name="php/Zend/EventManager/EventDescription.php"/>
   <file role="php" name="php/Zend/EventManager/EventCollection.php"/>
   <file role="php" name="php/Zend/EventManager/Event.php"/>
  </dir>
 </contents>
 <dependencies>
  <required>
   <php>
    <min>5.2.0</min>
   </php>
   <pearinstaller>
    <min>2.0.0a1</min>
   </pearinstaller>
  </required>
 </dependencies>
 <phprelease/>
</package>
