<?xml version="1.0" encoding="UTF-8"?>
<package xmlns="http://pear.php.net/dtd/package-2.1" xmlns:tasks="http://pear.php.net/dtd/tasks-1.0" xmlns:xsi="http://www.w3.org/2001/XMLSchema-instance" version="2.1" xsi:schemaLocation="http://pear.php.net/dtd/tasks-1.0     http://pear.php.net/dtd/tasks-1.0.xsd     http://pear.php.net/dtd/package-2.1     http://pear.php.net/dtd/package-2.1.xsd" packagerversion="2.0.0a3">
 <name>Zend_Uri</name>
 <channel>packages.zendframework.com</channel>
 <summary>Package Zend_Uri summary.
</summary>
 <description>
Package detailed description here (found in README)</description>
 <lead>
  <name>Your Name</name>
  <user>handle</user>
  <email>handle@php.net</email>
  <active>yes</active>
 </lead>
 <date>2011-10-25</date>
 <time>19:11:23</time>
 <version>
  <release>2.0.0beta1</release>
  <api>2.0.0beta1</api>
 </version>
 <stability>
  <release>beta</release>
  <api>beta</api>
 </stability>
 <license uri="http://www.opensource.org/licenses/bsd-license.php">New BSD License</license>
 <notes>Package Zend_Uri release notes for version 0.1.0.

Package Zend_Uri API release notes for version 0.1.0.</notes>
 <contents>
  <dir name="/">
   <file role="php" name="php/Zend/Uri/UriFactory.php"/>
   <file role="php" name="php/Zend/Uri/Uri.php"/>
   <file role="php" name="php/Zend/Uri/Mailto.php"/>
   <file role="php" name="php/Zend/Uri/Http.php"/>
   <file role="php" name="php/Zend/Uri/File.php"/>
   <file role="php" name="php/Zend/Uri/Exception/InvalidUriTypeException.php"/>
   <file role="php" name="php/Zend/Uri/Exception/InvalidUriPartException.php"/>
   <file role="php" name="php/Zend/Uri/Exception/InvalidUriException.php"/>
   <file role="php" name="php/Zend/Uri/Exception/InvalidArgumentException.php"/>
   <file role="php" name="php/Zend/Uri/Exception.php"/>
  </dir>
 </contents>
 <dependencies>
  <required>
   <php>
    <min>5.2.0</min>
   </php>
   <pearinstaller>
    <min>2.0.0a1</min>
   </pearinstaller>
   <package>
    <name>Zend_Validator</name>
    <channel>packages.zendframework.com</channel>
   </package>
  </required>
 </dependencies>
 <phprelease/>
</package>
