<?xml version="1.0" encoding="UTF-8"?>
<package xmlns="http://pear.php.net/dtd/package-2.1" xmlns:tasks="http://pear.php.net/dtd/tasks-1.0" xmlns:xsi="http://www.w3.org/2001/XMLSchema-instance" version="2.1" xsi:schemaLocation="http://pear.php.net/dtd/tasks-1.0     http://pear.php.net/dtd/tasks-1.0.xsd     http://pear.php.net/dtd/package-2.1     http://pear.php.net/dtd/package-2.1.xsd" packagerversion="2.0.0">
 <name>Zend_Paginator</name>
 <channel>packages.zendframework.com</channel>
 <summary>Package Zend_Paginator summary.\n\n&quot; . &quot;Package detailed description here (found in README)</summary>
 <description/>
 <lead>
  <name>Your Name</name>
  <user>handle</user>
  <email>handle@php.net</email>
  <active>yes</active>
 </lead>
 <date>2013-01-30</date>
 <time>10:49:52</time>
 <version>
  <release>2.1.0</release>
  <api>2.1.0</api>
 </version>
 <stability>
  <release>stable</release>
  <api>stable</api>
 </stability>
 <license uri="http://www.opensource.org/licenses/bsd-license.php">New BSD License</license>
 <notes>Package  Zend_Paginator release notes for version 0.1.0.

Package Zend_Paginator API release notes for version 0.1.0.</notes>
 <contents>
  <dir name="/">
   <file role="php" name="php/Zend/Paginator/SerializableLimitIterator.php"/>
   <file role="php" name="php/Zend/Paginator/ScrollingStylePluginManager.php"/>
   <file role="php" name="php/Zend/Paginator/ScrollingStyle/Sliding.php"/>
   <file role="php" name="php/Zend/Paginator/ScrollingStyle/ScrollingStyleInterface.php"/>
   <file role="php" name="php/Zend/Paginator/ScrollingStyle/Jumping.php"/>
   <file role="php" name="php/Zend/Paginator/ScrollingStyle/Elastic.php"/>
   <file role="php" name="php/Zend/Paginator/ScrollingStyle/All.php"/>
   <file role="php" name="php/Zend/Paginator/Paginator.php"/>
   <file role="php" name="php/Zend/Paginator/Factory.php"/>
   <file role="php" name="php/Zend/Paginator/Exception/UnexpectedValueException.php"/>
   <file role="php" name="php/Zend/Paginator/Exception/RuntimeException.php"/>
   <file role="php" name="php/Zend/Paginator/Exception/InvalidArgumentException.php"/>
   <file role="php" name="php/Zend/Paginator/Exception/ExceptionInterface.php"/>
   <file role="php" name="php/Zend/Paginator/composer.json"/>
   <file role="php" name="php/Zend/Paginator/AdapterPluginManager.php"/>
   <file role="php" name="php/Zend/Paginator/AdapterAggregateInterface.php"/>
   <file role="php" name="php/Zend/Paginator/Adapter/Service/DbSelectFactory.php"/>
   <file role="php" name="php/Zend/Paginator/Adapter/Null.php"/>
   <file role="php" name="php/Zend/Paginator/Adapter/Iterator.php"/>
   <file role="php" name="php/Zend/Paginator/Adapter/Exception/UnexpectedValueException.php"/>
   <file role="php" name="php/Zend/Paginator/Adapter/Exception/RuntimeException.php"/>
   <file role="php" name="php/Zend/Paginator/Adapter/Exception/InvalidArgumentException.php"/>
   <file role="php" name="php/Zend/Paginator/Adapter/Exception/ExceptionInterface.php"/>
   <file role="php" name="php/Zend/Paginator/Adapter/DbSelect.php"/>
   <file role="php" name="php/Zend/Paginator/Adapter/ArrayAdapter.php"/>
   <file role="php" name="php/Zend/Paginator/Adapter/AdapterInterface.php"/>
  </dir>
 </contents>
 <dependencies>
  <required>
   <php>
    <min>5.2.0</min>
   </php>
   <pearinstaller>
    <min>2.0.0a1</min>
   </pearinstaller>
   <package>
    <name>Zend_Stdlib</name>
    <channel>packages.zendframework.com</channel>
   </package>
  </required>
 </dependencies>
 <phprelease/>
</package>
