<?xml version="1.0" encoding="UTF-8"?>
<package xmlns="http://pear.php.net/dtd/package-2.1" xmlns:tasks="http://pear.php.net/dtd/tasks-1.0" xmlns:xsi="http://www.w3.org/2001/XMLSchema-instance" version="2.1" xsi:schemaLocation="http://pear.php.net/dtd/tasks-1.0     http://pear.php.net/dtd/tasks-1.0.xsd     http://pear.php.net/dtd/package-2.1     http://pear.php.net/dtd/package-2.1.xsd" packagerversion="2.0.0">
 <name>Zend_Form</name>
 <channel>packages.zendframework.com</channel>
 <summary>Package Zend_Form summary.\n\n&quot; . &quot;Package detailed description here (found in README)</summary>
 <description/>
 <lead>
  <name>Your Name</name>
  <user>handle</user>
  <email>handle@php.net</email>
  <active>yes</active>
 </lead>
 <date>2011-12-20</date>
 <time>21:56:33</time>
 <version>
  <release>2.0.0beta2</release>
  <api>2.0.0beta2</api>
 </version>
 <stability>
  <release>beta</release>
  <api>beta</api>
 </stability>
 <license uri="http://www.opensource.org/licenses/bsd-license.php">New BSD License</license>
 <notes>Package  Zend_Form release notes for version 0.1.0.

Package Zend_Form API release notes for version 0.1.0.</notes>
 <contents>
  <dir name="/">
   <file role="php" name="php/Zend/Form/SubForm.php"/>
   <file role="php" name="php/Zend/Form/Form.php"/>
   <file role="php" name="php/Zend/Form/Exception/UnexpectedValueException.php"/>
   <file role="php" name="php/Zend/Form/Exception/InvalidArgumentException.php"/>
   <file role="php" name="php/Zend/Form/Exception/BadMethodCallException.php"/>
   <file role="php" name="php/Zend/Form/Exception.php"/>
   <file role="php" name="php/Zend/Form/Element/Xhtml.php"/>
   <file role="php" name="php/Zend/Form/Element/Textarea.php"/>
   <file role="php" name="php/Zend/Form/Element/Text.php"/>
   <file role="php" name="php/Zend/Form/Element/Submit.php"/>
   <file role="php" name="php/Zend/Form/Element/Select.php"/>
   <file role="php" name="php/Zend/Form/Element/Reset.php"/>
   <file role="php" name="php/Zend/Form/Element/Radio.php"/>
   <file role="php" name="php/Zend/Form/Element/Password.php"/>
   <file role="php" name="php/Zend/Form/Element/Multiselect.php"/>
   <file role="php" name="php/Zend/Form/Element/MultiCheckbox.php"/>
   <file role="php" name="php/Zend/Form/Element/Multi.php"/>
   <file role="php" name="php/Zend/Form/Element/Image.php"/>
   <file role="php" name="php/Zend/Form/Element/Hidden.php"/>
   <file role="php" name="php/Zend/Form/Element/Hash.php"/>
   <file role="php" name="php/Zend/Form/Element/File.php"/>
   <file role="php" name="php/Zend/Form/Element/Exception/UnexpectedValueException.php"/>
   <file role="php" name="php/Zend/Form/Element/Exception/RunTimeException.php"/>
   <file role="php" name="php/Zend/Form/Element/Exception/InvalidArgumentException.php"/>
   <file role="php" name="php/Zend/Form/Element/Exception/BadMethodCallException.php"/>
   <file role="php" name="php/Zend/Form/Element/Exception.php"/>
   <file role="php" name="php/Zend/Form/Element/Checkbox.php"/>
   <file role="php" name="php/Zend/Form/Element/Captcha.php"/>
   <file role="php" name="php/Zend/Form/Element/Button.php"/>
   <file role="php" name="php/Zend/Form/Element.php"/>
   <file role="php" name="php/Zend/Form/DisplayGroup.php"/>
   <file role="php" name="php/Zend/Form/Decorator/ViewScript.php"/>
   <file role="php" name="php/Zend/Form/Decorator/ViewHelper.php"/>
   <file role="php" name="php/Zend/Form/Decorator/Tooltip.php"/>
   <file role="php" name="php/Zend/Form/Decorator/PrepareElements.php"/>
   <file role="php" name="php/Zend/Form/Decorator/Label.php"/>
   <file role="php" name="php/Zend/Form/Decorator/Image.php"/>
   <file role="php" name="php/Zend/Form/Decorator/HtmlTag.php"/>
   <file role="php" name="php/Zend/Form/Decorator/FormErrors.php"/>
   <file role="php" name="php/Zend/Form/Decorator/FormElements.php"/>
   <file role="php" name="php/Zend/Form/Decorator/FormDecorator.php"/>
   <file role="php" name="php/Zend/Form/Decorator/FileDecorator.php"/>
   <file role="php" name="php/Zend/Form/Decorator/File.php"/>
   <file role="php" name="php/Zend/Form/Decorator/Fieldset.php"/>
   <file role="php" name="php/Zend/Form/Decorator/Exception/UnexpectedValueException.php"/>
   <file role="php" name="php/Zend/Form/Decorator/Exception/RunTimeException.php"/>
   <file role="php" name="php/Zend/Form/Decorator/Exception/InvalidArgumentException.php"/>
   <file role="php" name="php/Zend/Form/Decorator/Exception/BadMethodCallException.php"/>
   <file role="php" name="php/Zend/Form/Decorator/Exception.php"/>
   <file role="php" name="php/Zend/Form/Decorator/Errors.php"/>
   <file role="php" name="php/Zend/Form/Decorator/DtDdWrapper.php"/>
   <file role="php" name="php/Zend/Form/Decorator/Description.php"/>
   <file role="php" name="php/Zend/Form/Decorator/Captcha/Word.php"/>
   <file role="php" name="php/Zend/Form/Decorator/Captcha/ReCaptcha.php"/>
   <file role="php" name="php/Zend/Form/Decorator/Captcha.php"/>
   <file role="php" name="php/Zend/Form/Decorator/Callback.php"/>
   <file role="php" name="php/Zend/Form/Decorator/AbstractDecorator.php"/>
   <file role="php" name="php/Zend/Form/Decorator.php"/>
  </dir>
 </contents>
 <dependencies>
  <required>
   <php>
    <min>5.2.0</min>
   </php>
   <pearinstaller>
    <min>2.0.0a1</min>
   </pearinstaller>
  </required>
 </dependencies>
 <phprelease/>
</package>
