<?xml version="1.0" encoding="UTF-8"?>
<package xmlns="http://pear.php.net/dtd/package-2.1" xmlns:tasks="http://pear.php.net/dtd/tasks-1.0" xmlns:xsi="http://www.w3.org/2001/XMLSchema-instance" version="2.1" xsi:schemaLocation="http://pear.php.net/dtd/tasks-1.0     http://pear.php.net/dtd/tasks-1.0.xsd     http://pear.php.net/dtd/package-2.1     http://pear.php.net/dtd/package-2.1.xsd" packagerversion="2.0.0">
 <name>Zend_Ldap</name>
 <channel>packages.zendframework.com</channel>
 <summary>Package Zend_Ldap summary.\n\n&quot; . &quot;Package detailed description here (found in README)</summary>
 <description/>
 <lead>
  <name>Your Name</name>
  <user>handle</user>
  <email>handle@php.net</email>
  <active>yes</active>
 </lead>
 <date>2012-08-31</date>
 <time>15:08:38</time>
 <version>
  <release>2.0.0rc7</release>
  <api>2.0.0rc7</api>
 </version>
 <stability>
  <release>stable</release>
  <api>stable</api>
 </stability>
 <license uri="http://www.opensource.org/licenses/bsd-license.php">New BSD License</license>
 <notes>Package  Zend_Ldap release notes for version 0.1.0.

Package Zend_Ldap API release notes for version 0.1.0.</notes>
 <contents>
  <dir name="/">
   <file role="php" name="php/Zend/Ldap/Node/Schema/OpenLdap.php"/>
   <file role="php" name="php/Zend/Ldap/Node/Schema/ObjectClass/OpenLdap.php"/>
   <file role="php" name="php/Zend/Ldap/Node/Schema/ObjectClass/ObjectClassInterface.php"/>
   <file role="php" name="php/Zend/Ldap/Node/Schema/ObjectClass/ActiveDirectory.php"/>
   <file role="php" name="php/Zend/Ldap/Node/Schema/AttributeType/OpenLdap.php"/>
   <file role="php" name="php/Zend/Ldap/Node/Schema/AttributeType/AttributeTypeInterface.php"/>
   <file role="php" name="php/Zend/Ldap/Node/Schema/AttributeType/ActiveDirectory.php"/>
   <file role="php" name="php/Zend/Ldap/Node/Schema/ActiveDirectory.php"/>
   <file role="php" name="php/Zend/Ldap/Node/Schema/AbstractItem.php"/>
   <file role="php" name="php/Zend/Ldap/Node/Schema.php"/>
   <file role="php" name="php/Zend/Ldap/Node/RootDse/OpenLdap.php"/>
   <file role="php" name="php/Zend/Ldap/Node/RootDse/eDirectory.php"/>
   <file role="php" name="php/Zend/Ldap/Node/RootDse/ActiveDirectory.php"/>
   <file role="php" name="php/Zend/Ldap/Node/RootDse.php"/>
   <file role="php" name="php/Zend/Ldap/Node/Collection.php"/>
   <file role="php" name="php/Zend/Ldap/Node/ChildrenIterator.php"/>
   <file role="php" name="php/Zend/Ldap/Node/AbstractNode.php"/>
   <file role="php" name="php/Zend/Ldap/Node.php"/>
   <file role="php" name="php/Zend/Ldap/Ldif/Encoder.php"/>
   <file role="php" name="php/Zend/Ldap/Ldap.php"/>
   <file role="php" name="php/Zend/Ldap/Filter/StringFilter.php"/>
   <file role="php" name="php/Zend/Ldap/Filter/OrFilter.php"/>
   <file role="php" name="php/Zend/Ldap/Filter/NotFilter.php"/>
   <file role="php" name="php/Zend/Ldap/Filter/MaskFilter.php"/>
   <file role="php" name="php/Zend/Ldap/Filter/Exception/FilterException.php"/>
   <file role="php" name="php/Zend/Ldap/Filter/Exception/ExceptionInterface.php"/>
   <file role="php" name="php/Zend/Ldap/Filter/AndFilter.php"/>
   <file role="php" name="php/Zend/Ldap/Filter/AbstractLogicalFilter.php"/>
   <file role="php" name="php/Zend/Ldap/Filter/AbstractFilter.php"/>
   <file role="php" name="php/Zend/Ldap/Filter.php"/>
   <file role="php" name="php/Zend/Ldap/Exception/LdapException.php"/>
   <file role="php" name="php/Zend/Ldap/Exception/InvalidArgumentException.php"/>
   <file role="php" name="php/Zend/Ldap/Exception/ExceptionInterface.php"/>
   <file role="php" name="php/Zend/Ldap/Exception/BadMethodCallException.php"/>
   <file role="php" name="php/Zend/Ldap/Dn.php"/>
   <file role="php" name="php/Zend/Ldap/Converter/Exception/UnexpectedValueException.php"/>
   <file role="php" name="php/Zend/Ldap/Converter/Exception/InvalidArgumentException.php"/>
   <file role="php" name="php/Zend/Ldap/Converter/Exception/ExceptionInterface.php"/>
   <file role="php" name="php/Zend/Ldap/Converter/Exception/ConverterException.php"/>
   <file role="php" name="php/Zend/Ldap/Converter/Converter.php"/>
   <file role="php" name="php/Zend/Ldap/composer.json"/>
   <file role="php" name="php/Zend/Ldap/Collection/DefaultIterator.php"/>
   <file role="php" name="php/Zend/Ldap/Collection.php"/>
   <file role="php" name="php/Zend/Ldap/Attribute.php"/>
  </dir>
 </contents>
 <dependencies>
  <required>
   <php>
    <min>5.2.0</min>
   </php>
   <pearinstaller>
    <min>2.0.0a1</min>
   </pearinstaller>
   <package>
    <name>Zend_Stdlib</name>
    <channel>packages.zendframework.com</channel>
   </package>
  </required>
 </dependencies>
 <phprelease/>
</package>
