<?xml version="1.0" encoding="UTF-8"?>
<package xmlns="http://pear.php.net/dtd/package-2.1" xmlns:tasks="http://pear.php.net/dtd/tasks-1.0" xmlns:xsi="http://www.w3.org/2001/XMLSchema-instance" version="2.1" xsi:schemaLocation="http://pear.php.net/dtd/tasks-1.0     http://pear.php.net/dtd/tasks-1.0.xsd     http://pear.php.net/dtd/package-2.1     http://pear.php.net/dtd/package-2.1.xsd" packagerversion="2.0.0">
 <name>Zend_Feed</name>
 <channel>packages.zendframework.com</channel>
 <summary>Package Zend_Feed summary.\n\n&quot; . &quot;Package detailed description here (found in README)</summary>
 <description/>
 <lead>
  <name>Your Name</name>
  <user>handle</user>
  <email>handle@php.net</email>
  <active>yes</active>
 </lead>
 <date>2013-02-21</date>
 <time>15:12:19</time>
 <version>
  <release>2.1.3</release>
  <api>2.1.3</api>
 </version>
 <stability>
  <release>stable</release>
  <api>stable</api>
 </stability>
 <license uri="http://www.opensource.org/licenses/bsd-license.php">New BSD License</license>
 <notes>Package  Zend_Feed release notes for version 0.1.0.

Package Zend_Feed API release notes for version 0.1.0.</notes>
 <contents>
  <dir name="/">
   <file role="php" name="php/Zend/Feed/Writer/Writer.php"/>
   <file role="php" name="php/Zend/Feed/Writer/Source.php"/>
   <file role="php" name="php/Zend/Feed/Writer/Renderer/RendererInterface.php"/>
   <file role="php" name="php/Zend/Feed/Writer/Renderer/Feed/Rss.php"/>
   <file role="php" name="php/Zend/Feed/Writer/Renderer/Feed/AtomSource.php"/>
   <file role="php" name="php/Zend/Feed/Writer/Renderer/Feed/Atom/Source.php"/>
   <file role="php" name="php/Zend/Feed/Writer/Renderer/Feed/Atom/AbstractAtom.php"/>
   <file role="php" name="php/Zend/Feed/Writer/Renderer/Feed/Atom.php"/>
   <file role="php" name="php/Zend/Feed/Writer/Renderer/Feed/AbstractAtom.php"/>
   <file role="php" name="php/Zend/Feed/Writer/Renderer/Entry/Rss.php"/>
   <file role="php" name="php/Zend/Feed/Writer/Renderer/Entry/AtomDeleted.php"/>
   <file role="php" name="php/Zend/Feed/Writer/Renderer/Entry/Atom/Deleted.php"/>
   <file role="php" name="php/Zend/Feed/Writer/Renderer/Entry/Atom.php"/>
   <file role="php" name="php/Zend/Feed/Writer/Renderer/AbstractRenderer.php"/>
   <file role="php" name="php/Zend/Feed/Writer/FeedFactory.php"/>
   <file role="php" name="php/Zend/Feed/Writer/Feed.php"/>
   <file role="php" name="php/Zend/Feed/Writer/ExtensionManager.php"/>
   <file role="php" name="php/Zend/Feed/Writer/Extension/WellFormedWeb/Renderer/Entry.php"/>
   <file role="php" name="php/Zend/Feed/Writer/Extension/Threading/Renderer/Entry.php"/>
   <file role="php" name="php/Zend/Feed/Writer/Extension/Slash/Renderer/Entry.php"/>
   <file role="php" name="php/Zend/Feed/Writer/Extension/RendererInterface.php"/>
   <file role="php" name="php/Zend/Feed/Writer/Extension/ITunes/Renderer/Feed.php"/>
   <file role="php" name="php/Zend/Feed/Writer/Extension/ITunes/Renderer/Entry.php"/>
   <file role="php" name="php/Zend/Feed/Writer/Extension/ITunes/Feed.php"/>
   <file role="php" name="php/Zend/Feed/Writer/Extension/ITunes/Entry.php"/>
   <file role="php" name="php/Zend/Feed/Writer/Extension/DublinCore/Renderer/Feed.php"/>
   <file role="php" name="php/Zend/Feed/Writer/Extension/DublinCore/Renderer/Entry.php"/>
   <file role="php" name="php/Zend/Feed/Writer/Extension/Content/Renderer/Entry.php"/>
   <file role="php" name="php/Zend/Feed/Writer/Extension/Atom/Renderer/Feed.php"/>
   <file role="php" name="php/Zend/Feed/Writer/Extension/AbstractRenderer.php"/>
   <file role="php" name="php/Zend/Feed/Writer/Exception/RuntimeException.php"/>
   <file role="php" name="php/Zend/Feed/Writer/Exception/InvalidArgumentException.php"/>
   <file role="php" name="php/Zend/Feed/Writer/Exception/ExceptionInterface.php"/>
   <file role="php" name="php/Zend/Feed/Writer/Exception/BadMethodCallException.php"/>
   <file role="php" name="php/Zend/Feed/Writer/Entry.php"/>
   <file role="php" name="php/Zend/Feed/Writer/Deleted.php"/>
   <file role="php" name="php/Zend/Feed/Writer/AbstractFeed.php"/>
   <file role="php" name="php/Zend/Feed/README.md"/>
   <file role="php" name="php/Zend/Feed/Reader/Reader.php"/>
   <file role="php" name="php/Zend/Feed/Reader/FeedSet.php"/>
   <file role="php" name="php/Zend/Feed/Reader/Feed/Rss.php"/>
   <file role="php" name="php/Zend/Feed/Reader/Feed/FeedInterface.php"/>
   <file role="php" name="php/Zend/Feed/Reader/Feed/Atom/Source.php"/>
   <file role="php" name="php/Zend/Feed/Reader/Feed/Atom.php"/>
   <file role="php" name="php/Zend/Feed/Reader/Feed/AbstractFeed.php"/>
   <file role="php" name="php/Zend/Feed/Reader/ExtensionManager.php"/>
   <file role="php" name="php/Zend/Feed/Reader/Extension/WellFormedWeb/Entry.php"/>
   <file role="php" name="php/Zend/Feed/Reader/Extension/Thread/Entry.php"/>
   <file role="php" name="php/Zend/Feed/Reader/Extension/Syndication/Feed.php"/>
   <file role="php" name="php/Zend/Feed/Reader/Extension/Slash/Entry.php"/>
   <file role="php" name="php/Zend/Feed/Reader/Extension/Podcast/Feed.php"/>
   <file role="php" name="php/Zend/Feed/Reader/Extension/Podcast/Entry.php"/>
   <file role="php" name="php/Zend/Feed/Reader/Extension/DublinCore/Feed.php"/>
   <file role="php" name="php/Zend/Feed/Reader/Extension/DublinCore/Entry.php"/>
   <file role="php" name="php/Zend/Feed/Reader/Extension/CreativeCommons/Feed.php"/>
   <file role="php" name="php/Zend/Feed/Reader/Extension/CreativeCommons/Entry.php"/>
   <file role="php" name="php/Zend/Feed/Reader/Extension/Content/Entry.php"/>
   <file role="php" name="php/Zend/Feed/Reader/Extension/Atom/Feed.php"/>
   <file role="php" name="php/Zend/Feed/Reader/Extension/Atom/Entry.php"/>
   <file role="php" name="php/Zend/Feed/Reader/Extension/AbstractFeed.php"/>
   <file role="php" name="php/Zend/Feed/Reader/Extension/AbstractEntry.php"/>
   <file role="php" name="php/Zend/Feed/Reader/Exception/RuntimeException.php"/>
   <file role="php" name="php/Zend/Feed/Reader/Exception/InvalidArgumentException.php"/>
   <file role="php" name="php/Zend/Feed/Reader/Exception/ExceptionInterface.php"/>
   <file role="php" name="php/Zend/Feed/Reader/Exception/BadMethodCallException.php"/>
   <file role="php" name="php/Zend/Feed/Reader/Entry/Rss.php"/>
   <file role="php" name="php/Zend/Feed/Reader/Entry/EntryInterface.php"/>
   <file role="php" name="php/Zend/Feed/Reader/Entry/Atom.php"/>
   <file role="php" name="php/Zend/Feed/Reader/Entry/AbstractEntry.php"/>
   <file role="php" name="php/Zend/Feed/Reader/Collection/Collection.php"/>
   <file role="php" name="php/Zend/Feed/Reader/Collection/Category.php"/>
   <file role="php" name="php/Zend/Feed/Reader/Collection/Author.php"/>
   <file role="php" name="php/Zend/Feed/Reader/Collection/AbstractCollection.php"/>
   <file role="php" name="php/Zend/Feed/Reader/Collection.php"/>
   <file role="php" name="php/Zend/Feed/Reader/AbstractFeed.php"/>
   <file role="php" name="php/Zend/Feed/Reader/AbstractEntry.php"/>
   <file role="php" name="php/Zend/Feed/PubSubHubbub/Subscriber/Callback.php"/>
   <file role="php" name="php/Zend/Feed/PubSubHubbub/Subscriber.php"/>
   <file role="php" name="php/Zend/Feed/PubSubHubbub/PubSubHubbub.php"/>
   <file role="php" name="php/Zend/Feed/PubSubHubbub/Publisher.php"/>
   <file role="php" name="php/Zend/Feed/PubSubHubbub/Model/SubscriptionPersistenceInterface.php"/>
   <file role="php" name="php/Zend/Feed/PubSubHubbub/Model/Subscription.php"/>
   <file role="php" name="php/Zend/Feed/PubSubHubbub/Model/AbstractModel.php"/>
   <file role="php" name="php/Zend/Feed/PubSubHubbub/HttpResponse.php"/>
   <file role="php" name="php/Zend/Feed/PubSubHubbub/Exception/RuntimeException.php"/>
   <file role="php" name="php/Zend/Feed/PubSubHubbub/Exception/InvalidArgumentException.php"/>
   <file role="php" name="php/Zend/Feed/PubSubHubbub/Exception/ExceptionInterface.php"/>
   <file role="php" name="php/Zend/Feed/PubSubHubbub/CallbackInterface.php"/>
   <file role="php" name="php/Zend/Feed/PubSubHubbub/AbstractCallback.php"/>
   <file role="php" name="php/Zend/Feed/Exception/RuntimeException.php"/>
   <file role="php" name="php/Zend/Feed/Exception/InvalidArgumentException.php"/>
   <file role="php" name="php/Zend/Feed/Exception/ExceptionInterface.php"/>
   <file role="php" name="php/Zend/Feed/Exception/BadMethodCallException.php"/>
   <file role="php" name="php/Zend/Feed/composer.json"/>
  </dir>
 </contents>
 <dependencies>
  <required>
   <php>
    <min>5.2.0</min>
   </php>
   <pearinstaller>
    <min>2.0.0a1</min>
   </pearinstaller>
   <package>
    <name>Zend_Escaper</name>
    <channel>packages.zendframework.com</channel>
   </package>
   <package>
    <name>Zend_Stdlib</name>
    <channel>packages.zendframework.com</channel>
   </package>
   <package>
    <name>Zend_ServiceManager</name>
    <channel>packages.zendframework.com</channel>
   </package>
   <package>
    <name>Zend_Uri</name>
    <channel>packages.zendframework.com</channel>
   </package>
   <package>
    <name>Zend_Version</name>
    <channel>packages.zendframework.com</channel>
   </package>
  </required>
  <optional>
   <package>
    <name>Zend_Validator</name>
    <channel>packages.zendframework.com</channel>
   </package>
  </optional>
 </dependencies>
 <phprelease/>
</package>
