<?xml version="1.0" encoding="UTF-8"?>
<package xmlns="http://pear.php.net/dtd/package-2.1" xmlns:tasks="http://pear.php.net/dtd/tasks-1.0" xmlns:xsi="http://www.w3.org/2001/XMLSchema-instance" version="2.1" xsi:schemaLocation="http://pear.php.net/dtd/tasks-1.0     http://pear.php.net/dtd/tasks-1.0.xsd     http://pear.php.net/dtd/package-2.1     http://pear.php.net/dtd/package-2.1.xsd" packagerversion="2.0.0">
 <name>Zend_Progressbar</name>
 <channel>packages.zendframework.com</channel>
 <summary>Package Zend_Progressbar summary.\n\n&quot; . &quot;Package detailed description here (found in README)</summary>
 <description/>
 <lead>
  <name>Your Name</name>
  <user>handle</user>
  <email>handle@php.net</email>
  <active>yes</active>
 </lead>
 <date>2013-08-21</date>
 <time>14:08:43</time>
 <version>
  <release>2.2.3</release>
  <api>2.2.3</api>
 </version>
 <stability>
  <release>stable</release>
  <api>stable</api>
 </stability>
 <license uri="http://www.opensource.org/licenses/bsd-license.php">New BSD License</license>
 <notes>Package  Zend_Progressbar release notes for version 0.1.0.

Package Zend_Progressbar API release notes for version 0.1.0.</notes>
 <contents>
  <dir name="/">
   <file role="php" name="php/Zend/ProgressBar/Upload/UploadProgress.php"/>
   <file role="php" name="php/Zend/ProgressBar/Upload/UploadHandlerInterface.php"/>
   <file role="php" name="php/Zend/ProgressBar/Upload/SessionProgress.php"/>
   <file role="php" name="php/Zend/ProgressBar/Upload/ApcProgress.php"/>
   <file role="php" name="php/Zend/ProgressBar/Upload/AbstractUploadHandler.php"/>
   <file role="php" name="php/Zend/ProgressBar/README.md"/>
   <file role="php" name="php/Zend/ProgressBar/ProgressBar.php"/>
   <file role="php" name="php/Zend/ProgressBar/Exception/RuntimeException.php"/>
   <file role="php" name="php/Zend/ProgressBar/Exception/PhpEnvironmentException.php"/>
   <file role="php" name="php/Zend/ProgressBar/Exception/OutOfRangeException.php"/>
   <file role="php" name="php/Zend/ProgressBar/Exception/InvalidArgumentException.php"/>
   <file role="php" name="php/Zend/ProgressBar/Exception/ExceptionInterface.php"/>
   <file role="php" name="php/Zend/ProgressBar/composer.json"/>
   <file role="php" name="php/Zend/ProgressBar/Adapter/JsPush.php"/>
   <file role="php" name="php/Zend/ProgressBar/Adapter/JsPull.php"/>
   <file role="php" name="php/Zend/ProgressBar/Adapter/Exception/RuntimeException.php"/>
   <file role="php" name="php/Zend/ProgressBar/Adapter/Exception/InvalidArgumentException.php"/>
   <file role="php" name="php/Zend/ProgressBar/Adapter/Exception/ExceptionInterface.php"/>
   <file role="php" name="php/Zend/ProgressBar/Adapter/Console.php"/>
   <file role="php" name="php/Zend/ProgressBar/Adapter/AbstractAdapter.php"/>
  </dir>
 </contents>
 <dependencies>
  <required>
   <php>
    <min>5.2.0</min>
   </php>
   <pearinstaller>
    <min>2.0.0a1</min>
   </pearinstaller>
   <package>
    <name>Zend_Stdlib</name>
    <channel>packages.zendframework.com</channel>
   </package>
  </required>
  <optional>
   <package>
    <name>Zend_Json</name>
    <channel>packages.zendframework.com</channel>
   </package>
  </optional>
 </dependencies>
 <phprelease/>
</package>
