<?xml version="1.0" encoding="UTF-8"?>
<package xmlns="http://pear.php.net/dtd/package-2.1" xmlns:tasks="http://pear.php.net/dtd/tasks-1.0" xmlns:xsi="http://www.w3.org/2001/XMLSchema-instance" version="2.1" xsi:schemaLocation="http://pear.php.net/dtd/tasks-1.0     http://pear.php.net/dtd/tasks-1.0.xsd     http://pear.php.net/dtd/package-2.1     http://pear.php.net/dtd/package-2.1.xsd" packagerversion="2.0.0a3">
 <name>Zend_Config</name>
 <channel>packages.zendframework.com</channel>
 <summary>Package Zend_Config summary.
</summary>
 <description>
Package detailed description here (found in README)</description>
 <lead>
  <name>Your Name</name>
  <user>handle</user>
  <email>handle@php.net</email>
  <active>yes</active>
 </lead>
 <date>2011-10-25</date>
 <time>19:10:45</time>
 <version>
  <release>2.0.0beta1</release>
  <api>2.0.0beta1</api>
 </version>
 <stability>
  <release>beta</release>
  <api>beta</api>
 </stability>
 <license uri="http://www.opensource.org/licenses/bsd-license.php">New BSD License</license>
 <notes>Package Zend_Config release notes for version 0.1.0.

Package Zend_Config API release notes for version 0.1.0.</notes>
 <contents>
  <dir name="/">
   <file role="php" name="php/Zend/Config/Yaml.php"/>
   <file role="php" name="php/Zend/Config/Xml.php"/>
   <file role="php" name="php/Zend/Config/Writer/Yaml.php"/>
   <file role="php" name="php/Zend/Config/Writer/Xml.php"/>
   <file role="php" name="php/Zend/Config/Writer/Json.php"/>
   <file role="php" name="php/Zend/Config/Writer/Ini.php"/>
   <file role="php" name="php/Zend/Config/Writer/ArrayWriter.php"/>
   <file role="php" name="php/Zend/Config/Writer/AbstractWriter.php"/>
   <file role="php" name="php/Zend/Config/Writer/AbstractFileWriter.php"/>
   <file role="php" name="php/Zend/Config/Json.php"/>
   <file role="php" name="php/Zend/Config/Ini.php"/>
   <file role="php" name="php/Zend/Config/Exception/RuntimeException.php"/>
   <file role="php" name="php/Zend/Config/Exception/InvalidArgumentException.php"/>
   <file role="php" name="php/Zend/Config/Exception.php"/>
   <file role="php" name="php/Zend/Config/Config.php"/>
  </dir>
 </contents>
 <dependencies>
  <required>
   <php>
    <min>5.2.0</min>
   </php>
   <pearinstaller>
    <min>2.0.0a1</min>
   </pearinstaller>
  </required>
  <optional>
   <package>
    <name>Zend_Json</name>
    <channel>packages.zendframework.com</channel>
   </package>
  </optional>
 </dependencies>
 <phprelease/>
</package>
