<?xml version="1.0" encoding="UTF-8" ?>

<ldml>
	<identity>
		<version number="$Revision: 4768 $"/>
		<generation date="$Date: 2010-02-27 21:22:52 -0600 (Sat, 27 Feb 2010) $"/>
		<language type="gaa"/>
	</identity>
	<characters>
		<exemplarCharacters>[a b c d e f g h i j k l m n o p q r s t u v w x y z]</exemplarCharacters>
		<exemplarCharacters type="index">[A B C D E F G H I J K L M N O P Q R S T U V W X Y Z]</exemplarCharacters>
	</characters>
	<delimiters>
		<quotationStart>'</quotationStart>
		<quotationEnd>'</quotationEnd>
		<alternateQuotationStart>&quot;</alternateQuotationStart>
		<alternateQuotationEnd>&quot;</alternateQuotationEnd>
	</delimiters>
	<dates>
		<calendars>
			<calendar type="gregorian">
				<months>
					<monthContext type="format">
						<monthWidth type="abbreviated">
							<month type="1">Aha</month>
							<month type="2">Ofl</month>
							<month type="3">Och</month>
							<month type="4">Abe</month>
							<month type="5">Agb</month>
							<month type="6">Otu</month>
							<month type="7">Maa</month>
							<month type="8">Man</month>
							<month type="9">Gbo</month>
							<month type="10">Ant</month>
							<month type="11">Ale</month>
							<month type="12">Afu</month>
						</monthWidth>
						<monthWidth type="wide">
							<month type="1">Aharabata</month>
							<month type="2">Oflo</month>
							<month type="3">Ochokrikri</month>
							<month type="4">Abeibee</month>
							<month type="5">Agbeinaa</month>
							<month type="6">Otukwadan</month>
							<month type="7">Maawe</month>
							<month type="8">Manyawale</month>
							<month type="9">Gbo</month>
							<month type="10">Anton</month>
							<month type="11">Alemle</month>
							<month type="12">Afuabee</month>
						</monthWidth>
					</monthContext>
				</months>
				<days>
					<dayContext type="format">
						<dayWidth type="abbreviated">
							<day type="sun">Ho</day>
							<day type="mon">Dzu</day>
							<day type="tue">Dzf</day>
							<day type="wed">Sho</day>
							<day type="thu">Soo</day>
							<day type="fri">Soh</day>
							<day type="sat">Ho</day>
						</dayWidth>
						<dayWidth type="wide">
							<day type="sun">Hogbaa</day>
							<day type="mon">Dzu</day>
							<day type="tue">Dzufo</day>
							<day type="wed">Sho</day>
							<day type="thu">Soo</day>
							<day type="fri">Sohaa</day>
							<day type="sat">Ho</day>
						</dayWidth>
					</dayContext>
				</days>
				<dayPeriods>
					<dayPeriodContext type="format">
						<dayPeriodWidth type="wide">
							<dayPeriod type="am">LB</dayPeriod>
							<dayPeriod type="pm">SN</dayPeriod>
						</dayPeriodWidth>
					</dayPeriodContext>
				</dayPeriods>
				<eras>
					<eraNames>
						<era type="0">Dani Jesu</era>
						<era type="1">KJ</era>
					</eraNames>
					<eraAbbr>
						<era type="0">DJ</era>
						<era type="1">KJ</era>
					</eraAbbr>
				</eras>
				<dateFormats>
					<dateFormatLength type="full">
						<dateFormat>
							<pattern>EEEE, y MMMM dd</pattern>
						</dateFormat>
					</dateFormatLength>
					<dateFormatLength type="long">
						<dateFormat>
							<pattern>y MMMM d</pattern>
						</dateFormat>
					</dateFormatLength>
					<dateFormatLength type="medium">
						<dateFormat>
							<pattern>y MMM d</pattern>
						</dateFormat>
					</dateFormatLength>
					<dateFormatLength type="short">
						<dateFormat>
							<pattern>yy/MM/dd</pattern>
						</dateFormat>
					</dateFormatLength>
				</dateFormats>
				<timeFormats>
					<timeFormatLength type="full">
						<timeFormat>
							<pattern>HH:mm:ss zzzz</pattern>
						</timeFormat>
					</timeFormatLength>
					<timeFormatLength type="long">
						<timeFormat>
							<pattern>HH:mm:ss z</pattern>
						</timeFormat>
					</timeFormatLength>
					<timeFormatLength type="medium">
						<timeFormat>
							<pattern>HH:mm:ss</pattern>
						</timeFormat>
					</timeFormatLength>
					<timeFormatLength type="short">
						<timeFormat>
							<pattern>HH:mm</pattern>
						</timeFormat>
					</timeFormatLength>
				</timeFormats>
			</calendar>
		</calendars>
	</dates>
	<numbers>
		<currencies>
			<currency type="GHC">
				<displayName>Sidi</displayName>
			</currency>
		</currencies>
	</numbers>
</ldml>

