<?xml version="1.0" encoding="UTF-8" ?>

<ldml>
	<identity>
		<version number="$Revision: 4767 $"/>
		<generation date="$Date: 2010-02-27 20:54:27 -0600 (Sat, 27 Feb 2010) $"/>
		<language type="kw"/>
	</identity>
	<localeDisplayNames>
		<languages>
			<language type="ar">Arabek</language>
			<language type="cy">Kembrek</language>
			<language type="da">Danek</language>
			<language type="de">Almaynek</language>
			<language type="en">Sowsnek</language>
			<language type="es">Spaynek</language>
			<language type="eu">Baskek</language>
			<language type="fr">Frenkek</language>
			<language type="ga">Wordhonek</language>
			<language type="it">Italek</language>
			<language type="ja">Japanek</language>
			<language type="kw">kernewek</language>
			<language type="nl">Iseldiryek</language>
			<language type="pt">Portyngalek</language>
			<language type="pt_BR">Portyngalek Brasil</language>
			<language type="ru">Russek</language>
			<language type="yue">Kantonek</language>
			<language type="zh">Chinek</language>
			<language type="zh_Hans">Chinek sempel</language>
			<language type="zh_Hant">Chinek hengovek</language>
		</languages>
		<scripts>
			<script type="Arab">Arabek</script>
		</scripts>
		<territories>
			<territory type="BR">Brasil</territory>
			<territory type="CN">China</territory>
			<territory type="DE">Almayn</territory>
			<territory type="FR">Pow Frenk</territory>
			<territory type="GB">Rywvaneth Unys</territory>
			<territory type="IN">Eynda</territory>
			<territory type="IT">Itali</territory>
			<territory type="JP">Japan</territory>
			<territory type="RU">Russi</territory>
			<territory type="US">Statys Unys</territory>
		</territories>
		<keys>
			<key type="calendar">kalans</key>
		</keys>
		<types>
			<type type="gregorian" key="calendar">Kalans gregorek</type>
		</types>
	</localeDisplayNames>
	<characters>
		<exemplarCharacters>[a b c d e f g h i j k l m n o p q r s t u v w x y z]</exemplarCharacters>
		<exemplarCharacters type="index">[A B C D E F G H I J K L M N O P Q R S T U V W X Y Z]</exemplarCharacters>
	</characters>
	<dates>
		<calendars>
			<calendar type="gregorian">
				<months>
					<monthContext type="format">
						<monthWidth type="abbreviated">
							<month type="1">Gen</month>
							<month type="2">Whe</month>
							<month type="3">Mer</month>
							<month type="4">Ebr</month>
							<month type="5">Me</month>
							<month type="6">Efn</month>
							<month type="7">Gor</month>
							<month type="8">Est</month>
							<month type="9">Gwn</month>
							<month type="10">Hed</month>
							<month type="11">Du</month>
							<month type="12">Kev</month>
						</monthWidth>
						<monthWidth type="wide">
							<month type="1">Mys Genver</month>
							<month type="2">Mys Whevrel</month>
							<month type="3">Mys Merth</month>
							<month type="4">Mys Ebrel</month>
							<month type="5">Mys Me</month>
							<month type="6">Mys Efan</month>
							<month type="7">Mys Gortheren</month>
							<month type="8">Mye Est</month>
							<month type="9">Mys Gwyngala</month>
							<month type="10">Mys Hedra</month>
							<month type="11">Mys Du</month>
							<month type="12">Mys Kevardhu</month>
						</monthWidth>
					</monthContext>
				</months>
				<days>
					<dayContext type="format">
						<dayWidth type="abbreviated">
							<day type="sun">Sul</day>
							<day type="mon">Lun</day>
							<day type="tue">Mth</day>
							<day type="wed">Mhr</day>
							<day type="thu">Yow</day>
							<day type="fri">Gwe</day>
							<day type="sat">Sad</day>
						</dayWidth>
						<dayWidth type="wide">
							<day type="sun">De Sul</day>
							<day type="mon">De Lun</day>
							<day type="tue">De Merth</day>
							<day type="wed">De Merher</day>
							<day type="thu">De Yow</day>
							<day type="fri">De Gwener</day>
							<day type="sat">De Sadorn</day>
						</dayWidth>
					</dayContext>
				</days>
				<dayPeriods>
					<dayPeriodContext type="format">
						<dayPeriodWidth type="wide">
							<dayPeriod type="am">a.m.</dayPeriod>
							<dayPeriod type="pm">p.m.</dayPeriod>
						</dayPeriodWidth>
					</dayPeriodContext>
				</dayPeriods>
				<eras>
					<eraAbbr>
						<era type="0">RC</era>
						<era type="1">AD</era>
					</eraAbbr>
				</eras>
				<dateFormats>
					<dateFormatLength type="full">
						<dateFormat>
							<pattern>EEEE d MMMM y</pattern>
						</dateFormat>
					</dateFormatLength>
					<dateFormatLength type="long">
						<dateFormat>
							<pattern>d MMMM y</pattern>
						</dateFormat>
					</dateFormatLength>
					<dateFormatLength type="medium">
						<dateFormat>
							<pattern>d MMM y</pattern>
						</dateFormat>
					</dateFormatLength>
					<dateFormatLength type="short">
						<dateFormat>
							<pattern>dd/MM/yyyy</pattern>
						</dateFormat>
					</dateFormatLength>
				</dateFormats>
				<timeFormats>
					<timeFormatLength type="full">
						<timeFormat>
							<pattern>HH:mm:ss zzzz</pattern>
						</timeFormat>
					</timeFormatLength>
					<timeFormatLength type="long">
						<timeFormat>
							<pattern>HH:mm:ss z</pattern>
						</timeFormat>
					</timeFormatLength>
					<timeFormatLength type="medium">
						<timeFormat>
							<pattern>HH:mm:ss</pattern>
						</timeFormat>
					</timeFormatLength>
					<timeFormatLength type="short">
						<timeFormat>
							<pattern>HH:mm</pattern>
						</timeFormat>
					</timeFormatLength>
				</timeFormats>
				<fields>
					<field type="year">
						<displayName>Bledhen</displayName>
					</field>
					<field type="month">
						<displayName>Mis</displayName>
					</field>
					<field type="week">
						<displayName>Seythun</displayName>
					</field>
					<field type="day">
						<displayName>Dedh</displayName>
					</field>
					<field type="weekday">
						<displayName>Dedh an seythun</displayName>
					</field>
					<field type="dayperiod">
						<displayName>AM/PM</displayName>
					</field>
					<field type="hour">
						<displayName>Eur</displayName>
					</field>
				</fields>
			</calendar>
		</calendars>
		<timeZoneNames>
			<zone type="Etc/Unknown">
				<exemplarCity>Ankoth</exemplarCity>
			</zone>
		</timeZoneNames>
	</dates>
	<numbers>
		<currencyFormats>
			<currencyFormatLength>
				<currencyFormat>
					<pattern>¤#,##0.00</pattern>
				</currencyFormat>
			</currencyFormatLength>
		</currencyFormats>
		<currencies>
			<currency type="EUR">
				<displayName>Euro</displayName>
			</currency>
		</currencies>
	</numbers>
</ldml>

