<?xml version="1.0" encoding="UTF-8" ?>

<ldml>
	<identity>
		<version number="$Revision: 4765 $"/>
		<generation date="$Date: 2010-02-27 18:03:30 -0600 (Sat, 27 Feb 2010) $"/>
		<language type="ss"/>
	</identity>
	<localeDisplayNames>
		<languages>
			<language type="ss">Siswati</language>
		</languages>
	</localeDisplayNames>
	<characters>
		<exemplarCharacters>[a b c d e f g h i j k l m n o p q r s t u v w x y z]</exemplarCharacters>
		<exemplarCharacters type="index">[A B C D E F G H I J K L M N O P Q R S T U V W X Y Z]</exemplarCharacters>
	</characters>
	<delimiters>
		<quotationStart>‘</quotationStart>
		<quotationEnd>’</quotationEnd>
		<alternateQuotationStart>“</alternateQuotationStart>
		<alternateQuotationEnd>”</alternateQuotationEnd>
	</delimiters>
	<dates>
		<calendars>
			<calendar type="gregorian">
				<months>
					<monthContext type="format">
						<monthWidth type="abbreviated">
							<month type="1">Bhi</month>
							<month type="2">Van</month>
							<month type="3">Vol</month>
							<month type="4">Mab</month>
							<month type="5">Nkh</month>
							<month type="6">Nhl</month>
							<month type="7">Kho</month>
							<month type="8">Ngc</month>
							<month type="9">Nyo</month>
							<month type="10">Mph</month>
							<month type="11">Lwe</month>
							<month type="12">Ngo</month>
						</monthWidth>
						<monthWidth type="wide">
							<month type="1">Bhimbidvwane</month>
							<month type="2">iNdlovana</month>
							<month type="3">iNdlovu-lenkhulu</month>
							<month type="4">Mabasa</month>
							<month type="5">iNkhwekhweti</month>
							<month type="6">iNhlaba</month>
							<month type="7">Kholwane</month>
							<month type="8">iNgci</month>
							<month type="9">iNyoni</month>
							<month type="10">iMphala</month>
							<month type="11">Lweti</month>
							<month type="12">iNgongoni</month>
						</monthWidth>
					</monthContext>
				</months>
				<days>
					<dayContext type="format">
						<dayWidth type="abbreviated">
							<day type="sun">Son</day>
							<day type="mon">Mso</day>
							<day type="tue">Bil</day>
							<day type="wed">Tsa</day>
							<day type="thu">Ne</day>
							<day type="fri">Hla</day>
							<day type="sat">Mgc</day>
						</dayWidth>
						<dayWidth type="wide">
							<day type="sun">Lisontfo</day>
							<day type="mon">uMsombuluko</day>
							<day type="tue">Lesibili</day>
							<day type="wed">Lesitsatfu</day>
							<day type="thu">Lesine</day>
							<day type="fri">Lesihlanu</day>
							<day type="sat">uMgcibelo</day>
						</dayWidth>
					</dayContext>
				</days>
			</calendar>
		</calendars>
	</dates>
	<numbers>
		<symbols>
			<decimal>,</decimal>
			<group> </group>
		</symbols>
		<decimalFormats>
			<decimalFormatLength>
				<decimalFormat>
					<pattern>#,##0.###</pattern>
				</decimalFormat>
			</decimalFormatLength>
		</decimalFormats>
		<scientificFormats>
			<scientificFormatLength>
				<scientificFormat>
					<pattern>#E0</pattern>
				</scientificFormat>
			</scientificFormatLength>
		</scientificFormats>
		<percentFormats>
			<percentFormatLength>
				<percentFormat>
					<pattern>#,##0%</pattern>
				</percentFormat>
			</percentFormatLength>
		</percentFormats>
		<currencyFormats>
			<currencyFormatLength>
				<currencyFormat>
					<pattern>¤#,##0.00</pattern>
				</currencyFormat>
			</currencyFormatLength>
		</currencyFormats>
		<currencies>
			<currency type="SZL">
				<symbol>E</symbol>
			</currency>
		</currencies>
	</numbers>
</ldml>

