<?xml version="1.0" encoding="UTF-8" ?>

<ldml>
	<identity>
		<version number="$Revision: 5101 $"/>
		<generation date="$Date: 2010-10-14 17:44:17 -0500 (Thu, 14 Oct 2010) $"/>
		<language type="syr"/>
	</identity>
	<localeDisplayNames>
		<languages>
			<language type="syr">ܣܘܪܝܝܐ</language>
		</languages>
		<territories>
			<territory type="SY">ܣܘܪܝܝܐ</territory>
		</territories>
	</localeDisplayNames>
	<layout>
		<orientation characters="right-to-left"/>
	</layout>
	<characters>
		<exemplarCharacters>[\u0740\u0743\u0744\u0747\u0748\u0749\u074A \u0741\u0745 \u0742\u0746 \u0711 \u0730 \u0731 \u0732 \u0733 \u0734 \u0735 \u0736 \u0737 \u0738 \u0739 \u073A \u073B \u073C \u073D \u073E \u073F ܃ ܄ ܅ ܆ ܇ ܈ ܉ ܁ ܂ ܀ ܊ ܋ ܌ ܍ ܐ ܒ ܓ ܔ ܖ ܕ ܗ ܘ ܙ ܚ ܛ ܜ ܝ ܞ ܟ ܠ ܡ ܢ ܣ ܤ ܥ ܦ ܧ ܨ ܩ ܪ ܫ ܬ]</exemplarCharacters>
		<exemplarCharacters type="auxiliary">[܏ \u200C \u200D ܭ ܮ ܯ ݍ ݎ ݏ]</exemplarCharacters>
		<exemplarCharacters type="index">[ܐ ܒ ܓ ܖ ܕ ܗ ܘ ܙ ܚ ܛ ܝ ܞ ܟ ܠ ܡ ܢ ܣ ܥ ܦ ܨ ܩ ܪ ܫ ܬ]</exemplarCharacters>
	</characters>
	<dates>
		<calendars>
			<calendar type="gregorian">
				<months>
					<monthContext type="format">
						<monthWidth type="wide">
							<month type="1">܏ܟܢ ܏ܒ</month>
							<month type="2">ܫܒܛ</month>
							<month type="3">ܐܕܪ</month>
							<month type="4">ܢܝܣܢ</month>
							<month type="5">ܐܝܪ</month>
							<month type="6">ܚܙܝܪܢ</month>
							<month type="7">ܬܡܘܙ</month>
							<month type="8">ܐܒ</month>
							<month type="9">ܐܝܠܘܠ</month>
							<month type="10">܏ܬܫ ܏ܐ</month>
							<month type="11">܏ܬܫ ܏ܒ</month>
							<month type="12">܏ܟܢ ܏ܐ</month>
						</monthWidth>
					</monthContext>
				</months>
				<dateFormats>
					<dateFormatLength type="full">
						<dateFormat>
							<pattern>dd MMMM, y</pattern>
						</dateFormat>
					</dateFormatLength>
					<dateFormatLength type="long">
						<dateFormat>
							<pattern>dd MMMM, y</pattern>
						</dateFormat>
					</dateFormatLength>
					<dateFormatLength type="medium">
						<dateFormat>
							<pattern>dd/MM/yyyy</pattern>
						</dateFormat>
					</dateFormatLength>
					<dateFormatLength type="short">
						<dateFormat>
							<pattern>dd/MM/yyyy</pattern>
						</dateFormat>
					</dateFormatLength>
				</dateFormats>
				<timeFormats>
					<timeFormatLength type="full">
						<timeFormat>
							<pattern>h:mm:ss a zzzz</pattern>
						</timeFormat>
					</timeFormatLength>
					<timeFormatLength type="long">
						<timeFormat>
							<pattern>h:mm:ss a z</pattern>
						</timeFormat>
					</timeFormatLength>
					<timeFormatLength type="medium">
						<timeFormat>
							<pattern>h:mm:ss a</pattern>
						</timeFormat>
					</timeFormatLength>
					<timeFormatLength type="short">
						<timeFormat>
							<pattern>h:mm a</pattern>
						</timeFormat>
					</timeFormatLength>
				</timeFormats>
			</calendar>
		</calendars>
	</dates>
	<numbers>
		<decimalFormats>
			<decimalFormatLength>
				<decimalFormat>
					<pattern>#,##0.###;#,##0.###-</pattern>
				</decimalFormat>
			</decimalFormatLength>
		</decimalFormats>
		<currencyFormats>
			<currencyFormatLength>
				<currencyFormat>
					<pattern>¤ #,##0.00;¤ #,##0.00-</pattern>
				</currencyFormat>
			</currencyFormatLength>
		</currencyFormats>
		<currencies>
			<currency type="SYP">
				<symbol>ل.س.‏</symbol>
			</currency>
		</currencies>
	</numbers>
</ldml>

