<?xml version="1.0" encoding="UTF-8" ?>

<ldml>
	<identity>
		<version number="$Revision: 4772 $"/>
		<generation date="$Date: 2010-02-28 19:38:08 -0600 (Sun, 28 Feb 2010) $"/>
		<language type="zh"/>
		<script type="Hans"/>
		<territory type="SG"/>
	</identity>
	<localeDisplayNames>
		<types>
			<type type="big5han" key="collation">繁体中文笔划顺序</type>
			<type type="gb2312han" key="collation">简体中文拼音顺序</type>
		</types>
	</localeDisplayNames>
	<dates>
		<calendars>
			<calendar type="buddhist">
				<dateTimeFormats>
					<intervalFormats>
						<intervalFormatItem id="MMMM">
							<greatestDifference id="M">LLLL-LLLL</greatestDifference>
						</intervalFormatItem>
					</intervalFormats>
				</dateTimeFormats>
			</calendar>
			<calendar type="gregorian">
				<dateFormats>
					<dateFormatLength type="short">
						<dateFormat>
							<pattern>dd/MM/yy</pattern>
						</dateFormat>
					</dateFormatLength>
				</dateFormats>
				<timeFormats>
					<timeFormatLength type="long">
						<timeFormat>
							<pattern>ahh:mm:ssz</pattern>
						</timeFormat>
					</timeFormatLength>
					<timeFormatLength type="short">
						<timeFormat>
							<pattern>ahh:mm</pattern>
						</timeFormat>
					</timeFormatLength>
				</timeFormats>
				<dateTimeFormats>
					<availableFormats>
						<dateFormatItem id="Md">M月d日</dateFormatItem>
					</availableFormats>
					<intervalFormats>
						<intervalFormatFallback>{0}至{1}</intervalFormatFallback>
						<intervalFormatItem id="h">
							<greatestDifference id="a">ahh至ahh</greatestDifference>
							<greatestDifference id="h">ahh至hh</greatestDifference>
						</intervalFormatItem>
						<intervalFormatItem id="hm">
							<greatestDifference id="a">ahh:mm至ahh:mm</greatestDifference>
							<greatestDifference id="h">ahh:mm至hh:mm</greatestDifference>
							<greatestDifference id="m">ahh:mm至hh:mm</greatestDifference>
						</intervalFormatItem>
						<intervalFormatItem id="hmv">
							<greatestDifference id="a">ahh:mm至ahh:mmv</greatestDifference>
							<greatestDifference id="h">ahh:mm至hh:mmv</greatestDifference>
							<greatestDifference id="m">ahh:mm至hh:mmv</greatestDifference>
						</intervalFormatItem>
						<intervalFormatItem id="Hmv">
							<greatestDifference id="a">vHH:mm至HH:mm</greatestDifference>
							<greatestDifference id="H">vHH:mm至HH:mm</greatestDifference>
							<greatestDifference id="m">vHH:mm至HH:mm</greatestDifference>
						</intervalFormatItem>
						<intervalFormatItem id="hv">
							<greatestDifference id="a">ahh至ahhv</greatestDifference>
							<greatestDifference id="h">ahh至hhv</greatestDifference>
						</intervalFormatItem>
						<intervalFormatItem id="Hv">
							<greatestDifference id="a">vHH至HH</greatestDifference>
							<greatestDifference id="H">vHH至HH</greatestDifference>
						</intervalFormatItem>
						<intervalFormatItem id="M">
							<greatestDifference id="M">M–M</greatestDifference>
						</intervalFormatItem>
						<intervalFormatItem id="Md">
							<greatestDifference id="d">dd/MM至dd/MM</greatestDifference>
							<greatestDifference id="M">dd/MM至dd/MM</greatestDifference>
						</intervalFormatItem>
						<intervalFormatItem id="MEd">
							<greatestDifference id="d">dd/MME至dd/MME</greatestDifference>
							<greatestDifference id="M">dd/MME至dd/MME</greatestDifference>
						</intervalFormatItem>
						<intervalFormatItem id="MMMEd">
							<greatestDifference id="d">MMMd日E至MMMd日E</greatestDifference>
						</intervalFormatItem>
						<intervalFormatItem id="y">
							<greatestDifference id="y">y-y</greatestDifference>
						</intervalFormatItem>
						<intervalFormatItem id="yM">
							<greatestDifference id="M">MM/yy至MM/yy</greatestDifference>
							<greatestDifference id="y">MM/yy至MM/yy</greatestDifference>
						</intervalFormatItem>
						<intervalFormatItem id="yMd">
							<greatestDifference id="d">dd/MM/yy至dd/MM/yy</greatestDifference>
							<greatestDifference id="M">dd/MM/yy至dd/MM/yy</greatestDifference>
							<greatestDifference id="y">dd/MM/yy至dd/MM/yy</greatestDifference>
						</intervalFormatItem>
						<intervalFormatItem id="yMEd">
							<greatestDifference id="d">dd/MM/yyE至dd/MM/yyE</greatestDifference>
							<greatestDifference id="M">dd/MM/yyE至dd/MM/yyE</greatestDifference>
							<greatestDifference id="y">dd/MM/yyE至dd/MM/yyE</greatestDifference>
						</intervalFormatItem>
					</intervalFormats>
				</dateTimeFormats>
			</calendar>
		</calendars>
		<timeZoneNames>
			<metazone type="Acre">
				<long>
					<standard>阿克里时间</standard>
				</long>
				<short>
					<standard>ACT（阿克里）</standard>
					<daylight>ACST（阿克里）</daylight>
				</short>
			</metazone>
			<metazone type="Amazon">
				<long>
					<standard>亚马逊时间</standard>
				</long>
			</metazone>
			<metazone type="America_Central">
				<long>
					<generic>中部时间</generic>
				</long>
			</metazone>
			<metazone type="America_Eastern">
				<long>
					<generic>东部时间</generic>
				</long>
			</metazone>
			<metazone type="America_Mountain">
				<long>
					<generic>山区时间</generic>
				</long>
			</metazone>
			<metazone type="America_Pacific">
				<long>
					<daylight>太平洋时间</daylight>
				</long>
			</metazone>
			<metazone type="Argentina">
				<long>
					<standard>阿根廷时间</standard>
				</long>
			</metazone>
			<metazone type="Argentina_Western">
				<long>
					<standard>阿根廷西部时间</standard>
				</long>
			</metazone>
			<metazone type="Baku">
				<long>
					<standard>巴库时间</standard>
				</long>
			</metazone>
			<metazone type="Bangladesh">
				<long>
					<standard>孟加拉时间</standard>
				</long>
			</metazone>
			<metazone type="Bhutan">
				<long>
					<standard>不丹时间</standard>
				</long>
			</metazone>
			<metazone type="Borneo">
				<long>
					<standard>婆罗洲时间</standard>
				</long>
			</metazone>
			<metazone type="Brasilia">
				<long>
					<standard>巴西利亚时间</standard>
				</long>
			</metazone>
			<metazone type="Chile">
				<long>
					<standard>智利时间</standard>
				</long>
			</metazone>
			<metazone type="Choibalsan">
				<long>
					<standard>乔巴山时间</standard>
				</long>
			</metazone>
			<metazone type="Dacca">
				<long>
					<standard>达卡时间</standard>
				</long>
			</metazone>
			<metazone type="Dushanbe">
				<long>
					<standard>杜尚别时间</standard>
				</long>
			</metazone>
			<metazone type="Dutch_Guiana">
				<long>
					<standard>荷属圭亚那时间</standard>
				</long>
			</metazone>
			<metazone type="East_Timor">
				<long>
					<standard>东帝汶时间</standard>
				</long>
			</metazone>
			<metazone type="Ecuador">
				<long>
					<standard>厄瓜多尔时间</standard>
				</long>
			</metazone>
			<metazone type="Frunze">
				<long>
					<standard>伏龙芝时间</standard>
				</long>
			</metazone>
			<metazone type="Georgia">
				<long>
					<standard>格鲁吉亚时间</standard>
				</long>
			</metazone>
			<metazone type="Greenland_Central">
				<long>
					<standard>格陵兰中部时间</standard>
					<daylight>格陵兰中部夏令时间</daylight>
				</long>
			</metazone>
			<metazone type="Greenland_Eastern">
				<long>
					<standard>格陵兰东部时间</standard>
					<daylight>格陵兰东部夏令时间</daylight>
				</long>
			</metazone>
			<metazone type="Greenland_Western">
				<long>
					<standard>格陵兰西部时间</standard>
					<daylight>格陵兰西部夏令时间</daylight>
				</long>
			</metazone>
			<metazone type="Gulf">
				<long>
					<generic>海湾时间</generic>
				</long>
			</metazone>
			<metazone type="Indochina">
				<long>
					<standard>中南半岛时间</standard>
				</long>
			</metazone>
			<metazone type="Indonesia_Central">
				<long>
					<standard>印度尼西亚中部时间</standard>
				</long>
			</metazone>
			<metazone type="Indonesia_Eastern">
				<long>
					<standard>印度尼西亚东部时间</standard>
				</long>
			</metazone>
			<metazone type="Indonesia_Western">
				<long>
					<standard>印度尼西亚西部时间</standard>
				</long>
			</metazone>
			<metazone type="Karachi">
				<long>
					<standard>卡拉奇时间</standard>
				</long>
			</metazone>
			<metazone type="Kashgar">
				<long>
					<standard>喀什时间</standard>
				</long>
			</metazone>
		</timeZoneNames>
	</dates>
</ldml>
