<?xml version="1.0" encoding="UTF-8"?>
<package xmlns="http://pear.php.net/dtd/package-2.1" xmlns:tasks="http://pear.php.net/dtd/tasks-1.0" xmlns:xsi="http://www.w3.org/2001/XMLSchema-instance" version="2.1" xsi:schemaLocation="http://pear.php.net/dtd/tasks-1.0     http://pear.php.net/dtd/tasks-1.0.xsd     http://pear.php.net/dtd/package-2.1     http://pear.php.net/dtd/package-2.1.xsd" packagerversion="2.0.0">
 <name>Zend_Acl</name>
 <channel>packages.zendframework.com</channel>
 <summary>Package Zend_Acl summary.\n\n&quot; . &quot;Package detailed description here (found in README)</summary>
 <description/>
 <lead>
  <name>Your Name</name>
  <user>handle</user>
  <email>handle@php.net</email>
  <active>yes</active>
 </lead>
 <date>2012-03-02</date>
 <time>21:10:10</time>
 <version>
  <release>2.0.0beta3</release>
  <api>2.0.0beta3</api>
 </version>
 <stability>
  <release>beta</release>
  <api>beta</api>
 </stability>
 <license uri="http://www.opensource.org/licenses/bsd-license.php">New BSD License</license>
 <notes>Package  Zend_Acl release notes for version 0.1.0.

Package Zend_Acl API release notes for version 0.1.0.</notes>
 <contents>
  <dir name="/">
   <file role="php" name="php/Zend/Acl/Role/Registry.php"/>
   <file role="php" name="php/Zend/Acl/Role/GenericRole.php"/>
   <file role="php" name="php/Zend/Acl/Role.php"/>
   <file role="php" name="php/Zend/Acl/Resource/GenericResource.php"/>
   <file role="php" name="php/Zend/Acl/Resource.php"/>
   <file role="php" name="php/Zend/Acl/Exception/RuntimeException.php"/>
   <file role="php" name="php/Zend/Acl/Exception/InvalidArgumentException.php"/>
   <file role="php" name="php/Zend/Acl/Exception.php"/>
   <file role="php" name="php/Zend/Acl/Assertion.php"/>
   <file role="php" name="php/Zend/Acl/Acl.php"/>
  </dir>
 </contents>
 <dependencies>
  <required>
   <php>
    <min>5.2.0</min>
   </php>
   <pearinstaller>
    <min>2.0.0a1</min>
   </pearinstaller>
  </required>
 </dependencies>
 <phprelease/>
</package>
