<?xml version="1.0" encoding="UTF-8"?>
<package xmlns="http://pear.php.net/dtd/package-2.1" xmlns:tasks="http://pear.php.net/dtd/tasks-1.0" xmlns:xsi="http://www.w3.org/2001/XMLSchema-instance" version="2.1" xsi:schemaLocation="http://pear.php.net/dtd/tasks-1.0     http://pear.php.net/dtd/tasks-1.0.xsd     http://pear.php.net/dtd/package-2.1     http://pear.php.net/dtd/package-2.1.xsd" packagerversion="2.0.0">
 <name>Zend_Log</name>
 <channel>packages.zendframework.com</channel>
 <summary>Package Zend_Log summary.\n\n&quot; . &quot;Package detailed description here (found in README)</summary>
 <description/>
 <lead>
  <name>Your Name</name>
  <user>handle</user>
  <email>handle@php.net</email>
  <active>yes</active>
 </lead>
 <date>2012-08-29</date>
 <time>11:33:46</time>
 <version>
  <release>2.0.0rc6</release>
  <api>2.0.0rc6</api>
 </version>
 <stability>
  <release>stable</release>
  <api>stable</api>
 </stability>
 <license uri="http://www.opensource.org/licenses/bsd-license.php">New BSD License</license>
 <notes>Package  Zend_Log release notes for version 0.1.0.

Package Zend_Log API release notes for version 0.1.0.</notes>
 <contents>
  <dir name="/">
   <file role="php" name="php/Zend/Log/WriterPluginManager.php"/>
   <file role="php" name="php/Zend/Log/Writer/ZendMonitor.php"/>
   <file role="php" name="php/Zend/Log/Writer/WriterInterface.php"/>
   <file role="php" name="php/Zend/Log/Writer/Syslog.php"/>
   <file role="php" name="php/Zend/Log/Writer/Stream.php"/>
   <file role="php" name="php/Zend/Log/Writer/Null.php"/>
   <file role="php" name="php/Zend/Log/Writer/MongoDB.php"/>
   <file role="php" name="php/Zend/Log/Writer/Mock.php"/>
   <file role="php" name="php/Zend/Log/Writer/Mail.php"/>
   <file role="php" name="php/Zend/Log/Writer/FirePhp/FirePhpInterface.php"/>
   <file role="php" name="php/Zend/Log/Writer/FirePhp/FirePhpBridge.php"/>
   <file role="php" name="php/Zend/Log/Writer/FirePhp.php"/>
   <file role="php" name="php/Zend/Log/Writer/FilterPluginManager.php"/>
   <file role="php" name="php/Zend/Log/Writer/Db.php"/>
   <file role="php" name="php/Zend/Log/Writer/AbstractWriter.php"/>
   <file role="php" name="php/Zend/Log/LoggerInterface.php"/>
   <file role="php" name="php/Zend/Log/LoggerAwareInterface.php"/>
   <file role="php" name="php/Zend/Log/Logger.php"/>
   <file role="php" name="php/Zend/Log/Formatter/Xml.php"/>
   <file role="php" name="php/Zend/Log/Formatter/Simple.php"/>
   <file role="php" name="php/Zend/Log/Formatter/FormatterInterface.php"/>
   <file role="php" name="php/Zend/Log/Formatter/FirePhp.php"/>
   <file role="php" name="php/Zend/Log/Formatter/ExceptionHandler.php"/>
   <file role="php" name="php/Zend/Log/Formatter/ErrorHandler.php"/>
   <file role="php" name="php/Zend/Log/Filter/Validator.php"/>
   <file role="php" name="php/Zend/Log/Filter/SuppressFilter.php"/>
   <file role="php" name="php/Zend/Log/Filter/Regex.php"/>
   <file role="php" name="php/Zend/Log/Filter/Priority.php"/>
   <file role="php" name="php/Zend/Log/Filter/Mock.php"/>
   <file role="php" name="php/Zend/Log/Filter/FilterInterface.php"/>
   <file role="php" name="php/Zend/Log/Exception/RuntimeException.php"/>
   <file role="php" name="php/Zend/Log/Exception/InvalidArgumentException.php"/>
   <file role="php" name="php/Zend/Log/Exception/ExceptionInterface.php"/>
   <file role="php" name="php/Zend/Log/composer.json"/>
  </dir>
 </contents>
 <dependencies>
  <required>
   <php>
    <min>5.2.0</min>
   </php>
   <pearinstaller>
    <min>2.0.0a1</min>
   </pearinstaller>
   <package>
    <name>Zend_Stdlib</name>
    <channel>packages.zendframework.com</channel>
   </package>
  </required>
  <optional>
   <package>
    <name>Zend_Db</name>
    <channel>packages.zendframework.com</channel>
   </package>
   <package>
    <name>Zend_Mail</name>
    <channel>packages.zendframework.com</channel>
   </package>
   <package>
    <name>Zend_Validator</name>
    <channel>packages.zendframework.com</channel>
   </package>
  </optional>
 </dependencies>
 <phprelease/>
</package>
