<?xml version="1.0" encoding="UTF-8"?>
<package xmlns="http://pear.php.net/dtd/package-2.1" xmlns:tasks="http://pear.php.net/dtd/tasks-1.0" xmlns:xsi="http://www.w3.org/2001/XMLSchema-instance" version="2.1" xsi:schemaLocation="http://pear.php.net/dtd/tasks-1.0     http://pear.php.net/dtd/tasks-1.0.xsd     http://pear.php.net/dtd/package-2.1     http://pear.php.net/dtd/package-2.1.xsd" packagerversion="2.0.0">
 <name>Zend_Authentication</name>
 <channel>packages.zendframework.com</channel>
 <summary>Package Zend_Authentication summary.\n\n&quot; . &quot;Package detailed description here (found in README)</summary>
 <description/>
 <lead>
  <name>Your Name</name>
  <user>handle</user>
  <email>handle@php.net</email>
  <active>yes</active>
 </lead>
 <date>2012-09-21</date>
 <time>14:03:05</time>
 <version>
  <release>2.0.2</release>
  <api>2.0.2</api>
 </version>
 <stability>
  <release>stable</release>
  <api>stable</api>
 </stability>
 <license uri="http://www.opensource.org/licenses/bsd-license.php">New BSD License</license>
 <notes>Package  Zend_Authentication release notes for version 0.1.0.

Package Zend_Authentication API release notes for version 0.1.0.</notes>
 <contents>
  <dir name="/">
   <file role="php" name="php/Zend/Authentication/Storage/StorageInterface.php"/>
   <file role="php" name="php/Zend/Authentication/Storage/Session.php"/>
   <file role="php" name="php/Zend/Authentication/Storage/NonPersistent.php"/>
   <file role="php" name="php/Zend/Authentication/Result.php"/>
   <file role="php" name="php/Zend/Authentication/Exception/UnexpectedValueException.php"/>
   <file role="php" name="php/Zend/Authentication/Exception/RuntimeException.php"/>
   <file role="php" name="php/Zend/Authentication/Exception/InvalidArgumentException.php"/>
   <file role="php" name="php/Zend/Authentication/Exception/ExceptionInterface.php"/>
   <file role="php" name="php/Zend/Authentication/composer.json"/>
   <file role="php" name="php/Zend/Authentication/AuthenticationService.php"/>
   <file role="php" name="php/Zend/Authentication/Adapter/Ldap.php"/>
   <file role="php" name="php/Zend/Authentication/Adapter/Http/ResolverInterface.php"/>
   <file role="php" name="php/Zend/Authentication/Adapter/Http/FileResolver.php"/>
   <file role="php" name="php/Zend/Authentication/Adapter/Http/Exception/RuntimeException.php"/>
   <file role="php" name="php/Zend/Authentication/Adapter/Http/Exception/InvalidArgumentException.php"/>
   <file role="php" name="php/Zend/Authentication/Adapter/Http/Exception/ExceptionInterface.php"/>
   <file role="php" name="php/Zend/Authentication/Adapter/Http.php"/>
   <file role="php" name="php/Zend/Authentication/Adapter/Exception/UnexpectedValueException.php"/>
   <file role="php" name="php/Zend/Authentication/Adapter/Exception/RuntimeException.php"/>
   <file role="php" name="php/Zend/Authentication/Adapter/Exception/InvalidArgumentException.php"/>
   <file role="php" name="php/Zend/Authentication/Adapter/Exception/ExceptionInterface.php"/>
   <file role="php" name="php/Zend/Authentication/Adapter/Digest.php"/>
   <file role="php" name="php/Zend/Authentication/Adapter/DbTable.php"/>
   <file role="php" name="php/Zend/Authentication/Adapter/AdapterInterface.php"/>
  </dir>
 </contents>
 <dependencies>
  <required>
   <php>
    <min>5.2.0</min>
   </php>
   <pearinstaller>
    <min>2.0.0a1</min>
   </pearinstaller>
   <package>
    <name>Zend_Stdlib</name>
    <channel>packages.zendframework.com</channel>
   </package>
  </required>
  <optional>
   <package>
    <name>Zend_Db</name>
    <channel>packages.zendframework.com</channel>
   </package>
   <package>
    <name>Zend_Uri</name>
    <channel>packages.zendframework.com</channel>
   </package>
   <package>
    <name>Zend_Session</name>
    <channel>packages.zendframework.com</channel>
   </package>
  </optional>
 </dependencies>
 <phprelease/>
</package>
