<?xml version="1.0" encoding="UTF-8"?>
<package xmlns="http://pear.php.net/dtd/package-2.1" xmlns:tasks="http://pear.php.net/dtd/tasks-1.0" xmlns:xsi="http://www.w3.org/2001/XMLSchema-instance" version="2.1" xsi:schemaLocation="http://pear.php.net/dtd/tasks-1.0     http://pear.php.net/dtd/tasks-1.0.xsd     http://pear.php.net/dtd/package-2.1     http://pear.php.net/dtd/package-2.1.xsd" packagerversion="2.0.0">
 <name>Zend_Math</name>
 <channel>packages.zendframework.com</channel>
 <summary>Package Zend_Math summary.\n\n&quot; . &quot;Package detailed description here (found in README)</summary>
 <description/>
 <lead>
  <name>Your Name</name>
  <user>handle</user>
  <email>handle@php.net</email>
  <active>yes</active>
 </lead>
 <date>2013-01-29</date>
 <time>17:34:27</time>
 <version>
  <release>2.0.7</release>
  <api>2.0.7</api>
 </version>
 <stability>
  <release>stable</release>
  <api>stable</api>
 </stability>
 <license uri="http://www.opensource.org/licenses/bsd-license.php">New BSD License</license>
 <notes>Package  Zend_Math release notes for version 0.1.0.

Package Zend_Math API release notes for version 0.1.0.</notes>
 <contents>
  <dir name="/">
   <file role="php" name="php/Zend/Math/Rand.php"/>
   <file role="php" name="php/Zend/Math/Exception/RuntimeException.php"/>
   <file role="php" name="php/Zend/Math/Exception/InvalidArgumentException.php"/>
   <file role="php" name="php/Zend/Math/Exception/ExceptionInterface.php"/>
   <file role="php" name="php/Zend/Math/Exception/DomainException.php"/>
   <file role="php" name="php/Zend/Math/composer.json"/>
   <file role="php" name="php/Zend/Math/BigInteger/Exception/RuntimeException.php"/>
   <file role="php" name="php/Zend/Math/BigInteger/Exception/InvalidArgumentException.php"/>
   <file role="php" name="php/Zend/Math/BigInteger/Exception/ExceptionInterface.php"/>
   <file role="php" name="php/Zend/Math/BigInteger/Exception/DivisionByZeroException.php"/>
   <file role="php" name="php/Zend/Math/BigInteger/BigInteger.php"/>
   <file role="php" name="php/Zend/Math/BigInteger/AdapterPluginManager.php"/>
   <file role="php" name="php/Zend/Math/BigInteger/Adapter/Gmp.php"/>
   <file role="php" name="php/Zend/Math/BigInteger/Adapter/Bcmath.php"/>
   <file role="php" name="php/Zend/Math/BigInteger/Adapter/AdapterInterface.php"/>
  </dir>
 </contents>
 <dependencies>
  <required>
   <php>
    <min>5.2.0</min>
   </php>
   <pearinstaller>
    <min>2.0.0a1</min>
   </pearinstaller>
  </required>
 </dependencies>
 <phprelease/>
</package>
