<?xml version="1.0" encoding="UTF-8"?>
<package xmlns="http://pear.php.net/dtd/package-2.1" xmlns:tasks="http://pear.php.net/dtd/tasks-1.0" xmlns:xsi="http://www.w3.org/2001/XMLSchema-instance" version="2.1" xsi:schemaLocation="http://pear.php.net/dtd/tasks-1.0     http://pear.php.net/dtd/tasks-1.0.xsd     http://pear.php.net/dtd/package-2.1     http://pear.php.net/dtd/package-2.1.xsd" packagerversion="2.0.0">
 <name>Zend_Form</name>
 <channel>packages.zendframework.com</channel>
 <summary>Package Zend_Form summary.\n\n&quot; . &quot;Package detailed description here (found in README)</summary>
 <description/>
 <lead>
  <name>Your Name</name>
  <user>handle</user>
  <email>handle@php.net</email>
  <active>yes</active>
 </lead>
 <date>2012-09-21</date>
 <time>14:03:14</time>
 <version>
  <release>2.0.2</release>
  <api>2.0.2</api>
 </version>
 <stability>
  <release>stable</release>
  <api>stable</api>
 </stability>
 <license uri="http://www.opensource.org/licenses/bsd-license.php">New BSD License</license>
 <notes>Package  Zend_Form release notes for version 0.1.0.

Package Zend_Form API release notes for version 0.1.0.</notes>
 <contents>
  <dir name="/">
   <file role="php" name="php/Zend/Form/View/HelperConfig.php"/>
   <file role="php" name="php/Zend/Form/View/Helper/FormWeek.php"/>
   <file role="php" name="php/Zend/Form/View/Helper/FormUrl.php"/>
   <file role="php" name="php/Zend/Form/View/Helper/FormTime.php"/>
   <file role="php" name="php/Zend/Form/View/Helper/FormTextarea.php"/>
   <file role="php" name="php/Zend/Form/View/Helper/FormText.php"/>
   <file role="php" name="php/Zend/Form/View/Helper/FormTel.php"/>
   <file role="php" name="php/Zend/Form/View/Helper/FormSubmit.php"/>
   <file role="php" name="php/Zend/Form/View/Helper/FormSelect.php"/>
   <file role="php" name="php/Zend/Form/View/Helper/FormSearch.php"/>
   <file role="php" name="php/Zend/Form/View/Helper/FormRow.php"/>
   <file role="php" name="php/Zend/Form/View/Helper/FormReset.php"/>
   <file role="php" name="php/Zend/Form/View/Helper/FormRange.php"/>
   <file role="php" name="php/Zend/Form/View/Helper/FormRadio.php"/>
   <file role="php" name="php/Zend/Form/View/Helper/FormPassword.php"/>
   <file role="php" name="php/Zend/Form/View/Helper/FormNumber.php"/>
   <file role="php" name="php/Zend/Form/View/Helper/FormMultiCheckbox.php"/>
   <file role="php" name="php/Zend/Form/View/Helper/FormMonth.php"/>
   <file role="php" name="php/Zend/Form/View/Helper/FormLabel.php"/>
   <file role="php" name="php/Zend/Form/View/Helper/FormInput.php"/>
   <file role="php" name="php/Zend/Form/View/Helper/FormImage.php"/>
   <file role="php" name="php/Zend/Form/View/Helper/FormHidden.php"/>
   <file role="php" name="php/Zend/Form/View/Helper/FormFile.php"/>
   <file role="php" name="php/Zend/Form/View/Helper/FormEmail.php"/>
   <file role="php" name="php/Zend/Form/View/Helper/FormElementErrors.php"/>
   <file role="php" name="php/Zend/Form/View/Helper/FormElement.php"/>
   <file role="php" name="php/Zend/Form/View/Helper/FormDateTimeLocal.php"/>
   <file role="php" name="php/Zend/Form/View/Helper/FormDateTime.php"/>
   <file role="php" name="php/Zend/Form/View/Helper/FormDate.php"/>
   <file role="php" name="php/Zend/Form/View/Helper/FormColor.php"/>
   <file role="php" name="php/Zend/Form/View/Helper/FormCollection.php"/>
   <file role="php" name="php/Zend/Form/View/Helper/FormCheckbox.php"/>
   <file role="php" name="php/Zend/Form/View/Helper/FormCaptcha.php"/>
   <file role="php" name="php/Zend/Form/View/Helper/FormButton.php"/>
   <file role="php" name="php/Zend/Form/View/Helper/Form.php"/>
   <file role="php" name="php/Zend/Form/View/Helper/Captcha/ReCaptcha.php"/>
   <file role="php" name="php/Zend/Form/View/Helper/Captcha/Image.php"/>
   <file role="php" name="php/Zend/Form/View/Helper/Captcha/Figlet.php"/>
   <file role="php" name="php/Zend/Form/View/Helper/Captcha/Dumb.php"/>
   <file role="php" name="php/Zend/Form/View/Helper/Captcha/AbstractWord.php"/>
   <file role="php" name="php/Zend/Form/View/Helper/AbstractHelper.php"/>
   <file role="php" name="php/Zend/Form/TODO.md"/>
   <file role="php" name="php/Zend/Form/FormInterface.php"/>
   <file role="php" name="php/Zend/Form/FormFactoryAwareInterface.php"/>
   <file role="php" name="php/Zend/Form/Form.php"/>
   <file role="php" name="php/Zend/Form/FieldsetPrepareAwareInterface.php"/>
   <file role="php" name="php/Zend/Form/FieldsetInterface.php"/>
   <file role="php" name="php/Zend/Form/Fieldset.php"/>
   <file role="php" name="php/Zend/Form/Factory.php"/>
   <file role="php" name="php/Zend/Form/Exception/UnexpectedValueException.php"/>
   <file role="php" name="php/Zend/Form/Exception/InvalidArgumentException.php"/>
   <file role="php" name="php/Zend/Form/Exception/ExceptionInterface.php"/>
   <file role="php" name="php/Zend/Form/Exception/DomainException.php"/>
   <file role="php" name="php/Zend/Form/Exception/BadMethodCallException.php"/>
   <file role="php" name="php/Zend/Form/ElementPrepareAwareInterface.php"/>
   <file role="php" name="php/Zend/Form/ElementInterface.php"/>
   <file role="php" name="php/Zend/Form/Element/Week.php"/>
   <file role="php" name="php/Zend/Form/Element/Url.php"/>
   <file role="php" name="php/Zend/Form/Element/Time.php"/>
   <file role="php" name="php/Zend/Form/Element/Textarea.php"/>
   <file role="php" name="php/Zend/Form/Element/Text.php"/>
   <file role="php" name="php/Zend/Form/Element/Submit.php"/>
   <file role="php" name="php/Zend/Form/Element/Select.php"/>
   <file role="php" name="php/Zend/Form/Element/Range.php"/>
   <file role="php" name="php/Zend/Form/Element/Radio.php"/>
   <file role="php" name="php/Zend/Form/Element/Password.php"/>
   <file role="php" name="php/Zend/Form/Element/Number.php"/>
   <file role="php" name="php/Zend/Form/Element/MultiCheckbox.php"/>
   <file role="php" name="php/Zend/Form/Element/Month.php"/>
   <file role="php" name="php/Zend/Form/Element/Image.php"/>
   <file role="php" name="php/Zend/Form/Element/Hidden.php"/>
   <file role="php" name="php/Zend/Form/Element/File.php"/>
   <file role="php" name="php/Zend/Form/Element/Email.php"/>
   <file role="php" name="php/Zend/Form/Element/DateTimeLocal.php"/>
   <file role="php" name="php/Zend/Form/Element/DateTime.php"/>
   <file role="php" name="php/Zend/Form/Element/Date.php"/>
   <file role="php" name="php/Zend/Form/Element/Csrf.php"/>
   <file role="php" name="php/Zend/Form/Element/Color.php"/>
   <file role="php" name="php/Zend/Form/Element/Collection.php"/>
   <file role="php" name="php/Zend/Form/Element/Checkbox.php"/>
   <file role="php" name="php/Zend/Form/Element/Captcha.php"/>
   <file role="php" name="php/Zend/Form/Element/Button.php"/>
   <file role="php" name="php/Zend/Form/Element.php"/>
   <file role="php" name="php/Zend/Form/composer.json"/>
   <file role="php" name="php/Zend/Form/Annotation/Validator.php"/>
   <file role="php" name="php/Zend/Form/Annotation/ValidationGroup.php"/>
   <file role="php" name="php/Zend/Form/Annotation/Type.php"/>
   <file role="php" name="php/Zend/Form/Annotation/Required.php"/>
   <file role="php" name="php/Zend/Form/Annotation/Options.php"/>
   <file role="php" name="php/Zend/Form/Annotation/Object.php"/>
   <file role="php" name="php/Zend/Form/Annotation/Name.php"/>
   <file role="php" name="php/Zend/Form/Annotation/InputFilter.php"/>
   <file role="php" name="php/Zend/Form/Annotation/Input.php"/>
   <file role="php" name="php/Zend/Form/Annotation/Hydrator.php"/>
   <file role="php" name="php/Zend/Form/Annotation/FormAnnotationsListener.php"/>
   <file role="php" name="php/Zend/Form/Annotation/Flags.php"/>
   <file role="php" name="php/Zend/Form/Annotation/Filter.php"/>
   <file role="php" name="php/Zend/Form/Annotation/Exclude.php"/>
   <file role="php" name="php/Zend/Form/Annotation/ErrorMessage.php"/>
   <file role="php" name="php/Zend/Form/Annotation/ElementAnnotationsListener.php"/>
   <file role="php" name="php/Zend/Form/Annotation/ComposedObject.php"/>
   <file role="php" name="php/Zend/Form/Annotation/Attributes.php"/>
   <file role="php" name="php/Zend/Form/Annotation/AnnotationBuilder.php"/>
   <file role="php" name="php/Zend/Form/Annotation/AllowEmpty.php"/>
   <file role="php" name="php/Zend/Form/Annotation/AbstractStringAnnotation.php"/>
   <file role="php" name="php/Zend/Form/Annotation/AbstractArrayAnnotation.php"/>
   <file role="php" name="php/Zend/Form/Annotation/AbstractAnnotationsListener.php"/>
  </dir>
 </contents>
 <dependencies>
  <required>
   <php>
    <min>5.2.0</min>
   </php>
   <pearinstaller>
    <min>2.0.0a1</min>
   </pearinstaller>
   <package>
    <name>Zend_InputFilter</name>
    <channel>packages.zendframework.com</channel>
   </package>
  </required>
  <optional>
   <package>
    <name>ZendService_Recaptcha</name>
    <channel>packages.zendframework.com</channel>
   </package>
  </optional>
 </dependencies>
 <phprelease/>
</package>
