<?xml version="1.0" encoding="UTF-8"?>
<package xmlns="http://pear.php.net/dtd/package-2.1" xmlns:tasks="http://pear.php.net/dtd/tasks-1.0" xmlns:xsi="http://www.w3.org/2001/XMLSchema-instance" version="2.1" xsi:schemaLocation="http://pear.php.net/dtd/tasks-1.0     http://pear.php.net/dtd/tasks-1.0.xsd     http://pear.php.net/dtd/package-2.1     http://pear.php.net/dtd/package-2.1.xsd" packagerversion="2.0.0">
 <name>Zend_Config</name>
 <channel>packages.zendframework.com</channel>
 <summary>Package Zend_Config summary.\n\n&quot; . &quot;Package detailed description here (found in README)</summary>
 <description/>
 <lead>
  <name>Your Name</name>
  <user>handle</user>
  <email>handle@php.net</email>
  <active>yes</active>
 </lead>
 <date>2012-10-17</date>
 <time>16:42:48</time>
 <version>
  <release>2.0.3</release>
  <api>2.0.3</api>
 </version>
 <stability>
  <release>stable</release>
  <api>stable</api>
 </stability>
 <license uri="http://www.opensource.org/licenses/bsd-license.php">New BSD License</license>
 <notes>Package  Zend_Config release notes for version 0.1.0.

Package Zend_Config API release notes for version 0.1.0.</notes>
 <contents>
  <dir name="/">
   <file role="php" name="php/Zend/Config/Writer/Yaml.php"/>
   <file role="php" name="php/Zend/Config/Writer/Xml.php"/>
   <file role="php" name="php/Zend/Config/Writer/WriterInterface.php"/>
   <file role="php" name="php/Zend/Config/Writer/PhpArray.php"/>
   <file role="php" name="php/Zend/Config/Writer/Json.php"/>
   <file role="php" name="php/Zend/Config/Writer/Ini.php"/>
   <file role="php" name="php/Zend/Config/Writer/AbstractWriter.php"/>
   <file role="php" name="php/Zend/Config/ReaderPluginManager.php"/>
   <file role="php" name="php/Zend/Config/Reader/Yaml.php"/>
   <file role="php" name="php/Zend/Config/Reader/Xml.php"/>
   <file role="php" name="php/Zend/Config/Reader/ReaderInterface.php"/>
   <file role="php" name="php/Zend/Config/Reader/Json.php"/>
   <file role="php" name="php/Zend/Config/Reader/Ini.php"/>
   <file role="php" name="php/Zend/Config/Processor/Translator.php"/>
   <file role="php" name="php/Zend/Config/Processor/Token.php"/>
   <file role="php" name="php/Zend/Config/Processor/Queue.php"/>
   <file role="php" name="php/Zend/Config/Processor/ProcessorInterface.php"/>
   <file role="php" name="php/Zend/Config/Processor/Filter.php"/>
   <file role="php" name="php/Zend/Config/Processor/Constant.php"/>
   <file role="php" name="php/Zend/Config/Factory.php"/>
   <file role="php" name="php/Zend/Config/Exception/RuntimeException.php"/>
   <file role="php" name="php/Zend/Config/Exception/InvalidArgumentException.php"/>
   <file role="php" name="php/Zend/Config/Exception/ExceptionInterface.php"/>
   <file role="php" name="php/Zend/Config/Config.php"/>
   <file role="php" name="php/Zend/Config/composer.json"/>
  </dir>
 </contents>
 <dependencies>
  <required>
   <php>
    <min>5.2.0</min>
   </php>
   <pearinstaller>
    <min>2.0.0a1</min>
   </pearinstaller>
  </required>
 </dependencies>
 <phprelease/>
</package>
