<?xml version="1.0" encoding="UTF-8"?>
<package xmlns="http://pear.php.net/dtd/package-2.1" xmlns:tasks="http://pear.php.net/dtd/tasks-1.0" xmlns:xsi="http://www.w3.org/2001/XMLSchema-instance" version="2.1" xsi:schemaLocation="http://pear.php.net/dtd/tasks-1.0     http://pear.php.net/dtd/tasks-1.0.xsd     http://pear.php.net/dtd/package-2.1     http://pear.php.net/dtd/package-2.1.xsd" packagerversion="2.0.0">
 <name>ZendOAuth</name>
 <channel>packages.zendframework.com</channel>
 <summary>Package ZendOAuth summary.\n\n&quot; . &quot;Package detailed description here (found in README)</summary>
 <description/>
 <lead>
  <name>Your Name</name>
  <user>handle</user>
  <email>handle@php.net</email>
  <active>yes</active>
 </lead>
 <date>2012-08-23</date>
 <time>16:36:17</time>
 <version>
  <release>2.0.0rc5</release>
  <api>2.0.0rc5</api>
 </version>
 <stability>
  <release>stable</release>
  <api>stable</api>
 </stability>
 <license uri="http://www.opensource.org/licenses/bsd-license.php">New BSD License</license>
 <notes>Package  ZendOAuth release notes for version 0.1.0.

Package ZendOAuth API release notes for version 0.1.0.</notes>
 <contents>
  <dir name="/">
   <file role="php" name="php/ZendOAuth/Token/TokenInterface.php"/>
   <file role="php" name="php/ZendOAuth/Token/Request.php"/>
   <file role="php" name="php/ZendOAuth/Token/AuthorizedRequest.php"/>
   <file role="php" name="php/ZendOAuth/Token/Access.php"/>
   <file role="php" name="php/ZendOAuth/Token/AbstractToken.php"/>
   <file role="php" name="php/ZendOAuth/Signature/SignatureInterface.php"/>
   <file role="php" name="php/ZendOAuth/Signature/Rsa.php"/>
   <file role="php" name="php/ZendOAuth/Signature/Plaintext.php"/>
   <file role="php" name="php/ZendOAuth/Signature/Hmac.php"/>
   <file role="php" name="php/ZendOAuth/Signature/AbstractSignature.php"/>
   <file role="php" name="php/ZendOAuth/OAuth.php"/>
   <file role="php" name="php/ZendOAuth/Http/Utility.php"/>
   <file role="php" name="php/ZendOAuth/Http/UserAuthorization.php"/>
   <file role="php" name="php/ZendOAuth/Http/RequestToken.php"/>
   <file role="php" name="php/ZendOAuth/Http/AccessToken.php"/>
   <file role="php" name="php/ZendOAuth/Http.php"/>
   <file role="php" name="php/ZendOAuth/Exception/RuntimeException.php"/>
   <file role="php" name="php/ZendOAuth/Exception/InvalidArgumentException.php"/>
   <file role="php" name="php/ZendOAuth/Exception/ExceptionInterface.php"/>
   <file role="php" name="php/ZendOAuth/Exception/BadMethodCallException.php"/>
   <file role="php" name="php/ZendOAuth/Consumer.php"/>
   <file role="php" name="php/ZendOAuth/Config/StandardConfig.php"/>
   <file role="php" name="php/ZendOAuth/Config/ConfigInterface.php"/>
   <file role="php" name="php/ZendOAuth/Client.php"/>
  </dir>
 </contents>
 <dependencies>
  <required>
   <php>
    <min>5.2.0</min>
   </php>
   <pearinstaller>
    <min>2.0.0a1</min>
   </pearinstaller>
   <package>
    <name>Zend_Config</name>
    <channel>packages.zendframework.com</channel>
   </package>
   <package>
    <name>Zend_Crypt</name>
    <channel>packages.zendframework.com</channel>
   </package>
   <package>
    <name>Zend_Loader</name>
    <channel>packages.zendframework.com</channel>
   </package>
   <package>
    <name>Zend_Http</name>
    <channel>packages.zendframework.com</channel>
   </package>
   <package>
    <name>Zend_I18n</name>
    <channel>packages.zendframework.com</channel>
   </package>
   <package>
    <name>Zend_Math</name>
    <channel>packages.zendframework.com</channel>
   </package>
   <package>
    <name>Zend_Stdlib</name>
    <channel>packages.zendframework.com</channel>
   </package>
   <package>
    <name>Zend_Uri</name>
    <channel>packages.zendframework.com</channel>
   </package>
  </required>
 </dependencies>
 <phprelease/>
</package>
