<?xml version="1.0" encoding="UTF-8"?>
<package xmlns="http://pear.php.net/dtd/package-2.1" xmlns:tasks="http://pear.php.net/dtd/tasks-1.0" xmlns:xsi="http://www.w3.org/2001/XMLSchema-instance" version="2.1" xsi:schemaLocation="http://pear.php.net/dtd/tasks-1.0     http://pear.php.net/dtd/tasks-1.0.xsd     http://pear.php.net/dtd/package-2.1     http://pear.php.net/dtd/package-2.1.xsd" packagerversion="2.0.0a3">
 <name>Zend_Cache</name>
 <channel>packages.zendframework.com</channel>
 <summary>Package Zend_Cache summary.
</summary>
 <description>
Package detailed description here (found in README)</description>
 <lead>
  <name>Your Name</name>
  <user>handle</user>
  <email>handle@php.net</email>
  <active>yes</active>
 </lead>
 <date>2011-10-17</date>
 <time>08:15:18</time>
 <version>
  <release>2.0.0beta1</release>
  <api>2.0.0beta1</api>
 </version>
 <stability>
  <release>beta</release>
  <api>beta</api>
 </stability>
 <license uri="http://www.opensource.org/licenses/bsd-license.php">New BSD License</license>
 <notes>Package Zend_Cache release notes for version 0.1.0.

Package Zend_Cache API release notes for version 0.1.0.</notes>
 <contents>
  <dir name="/">
   <file role="php" name="php/Zend/Cache/Manager.php"/>
   <file role="php" name="php/Zend/Cache/Frontend/Page.php"/>
   <file role="php" name="php/Zend/Cache/Frontend/Output.php"/>
   <file role="php" name="php/Zend/Cache/Frontend/FunctionFrontend.php"/>
   <file role="php" name="php/Zend/Cache/Frontend/File.php"/>
   <file role="php" name="php/Zend/Cache/Frontend/Core.php"/>
   <file role="php" name="php/Zend/Cache/Frontend/ClassFrontend.php"/>
   <file role="php" name="php/Zend/Cache/Frontend/Capture.php"/>
   <file role="php" name="php/Zend/Cache/Frontend.php"/>
   <file role="php" name="php/Zend/Cache/Exception.php"/>
   <file role="php" name="php/Zend/Cache/Cache.php"/>
   <file role="php" name="php/Zend/Cache/Backend/ZendServer/ShMem.php"/>
   <file role="php" name="php/Zend/Cache/Backend/ZendServer/Disk.php"/>
   <file role="php" name="php/Zend/Cache/Backend/ZendServer/AbstractZendServer.php"/>
   <file role="php" name="php/Zend/Cache/Backend/ZendPlatform.php"/>
   <file role="php" name="php/Zend/Cache/Backend/Xcache.php"/>
   <file role="php" name="php/Zend/Cache/Backend/TwoLevels.php"/>
   <file role="php" name="php/Zend/Cache/Backend/TestBackend.php"/>
   <file role="php" name="php/Zend/Cache/Backend/StaticBackend.php"/>
   <file role="php" name="php/Zend/Cache/Backend/Sqlite.php"/>
   <file role="php" name="php/Zend/Cache/Backend/Memcached.php"/>
   <file role="php" name="php/Zend/Cache/Backend/File.php"/>
   <file role="php" name="php/Zend/Cache/Backend/ExtendedBackend.php"/>
   <file role="php" name="php/Zend/Cache/Backend/BlackHole.php"/>
   <file role="php" name="php/Zend/Cache/Backend/Apc.php"/>
   <file role="php" name="php/Zend/Cache/Backend/AbstractBackend.php"/>
   <file role="php" name="php/Zend/Cache/Backend.php"/>
  </dir>
 </contents>
 <dependencies>
  <required>
   <php>
    <min>5.2.0</min>
   </php>
   <pearinstaller>
    <min>2.0.0a1</min>
   </pearinstaller>
  </required>
  <optional>
   <package>
    <name>Zend_Log</name>
    <channel>packages.zendframework.com</channel>
   </package>
   <package>
    <name>Zend_Config</name>
    <channel>packages.zendframework.com</channel>
   </package>
  </optional>
 </dependencies>
 <phprelease/>
</package>
