<?xml version="1.0" encoding="UTF-8"?>
<package xmlns="http://pear.php.net/dtd/package-2.1" xmlns:tasks="http://pear.php.net/dtd/tasks-1.0" xmlns:xsi="http://www.w3.org/2001/XMLSchema-instance" version="2.1" xsi:schemaLocation="http://pear.php.net/dtd/tasks-1.0     http://pear.php.net/dtd/tasks-1.0.xsd     http://pear.php.net/dtd/package-2.1     http://pear.php.net/dtd/package-2.1.xsd" packagerversion="2.0.0a3">
 <name>Zend_Service_Rackspace</name>
 <channel>packages.zendframework.com</channel>
 <summary>Package Zend_Service_Rackspace summary.
</summary>
 <description>
Package detailed description here (found in README)</description>
 <lead>
  <name>Your Name</name>
  <user>handle</user>
  <email>handle@php.net</email>
  <active>yes</active>
 </lead>
 <date>2011-10-25</date>
 <time>19:11:18</time>
 <version>
  <release>2.0.0beta1</release>
  <api>2.0.0beta1</api>
 </version>
 <stability>
  <release>beta</release>
  <api>beta</api>
 </stability>
 <license uri="http://www.opensource.org/licenses/bsd-license.php">New BSD License</license>
 <notes>Package Zend_Service_Rackspace release notes for version 0.1.0.

Package Zend_Service_Rackspace API release notes for version 0.1.0.</notes>
 <contents>
  <dir name="/">
   <file role="php" name="php/Zend/Service/Rackspace/Servers/SharedIpGroupList.php"/>
   <file role="php" name="php/Zend/Service/Rackspace/Servers/SharedIpGroup.php"/>
   <file role="php" name="php/Zend/Service/Rackspace/Servers/ServerList.php"/>
   <file role="php" name="php/Zend/Service/Rackspace/Servers/Server.php"/>
   <file role="php" name="php/Zend/Service/Rackspace/Servers/ImageList.php"/>
   <file role="php" name="php/Zend/Service/Rackspace/Servers/Image.php"/>
   <file role="php" name="php/Zend/Service/Rackspace/Servers/Exception/RuntimeException.php"/>
   <file role="php" name="php/Zend/Service/Rackspace/Servers/Exception/OutOfBoundsException.php"/>
   <file role="php" name="php/Zend/Service/Rackspace/Servers/Exception/InvalidArgumentException.php"/>
   <file role="php" name="php/Zend/Service/Rackspace/Servers/Exception.php"/>
   <file role="php" name="php/Zend/Service/Rackspace/Servers.php"/>
   <file role="php" name="php/Zend/Service/Rackspace/Rackspace.php"/>
   <file role="php" name="php/Zend/Service/Rackspace/Files/ObjectList.php"/>
   <file role="php" name="php/Zend/Service/Rackspace/Files/Object.php"/>
   <file role="php" name="php/Zend/Service/Rackspace/Files/Exception/RuntimeException.php"/>
   <file role="php" name="php/Zend/Service/Rackspace/Files/Exception/OutOfBoundsException.php"/>
   <file role="php" name="php/Zend/Service/Rackspace/Files/Exception/InvalidArgumentException.php"/>
   <file role="php" name="php/Zend/Service/Rackspace/Files/Exception.php"/>
   <file role="php" name="php/Zend/Service/Rackspace/Files/ContainerList.php"/>
   <file role="php" name="php/Zend/Service/Rackspace/Files/Container.php"/>
   <file role="php" name="php/Zend/Service/Rackspace/Files.php"/>
   <file role="php" name="php/Zend/Service/Rackspace/Exception/RuntimeException.php"/>
   <file role="php" name="php/Zend/Service/Rackspace/Exception/OutOfBoundsException.php"/>
   <file role="php" name="php/Zend/Service/Rackspace/Exception/InvalidArgumentException.php"/>
   <file role="php" name="php/Zend/Service/Rackspace/Exception.php"/>
  </dir>
 </contents>
 <dependencies>
  <required>
   <php>
    <min>5.2.0</min>
   </php>
   <pearinstaller>
    <min>2.0.0a1</min>
   </pearinstaller>
   <package>
    <name>Zend_Http</name>
    <channel>packages.zendframework.com</channel>
   </package>
  </required>
 </dependencies>
 <phprelease/>
</package>
