<?xml version="1.0" encoding="UTF-8"?>
<package xmlns="http://pear.php.net/dtd/package-2.1" xmlns:tasks="http://pear.php.net/dtd/tasks-1.0" xmlns:xsi="http://www.w3.org/2001/XMLSchema-instance" version="2.1" xsi:schemaLocation="http://pear.php.net/dtd/tasks-1.0     http://pear.php.net/dtd/tasks-1.0.xsd     http://pear.php.net/dtd/package-2.1     http://pear.php.net/dtd/package-2.1.xsd" packagerversion="2.0.0">
 <name>Zend_Permissions_Rbac</name>
 <channel>packages.zendframework.com</channel>
 <summary>Package Zend_Permissions_Rbac summary.\n\n&quot; . &quot;Package detailed description here (found in README)</summary>
 <description/>
 <lead>
  <name>Your Name</name>
  <user>handle</user>
  <email>handle@php.net</email>
  <active>yes</active>
 </lead>
 <date>2013-08-26</date>
 <time>11:03:00</time>
 <version>
  <release>2.2.4</release>
  <api>2.2.4</api>
 </version>
 <stability>
  <release>stable</release>
  <api>stable</api>
 </stability>
 <license uri="http://www.opensource.org/licenses/bsd-license.php">New BSD License</license>
 <notes>Package  Zend_Permissions_Rbac release notes for version 0.1.0.

Package Zend_Permissions_Rbac API release notes for version 0.1.0.</notes>
 <contents>
  <dir name="/">
   <file role="php" name="php/Zend/Permissions/Rbac/RoleInterface.php"/>
   <file role="php" name="php/Zend/Permissions/Rbac/Role.php"/>
   <file role="php" name="php/Zend/Permissions/Rbac/README.md"/>
   <file role="php" name="php/Zend/Permissions/Rbac/Rbac.php"/>
   <file role="php" name="php/Zend/Permissions/Rbac/Exception/InvalidArgumentException.php"/>
   <file role="php" name="php/Zend/Permissions/Rbac/Exception/ExceptionInterface.php"/>
   <file role="php" name="php/Zend/Permissions/Rbac/composer.json"/>
   <file role="php" name="php/Zend/Permissions/Rbac/AssertionInterface.php"/>
   <file role="php" name="php/Zend/Permissions/Rbac/AbstractRole.php"/>
   <file role="php" name="php/Zend/Permissions/Rbac/AbstractIterator.php"/>
  </dir>
 </contents>
 <dependencies>
  <required>
   <php>
    <min>5.2.0</min>
   </php>
   <pearinstaller>
    <min>2.0.0a1</min>
   </pearinstaller>
  </required>
 </dependencies>
 <phprelease/>
</package>
