<?xml version="1.0" encoding="UTF-8"?>
<package xmlns="http://pear.php.net/dtd/package-2.1" xmlns:tasks="http://pear.php.net/dtd/tasks-1.0" xmlns:xsi="http://www.w3.org/2001/XMLSchema-instance" version="2.1" xsi:schemaLocation="http://pear.php.net/dtd/tasks-1.0     http://pear.php.net/dtd/tasks-1.0.xsd     http://pear.php.net/dtd/package-2.1     http://pear.php.net/dtd/package-2.1.xsd" packagerversion="2.0.0">
 <name>Zend_Crypt</name>
 <channel>packages.zendframework.com</channel>
 <summary>Package Zend_Crypt summary.\n\n&quot; . &quot;Package detailed description here (found in README)</summary>
 <description/>
 <lead>
  <name>Your Name</name>
  <user>handle</user>
  <email>handle@php.net</email>
  <active>yes</active>
 </lead>
 <date>2013-06-12</date>
 <time>16:14:58</time>
 <version>
  <release>2.2.1</release>
  <api>2.2.1</api>
 </version>
 <stability>
  <release>stable</release>
  <api>stable</api>
 </stability>
 <license uri="http://www.opensource.org/licenses/bsd-license.php">New BSD License</license>
 <notes>Package  Zend_Crypt release notes for version 0.1.0.

Package Zend_Crypt API release notes for version 0.1.0.</notes>
 <contents>
  <dir name="/">
   <file role="php" name="php/Zend/Crypt/Utils.php"/>
   <file role="php" name="php/Zend/Crypt/SymmetricPluginManager.php"/>
   <file role="php" name="php/Zend/Crypt/Symmetric/SymmetricInterface.php"/>
   <file role="php" name="php/Zend/Crypt/Symmetric/PaddingPluginManager.php"/>
   <file role="php" name="php/Zend/Crypt/Symmetric/Padding/Pkcs7.php"/>
   <file role="php" name="php/Zend/Crypt/Symmetric/Padding/PaddingInterface.php"/>
   <file role="php" name="php/Zend/Crypt/Symmetric/Mcrypt.php"/>
   <file role="php" name="php/Zend/Crypt/Symmetric/Exception/RuntimeException.php"/>
   <file role="php" name="php/Zend/Crypt/Symmetric/Exception/InvalidArgumentException.php"/>
   <file role="php" name="php/Zend/Crypt/Symmetric/Exception/ExceptionInterface.php"/>
   <file role="php" name="php/Zend/Crypt/README.md"/>
   <file role="php" name="php/Zend/Crypt/PublicKey/RsaOptions.php"/>
   <file role="php" name="php/Zend/Crypt/PublicKey/Rsa/PublicKey.php"/>
   <file role="php" name="php/Zend/Crypt/PublicKey/Rsa/PrivateKey.php"/>
   <file role="php" name="php/Zend/Crypt/PublicKey/Rsa/Exception/RuntimeException.php"/>
   <file role="php" name="php/Zend/Crypt/PublicKey/Rsa/Exception/InvalidArgumentException.php"/>
   <file role="php" name="php/Zend/Crypt/PublicKey/Rsa/Exception/ExceptionInterface.php"/>
   <file role="php" name="php/Zend/Crypt/PublicKey/Rsa/AbstractKey.php"/>
   <file role="php" name="php/Zend/Crypt/PublicKey/Rsa.php"/>
   <file role="php" name="php/Zend/Crypt/PublicKey/DiffieHellman.php"/>
   <file role="php" name="php/Zend/Crypt/Password/PasswordInterface.php"/>
   <file role="php" name="php/Zend/Crypt/Password/Exception/RuntimeException.php"/>
   <file role="php" name="php/Zend/Crypt/Password/Exception/InvalidArgumentException.php"/>
   <file role="php" name="php/Zend/Crypt/Password/Exception/ExceptionInterface.php"/>
   <file role="php" name="php/Zend/Crypt/Password/Bcrypt.php"/>
   <file role="php" name="php/Zend/Crypt/Password/Apache.php"/>
   <file role="php" name="php/Zend/Crypt/Key/Derivation/Scrypt.php"/>
   <file role="php" name="php/Zend/Crypt/Key/Derivation/SaltedS2k.php"/>
   <file role="php" name="php/Zend/Crypt/Key/Derivation/Pbkdf2.php"/>
   <file role="php" name="php/Zend/Crypt/Key/Derivation/Exception/RuntimeException.php"/>
   <file role="php" name="php/Zend/Crypt/Key/Derivation/Exception/InvalidArgumentException.php"/>
   <file role="php" name="php/Zend/Crypt/Key/Derivation/Exception/ExceptionInterface.php"/>
   <file role="php" name="php/Zend/Crypt/Hmac.php"/>
   <file role="php" name="php/Zend/Crypt/Hash.php"/>
   <file role="php" name="php/Zend/Crypt/Exception/RuntimeException.php"/>
   <file role="php" name="php/Zend/Crypt/Exception/InvalidArgumentException.php"/>
   <file role="php" name="php/Zend/Crypt/Exception/ExceptionInterface.php"/>
   <file role="php" name="php/Zend/Crypt/composer.json"/>
   <file role="php" name="php/Zend/Crypt/BlockCipher.php"/>
  </dir>
 </contents>
 <dependencies>
  <required>
   <php>
    <min>5.2.0</min>
   </php>
   <pearinstaller>
    <min>2.0.0a1</min>
   </pearinstaller>
   <package>
    <name>Zend_Math</name>
    <channel>packages.zendframework.com</channel>
   </package>
   <package>
    <name>Zend_Stdlib</name>
    <channel>packages.zendframework.com</channel>
   </package>
   <package>
    <name>Zend_ServiceManager</name>
    <channel>packages.zendframework.com</channel>
   </package>
  </required>
 </dependencies>
 <phprelease/>
</package>
