<?xml version="1.0" encoding="UTF-8"?>
<package xmlns="http://pear.php.net/dtd/package-2.1" xmlns:tasks="http://pear.php.net/dtd/tasks-1.0" xmlns:xsi="http://www.w3.org/2001/XMLSchema-instance" version="2.1" xsi:schemaLocation="http://pear.php.net/dtd/tasks-1.0     http://pear.php.net/dtd/tasks-1.0.xsd     http://pear.php.net/dtd/package-2.1     http://pear.php.net/dtd/package-2.1.xsd" packagerversion="2.0.0a3">
 <name>Zend_Feed</name>
 <channel>packages.zendframework.com</channel>
 <summary>Package Zend_Feed summary.
</summary>
 <description>
Package detailed description here (found in README)</description>
 <lead>
  <name>Your Name</name>
  <user>handle</user>
  <email>handle@php.net</email>
  <active>yes</active>
 </lead>
 <date>2011-10-17</date>
 <time>08:15:38</time>
 <version>
  <release>2.0.0beta1</release>
  <api>2.0.0beta1</api>
 </version>
 <stability>
  <release>beta</release>
  <api>beta</api>
 </stability>
 <license uri="http://www.opensource.org/licenses/bsd-license.php">New BSD License</license>
 <notes>Package Zend_Feed release notes for version 0.1.0.

Package Zend_Feed API release notes for version 0.1.0.</notes>
 <contents>
  <dir name="/">
   <file role="php" name="php/Zend/Feed/Writer/Writer.php"/>
   <file role="php" name="php/Zend/Feed/Writer/Source.php"/>
   <file role="php" name="php/Zend/Feed/Writer/Renderer/Renderer.php"/>
   <file role="php" name="php/Zend/Feed/Writer/Renderer/Feed/Rss.php"/>
   <file role="php" name="php/Zend/Feed/Writer/Renderer/Feed/AtomSource.php"/>
   <file role="php" name="php/Zend/Feed/Writer/Renderer/Feed/Atom/Source.php"/>
   <file role="php" name="php/Zend/Feed/Writer/Renderer/Feed/Atom/AbstractAtom.php"/>
   <file role="php" name="php/Zend/Feed/Writer/Renderer/Feed/Atom.php"/>
   <file role="php" name="php/Zend/Feed/Writer/Renderer/Feed/AbstractAtom.php"/>
   <file role="php" name="php/Zend/Feed/Writer/Renderer/Entry/Rss.php"/>
   <file role="php" name="php/Zend/Feed/Writer/Renderer/Entry/AtomDeleted.php"/>
   <file role="php" name="php/Zend/Feed/Writer/Renderer/Entry/Atom/Deleted.php"/>
   <file role="php" name="php/Zend/Feed/Writer/Renderer/Entry/Atom.php"/>
   <file role="php" name="php/Zend/Feed/Writer/Renderer/AbstractRenderer.php"/>
   <file role="php" name="php/Zend/Feed/Writer/Renderer.php"/>
   <file role="php" name="php/Zend/Feed/Writer/InvalidMethodException.php"/>
   <file role="php" name="php/Zend/Feed/Writer/Feed.php"/>
   <file role="php" name="php/Zend/Feed/Writer/Extension/WellFormedWeb/Renderer/Entry.php"/>
   <file role="php" name="php/Zend/Feed/Writer/Extension/Threading/Renderer/Entry.php"/>
   <file role="php" name="php/Zend/Feed/Writer/Extension/Slash/Renderer/Entry.php"/>
   <file role="php" name="php/Zend/Feed/Writer/Extension/Renderer.php"/>
   <file role="php" name="php/Zend/Feed/Writer/Extension/ITunes/Renderer/Feed.php"/>
   <file role="php" name="php/Zend/Feed/Writer/Extension/ITunes/Renderer/Entry.php"/>
   <file role="php" name="php/Zend/Feed/Writer/Extension/ITunes/Feed.php"/>
   <file role="php" name="php/Zend/Feed/Writer/Extension/ITunes/Entry.php"/>
   <file role="php" name="php/Zend/Feed/Writer/Extension/DublinCore/Renderer/Feed.php"/>
   <file role="php" name="php/Zend/Feed/Writer/Extension/DublinCore/Renderer/Entry.php"/>
   <file role="php" name="php/Zend/Feed/Writer/Extension/Content/Renderer/Entry.php"/>
   <file role="php" name="php/Zend/Feed/Writer/Extension/Atom/Renderer/Feed.php"/>
   <file role="php" name="php/Zend/Feed/Writer/Extension/AbstractRenderer.php"/>
   <file role="php" name="php/Zend/Feed/Writer/Exception/InvalidMethodException.php"/>
   <file role="php" name="php/Zend/Feed/Writer/Exception.php"/>
   <file role="php" name="php/Zend/Feed/Writer/Entry.php"/>
   <file role="php" name="php/Zend/Feed/Writer/Deleted.php"/>
   <file role="php" name="php/Zend/Feed/Writer/AbstractFeed.php"/>
   <file role="php" name="php/Zend/Feed/Reader/Reader.php"/>
   <file role="php" name="php/Zend/Feed/Reader/FeedSet.php"/>
   <file role="php" name="php/Zend/Feed/Reader/Feed/Rss.php"/>
   <file role="php" name="php/Zend/Feed/Reader/Feed/Atom/Source.php"/>
   <file role="php" name="php/Zend/Feed/Reader/Feed/Atom.php"/>
   <file role="php" name="php/Zend/Feed/Reader/Feed/AbstractFeed.php"/>
   <file role="php" name="php/Zend/Feed/Reader/Feed.php"/>
   <file role="php" name="php/Zend/Feed/Reader/Extension/WellFormedWeb/Entry.php"/>
   <file role="php" name="php/Zend/Feed/Reader/Extension/Thread/Entry.php"/>
   <file role="php" name="php/Zend/Feed/Reader/Extension/Syndication/Feed.php"/>
   <file role="php" name="php/Zend/Feed/Reader/Extension/Slash/Entry.php"/>
   <file role="php" name="php/Zend/Feed/Reader/Extension/Podcast/Feed.php"/>
   <file role="php" name="php/Zend/Feed/Reader/Extension/Podcast/Entry.php"/>
   <file role="php" name="php/Zend/Feed/Reader/Extension/DublinCore/Feed.php"/>
   <file role="php" name="php/Zend/Feed/Reader/Extension/DublinCore/Entry.php"/>
   <file role="php" name="php/Zend/Feed/Reader/Extension/CreativeCommons/Feed.php"/>
   <file role="php" name="php/Zend/Feed/Reader/Extension/CreativeCommons/Entry.php"/>
   <file role="php" name="php/Zend/Feed/Reader/Extension/Content/Entry.php"/>
   <file role="php" name="php/Zend/Feed/Reader/Extension/Atom/Feed.php"/>
   <file role="php" name="php/Zend/Feed/Reader/Extension/Atom/Entry.php"/>
   <file role="php" name="php/Zend/Feed/Reader/Extension/AbstractFeed.php"/>
   <file role="php" name="php/Zend/Feed/Reader/Extension/AbstractEntry.php"/>
   <file role="php" name="php/Zend/Feed/Reader/Exception.php"/>
   <file role="php" name="php/Zend/Feed/Reader/Entry/Rss.php"/>
   <file role="php" name="php/Zend/Feed/Reader/Entry/Atom.php"/>
   <file role="php" name="php/Zend/Feed/Reader/Entry/AbstractEntry.php"/>
   <file role="php" name="php/Zend/Feed/Reader/Entry.php"/>
   <file role="php" name="php/Zend/Feed/Reader/Collection/Collection.php"/>
   <file role="php" name="php/Zend/Feed/Reader/Collection/Category.php"/>
   <file role="php" name="php/Zend/Feed/Reader/Collection/Author.php"/>
   <file role="php" name="php/Zend/Feed/Reader/Collection/AbstractCollection.php"/>
   <file role="php" name="php/Zend/Feed/Reader/Collection.php"/>
   <file role="php" name="php/Zend/Feed/Reader/AbstractFeed.php"/>
   <file role="php" name="php/Zend/Feed/Reader/AbstractEntry.php"/>
   <file role="php" name="php/Zend/Feed/PubSubHubbub/Subscriber/Callback.php"/>
   <file role="php" name="php/Zend/Feed/PubSubHubbub/Subscriber.php"/>
   <file role="php" name="php/Zend/Feed/PubSubHubbub/PubSubHubbub.php"/>
   <file role="php" name="php/Zend/Feed/PubSubHubbub/Publisher.php"/>
   <file role="php" name="php/Zend/Feed/PubSubHubbub/Model/SubscriptionPersistence.php"/>
   <file role="php" name="php/Zend/Feed/PubSubHubbub/Model/Subscription.php"/>
   <file role="php" name="php/Zend/Feed/PubSubHubbub/Model/AbstractModel.php"/>
   <file role="php" name="php/Zend/Feed/PubSubHubbub/HttpResponse.php"/>
   <file role="php" name="php/Zend/Feed/PubSubHubbub/Exception.php"/>
   <file role="php" name="php/Zend/Feed/PubSubHubbub/Callback.php"/>
   <file role="php" name="php/Zend/Feed/PubSubHubbub/AbstractCallback.php"/>
   <file role="php" name="php/Zend/Feed/Exception.php"/>
  </dir>
 </contents>
 <dependencies>
  <required>
   <php>
    <min>5.2.0</min>
   </php>
   <pearinstaller>
    <min>2.0.0a1</min>
   </pearinstaller>
  </required>
  <optional>
   <package>
    <name>Zend_Date</name>
    <channel>packages.zendframework.com</channel>
   </package>
   <package>
    <name>Zend_Uri</name>
    <channel>packages.zendframework.com</channel>
   </package>
   <package>
    <name>Zend_Validator</name>
    <channel>packages.zendframework.com</channel>
   </package>
  </optional>
 </dependencies>
 <phprelease/>
</package>
