<?xml version="1.0" encoding="UTF-8"?>
<package xmlns="http://pear.php.net/dtd/package-2.1" xmlns:tasks="http://pear.php.net/dtd/tasks-1.0" xmlns:xsi="http://www.w3.org/2001/XMLSchema-instance" version="2.1" xsi:schemaLocation="http://pear.php.net/dtd/tasks-1.0     http://pear.php.net/dtd/tasks-1.0.xsd     http://pear.php.net/dtd/package-2.1     http://pear.php.net/dtd/package-2.1.xsd" packagerversion="2.0.0">
 <name>Zend_Service_AgileZen</name>
 <channel>packages.zendframework.com</channel>
 <summary>Package Zend_Service_AgileZen summary.\n\n&quot; . &quot;Package detailed description here (found in README)</summary>
 <description/>
 <lead>
  <name>Your Name</name>
  <user>handle</user>
  <email>handle@php.net</email>
  <active>yes</active>
 </lead>
 <date>2012-03-06</date>
 <time>17:09:45</time>
 <version>
  <release>2.0.0beta3</release>
  <api>2.0.0beta3</api>
 </version>
 <stability>
  <release>beta</release>
  <api>beta</api>
 </stability>
 <license uri="http://www.opensource.org/licenses/bsd-license.php">New BSD License</license>
 <notes>Package  Zend_Service_AgileZen release notes for version 0.1.0.

Package Zend_Service_AgileZen API release notes for version 0.1.0.</notes>
 <contents>
  <dir name="/">
   <file role="php" name="php/Zend/Service/AgileZen/Resources/User.php"/>
   <file role="php" name="php/Zend/Service/AgileZen/Resources/Task.php"/>
   <file role="php" name="php/Zend/Service/AgileZen/Resources/Tag.php"/>
   <file role="php" name="php/Zend/Service/AgileZen/Resources/Story.php"/>
   <file role="php" name="php/Zend/Service/AgileZen/Resources/Role.php"/>
   <file role="php" name="php/Zend/Service/AgileZen/Resources/Project.php"/>
   <file role="php" name="php/Zend/Service/AgileZen/Resources/Phase.php"/>
   <file role="php" name="php/Zend/Service/AgileZen/Resources/Invite.php"/>
   <file role="php" name="php/Zend/Service/AgileZen/Resources/Exception/RuntimeException.php"/>
   <file role="php" name="php/Zend/Service/AgileZen/Resources/Exception/OutOfBoundsException.php"/>
   <file role="php" name="php/Zend/Service/AgileZen/Resources/Exception/InvalidArgumentException.php"/>
   <file role="php" name="php/Zend/Service/AgileZen/Resources/Exception.php"/>
   <file role="php" name="php/Zend/Service/AgileZen/Resources/Comment.php"/>
   <file role="php" name="php/Zend/Service/AgileZen/Resources/Attachment.php"/>
   <file role="php" name="php/Zend/Service/AgileZen/Exception/RuntimeException.php"/>
   <file role="php" name="php/Zend/Service/AgileZen/Exception/OutOfBoundsException.php"/>
   <file role="php" name="php/Zend/Service/AgileZen/Exception/InvalidArgumentException.php"/>
   <file role="php" name="php/Zend/Service/AgileZen/Exception.php"/>
   <file role="php" name="php/Zend/Service/AgileZen/Entity.php"/>
   <file role="php" name="php/Zend/Service/AgileZen/Container.php"/>
   <file role="php" name="php/Zend/Service/AgileZen/AgileZen.php"/>
  </dir>
 </contents>
 <dependencies>
  <required>
   <php>
    <min>5.2.0</min>
   </php>
   <pearinstaller>
    <min>2.0.0a1</min>
   </pearinstaller>
  </required>
 </dependencies>
 <phprelease/>
</package>
