<?xml version="1.0" encoding="UTF-8" ?>

<ldml>
	<identity>
		<version number="$Revision: 5097 $" />
		<generation date="$Date: 2010-10-14 01:15:01 -0500 (Thu, 14 Oct 2010) $" />
		<language type="ca" />
	</identity>
	<collations validSubLocales="ca_ES">
		<collation type="search" >
			<settings normalization="on"/>
			<suppress_contractions>[เ-ไ ເ-ໄ]</suppress_contractions>
			<rules>
				<reset>ا</reset>
					<s>آ</s>
					<s>أ</s>
					<s>إ</s>
				<reset>و</reset>
					<s>ؤ</s>
				<reset>ي</reset>
					<s>ئ</s>
					<s>ى</s>
				<reset>ه</reset>
					<s>ة</s>
				<reset><last_primary_ignorable/></reset>
					<s>׳</s>
					<s>״</s>
					<s>ـ</s>
					<s>ٌ</s>
					<s>ٍ</s>
					<s>َ</s>
					<s>ُ</s>
					<s>ِ</s>
					<s>ّ</s>
					<s>ْ</s>
					<s>ฺ</s>
				
				
				
				
				<reset>L</reset>
				<p>ŀ</p>
				<i>l·</i>
				<t>Ŀ</t>
				<i>L·</i>
			</rules>
		</collation>
		<collation type="standard">
			<settings backwards="on" />
			<rules>
				<reset>L</reset>
				<s>ŀ</s>
				<i>l·</i>
				<t>Ŀ</t>
				<i>L·</i>
			</rules>
		</collation>
	</collations>
</ldml>
