<?xml version="1.0" encoding="UTF-8" ?>

<ldml>
	<identity>
		<version number="$Revision: 5060 $"/>
		<generation date="$Date: 2010-09-12 17:15:40 -0500 (Sun, 12 Sep 2010) $"/>
		<language type="fil" /> 
	</identity>
		<collations validSubLocales="fil_PH">
			<collation type="standard">
				<rules>
					<reset>N</reset>
                    <p>ñ</p>
                    <t>Ñ</t>
                    <p>ng</p>
                    <t>Ng</t>
                    <t>NG</t>
				</rules>
			</collation>
		</collations>
</ldml>
