<?xml version="1.0" encoding="UTF-8" ?>

<ldml>
	<identity>
		<version number="$Revision: 4975 $" />
		<generation date="$Date: 2010-06-09 17:36:15 -0500 (Wed, 09 Jun 2010) $" />
		<language type="kk"/>
	</identity>
	<collations validSubLocales="kk_KZ">
		<collation type="standard">
			<suppress_contractions>[АаӘәГгЕеЖжЗзІіОоӨөКкУуЧчЫыЭэѴѵ]</suppress_contractions>
			<rules>
				<reset>Е</reset>
					<p>ё</p>
					<t>Ё</t>
				<reset>Ұ</reset>
					<p>ү</p>
					<t>Ү</t>
				<reset before="primary">ь</reset>
					<p>і</p>
					<t>І</t>
			</rules>
		</collation>
	</collations>
</ldml>
