<?xml version="1.0" encoding="UTF-8" ?>

<ldml>
	<identity>
		<version number="$Revision: 5023 $" />
		<generation date="$Date: 2010-08-20 14:57:05 -0500 (Fri, 20 Aug 2010) $" />
		<language type="si" />
	</identity>
	<collations validSubLocales="si_LK">
		<collation type="standard">
			<settings normalization="on" />
			<rules>
				<reset>ඖ</reset>
				<p>ං</p>
				<p>ඃ</p>
				<reset>ඥ</reset>
				<p>ඤ</p>
			</rules>
		</collation>
		<collation type="dictionary">
			<settings normalization="on" />
			<rules>
				<reset>ඖ</reset>
				<p>ං</p>
				<p>ඃ</p>
				<reset>ජ්ඤ</reset>
				<s>ඥ</s>
			</rules>
		</collation>
	</collations>
</ldml>
