<?xml version="1.0" encoding="UTF-8" ?>

<ldml>
	<identity>
		<version number="$Revision: 5060 $"/>
		<generation date="$Date: 2010-09-12 17:15:40 -0500 (Sun, 12 Sep 2010) $"/>
		<language type="ta" /> 
	</identity>
		<collations  validSubLocales="ta_IN ta_LK">
<collation type="standard">
  <settings normalization="on"/>
  <rules>
    <reset>ஔ</reset>
        <p>ஂ</p>
        <p>ஃ</p>
    <reset>ஹ</reset>
        <p>க்ஷ</p>
    <reset before="primary">க</reset>
        <p>க்</p>
    <reset before="primary">ங</reset>
        <p>ங்</p>
    <reset before="primary">ச</reset>
        <p>ச்</p>
    <reset before="primary">ஞ</reset>
        <p>ஞ்</p>
    <reset before="primary">ட</reset>
        <p>ட்</p>
    <reset before="primary">ண</reset>
        <p>ண்</p>
    <reset before="primary">த</reset>
        <p>த்</p>
    <reset before="primary">ந</reset>
        <p>ந்</p>
    <reset before="primary">ப</reset>
        <p>ப்</p>
    <reset before="primary">ம</reset>
        <p>ம்</p>
    <reset before="primary">ய</reset>
        <p>ய்</p>
    <reset before="primary">ர</reset>
        <p>ர்</p>
    <reset before="primary">ல</reset>
        <p>ல்</p>
    <reset before="primary">வ</reset>
        <p>வ்</p>
    <reset before="primary">ழ</reset>
        <p>ழ்</p>
    <reset before="primary">ள</reset>
        <p>ள்</p>
    <reset before="primary">ற</reset>
        <p>ற்</p>
    <reset before="primary">ன</reset>
        <p>ன்</p>
    <reset before="primary">ஜ</reset>
        <p>ஜ்</p>
    <reset before="primary">ஶ</reset>
        <p>ஶ்</p>
    <reset before="primary">ஷ</reset>
        <p>ஷ்</p>
    <reset before="primary">ஸ</reset>
        <p>ஸ்</p>
    <reset before="primary">ஹ</reset>
        <p>ஹ்</p>
    <reset before="primary">க்ஷ</reset>
        <p>க்ஷ்</p>
  </rules>
</collation>
		</collations>
</ldml>
