<?xml version="1.0" encoding="UTF-8" ?>

<ldml>
	<identity>
		<version number="$Revision: 4972 $"/>
		<generation date="$Date: 2010-06-08 11:45:08 -0500 (Tue, 08 Jun 2010) $"/>
		<language type="uk" /> 
	</identity>
	<collations validSubLocales="uk_UA">
		<collation type="standard">
			<suppress_contractions>[АаӘәГгЕеЖжЗзОоӨөКкУуЧчЫыЭэѴѵ]</suppress_contractions>
			<rules>
			    <reset>Г</reset>
			        <p>ґ</p>
			        <t>Ґ</t>
			    <reset>я</reset>
			        <p>ь</p>
			        <t>Ь</t>
			</rules>
		</collation>
	</collations>
</ldml>
