<?xml version="1.0" encoding="UTF-8" ?>

<ldml>
	<identity>
		<version number="$Revision: 4941 $"/>
		<generation date="$Date: 2010-05-27 16:18:04 -0500 (Thu, 27 May 2010) $"/>
		<language type="yo"/> 
	</identity>
	<collations validSubLocales="yo_NG">
		<collation type="standard">
			<settings normalization="on"/>
                	<rules>
				<reset>E</reset>
					<p>ẹ</p>
					<t>Ẹ</t>
				<reset>G</reset>
					<p>gb</p>
					<t>Gb</t>
					<t>GB</t>
				<reset>O</reset>
					<p>ọ</p>
					<t>Ọ</t>
				<reset>S</reset>
					<p>ṣ</p>
					<t>Ṣ</t>
			</rules>
		</collation>
	</collations>
</ldml>
