<?xml version="1.0" encoding="UTF-8"?>
<package xmlns="http://pear.php.net/dtd/package-2.1" xmlns:tasks="http://pear.php.net/dtd/tasks-1.0" xmlns:xsi="http://www.w3.org/2001/XMLSchema-instance" version="2.1" xsi:schemaLocation="http://pear.php.net/dtd/tasks-1.0     http://pear.php.net/dtd/tasks-1.0.xsd     http://pear.php.net/dtd/package-2.1     http://pear.php.net/dtd/package-2.1.xsd" packagerversion="2.0.0">
 <name>Zend_EventManager</name>
 <channel>packages.zendframework.com</channel>
 <summary>Package Zend_EventManager summary.\n\n&quot; . &quot;Package detailed description here (found in README)</summary>
 <description/>
 <lead>
  <name>Your Name</name>
  <user>handle</user>
  <email>handle@php.net</email>
  <active>yes</active>
 </lead>
 <date>2013-03-13</date>
 <time>19:24:23</time>
 <version>
  <release>2.1.4</release>
  <api>2.1.4</api>
 </version>
 <stability>
  <release>stable</release>
  <api>stable</api>
 </stability>
 <license uri="http://www.opensource.org/licenses/bsd-license.php">New BSD License</license>
 <notes>Package  Zend_EventManager release notes for version 0.1.0.

Package Zend_EventManager API release notes for version 0.1.0.</notes>
 <contents>
  <dir name="/">
   <file role="php" name="php/Zend/EventManager/StaticEventManager.php"/>
   <file role="php" name="php/Zend/EventManager/SharedListenerAggregateInterface.php"/>
   <file role="php" name="php/Zend/EventManager/SharedEventManagerInterface.php"/>
   <file role="php" name="php/Zend/EventManager/SharedEventManagerAwareInterface.php"/>
   <file role="php" name="php/Zend/EventManager/SharedEventManager.php"/>
   <file role="php" name="php/Zend/EventManager/SharedEventAggregateAwareInterface.php"/>
   <file role="php" name="php/Zend/EventManager/ResponseCollection.php"/>
   <file role="php" name="php/Zend/EventManager/README.md"/>
   <file role="php" name="php/Zend/EventManager/ProvidesEvents.php"/>
   <file role="php" name="php/Zend/EventManager/ListenerAggregateInterface.php"/>
   <file role="php" name="php/Zend/EventManager/GlobalEventManager.php"/>
   <file role="php" name="php/Zend/EventManager/FilterChain.php"/>
   <file role="php" name="php/Zend/EventManager/Filter/FilterIterator.php"/>
   <file role="php" name="php/Zend/EventManager/Filter/FilterInterface.php"/>
   <file role="php" name="php/Zend/EventManager/Exception/InvalidCallbackException.php"/>
   <file role="php" name="php/Zend/EventManager/Exception/InvalidArgumentException.php"/>
   <file role="php" name="php/Zend/EventManager/Exception/ExceptionInterface.php"/>
   <file role="php" name="php/Zend/EventManager/Exception/DomainException.php"/>
   <file role="php" name="php/Zend/EventManager/EventsCapableInterface.php"/>
   <file role="php" name="php/Zend/EventManager/EventManagerInterface.php"/>
   <file role="php" name="php/Zend/EventManager/EventManagerAwareTrait.php"/>
   <file role="php" name="php/Zend/EventManager/EventManagerAwareInterface.php"/>
   <file role="php" name="php/Zend/EventManager/EventManager.php"/>
   <file role="php" name="php/Zend/EventManager/EventInterface.php"/>
   <file role="php" name="php/Zend/EventManager/Event.php"/>
   <file role="php" name="php/Zend/EventManager/composer.json"/>
  </dir>
 </contents>
 <dependencies>
  <required>
   <php>
    <min>5.2.0</min>
   </php>
   <pearinstaller>
    <min>2.0.0a1</min>
   </pearinstaller>
   <package>
    <name>Zend_Stdlib</name>
    <channel>packages.zendframework.com</channel>
   </package>
  </required>
 </dependencies>
 <phprelease/>
</package>
