<?xml version="1.0" encoding="UTF-8"?>
<package xmlns="http://pear.php.net/dtd/package-2.1" xmlns:tasks="http://pear.php.net/dtd/tasks-1.0" xmlns:xsi="http://www.w3.org/2001/XMLSchema-instance" version="2.1" xsi:schemaLocation="http://pear.php.net/dtd/tasks-1.0     http://pear.php.net/dtd/tasks-1.0.xsd     http://pear.php.net/dtd/package-2.1     http://pear.php.net/dtd/package-2.1.xsd" packagerversion="2.0.0">
 <name>Zend_Tag</name>
 <channel>packages.zendframework.com</channel>
 <summary>Package Zend_Tag summary.\n\n&quot; . &quot;Package detailed description here (found in README)</summary>
 <description/>
 <lead>
  <name>Your Name</name>
  <user>handle</user>
  <email>handle@php.net</email>
  <active>yes</active>
 </lead>
 <date>2013-01-29</date>
 <time>17:34:36</time>
 <version>
  <release>2.0.7</release>
  <api>2.0.7</api>
 </version>
 <stability>
  <release>stable</release>
  <api>stable</api>
 </stability>
 <license uri="http://www.opensource.org/licenses/bsd-license.php">New BSD License</license>
 <notes>Package  Zend_Tag release notes for version 0.1.0.

Package Zend_Tag API release notes for version 0.1.0.</notes>
 <contents>
  <dir name="/">
   <file role="php" name="php/Zend/Tag/TaggableInterface.php"/>
   <file role="php" name="php/Zend/Tag/ItemList.php"/>
   <file role="php" name="php/Zend/Tag/Item.php"/>
   <file role="php" name="php/Zend/Tag/Exception/OutOfBoundsException.php"/>
   <file role="php" name="php/Zend/Tag/Exception/InvalidElementNameException.php"/>
   <file role="php" name="php/Zend/Tag/Exception/InvalidAttributeNameException.php"/>
   <file role="php" name="php/Zend/Tag/Exception/InvalidArgumentException.php"/>
   <file role="php" name="php/Zend/Tag/Exception/ExceptionInterface.php"/>
   <file role="php" name="php/Zend/Tag/composer.json"/>
   <file role="php" name="php/Zend/Tag/Cloud/DecoratorPluginManager.php"/>
   <file role="php" name="php/Zend/Tag/Cloud/Decorator/HtmlTag.php"/>
   <file role="php" name="php/Zend/Tag/Cloud/Decorator/HtmlCloud.php"/>
   <file role="php" name="php/Zend/Tag/Cloud/Decorator/Exception/InvalidArgumentException.php"/>
   <file role="php" name="php/Zend/Tag/Cloud/Decorator/Exception/ExceptionInterface.php"/>
   <file role="php" name="php/Zend/Tag/Cloud/Decorator/DecoratorInterface.php"/>
   <file role="php" name="php/Zend/Tag/Cloud/Decorator/AbstractTag.php"/>
   <file role="php" name="php/Zend/Tag/Cloud/Decorator/AbstractDecorator.php"/>
   <file role="php" name="php/Zend/Tag/Cloud/Decorator/AbstractCloud.php"/>
   <file role="php" name="php/Zend/Tag/Cloud.php"/>
  </dir>
 </contents>
 <dependencies>
  <required>
   <php>
    <min>5.2.0</min>
   </php>
   <pearinstaller>
    <min>2.0.0a1</min>
   </pearinstaller>
   <package>
    <name>Zend_Escaper</name>
    <channel>packages.zendframework.com</channel>
   </package>
   <package>
    <name>Zend_Stdlib</name>
    <channel>packages.zendframework.com</channel>
   </package>
  </required>
 </dependencies>
 <phprelease/>
</package>
