<?xml version="1.0" encoding="UTF-8"?>
<package xmlns="http://pear.php.net/dtd/package-2.1" xmlns:tasks="http://pear.php.net/dtd/tasks-1.0" xmlns:xsi="http://www.w3.org/2001/XMLSchema-instance" version="2.1" xsi:schemaLocation="http://pear.php.net/dtd/tasks-1.0     http://pear.php.net/dtd/tasks-1.0.xsd     http://pear.php.net/dtd/package-2.1     http://pear.php.net/dtd/package-2.1.xsd" packagerversion="2.0.0">
 <name>ZendCloud</name>
 <channel>packages.zendframework.com</channel>
 <summary>Package ZendCloud summary.\n\n&quot; . &quot;Package detailed description here (found in README)</summary>
 <description/>
 <lead>
  <name>Your Name</name>
  <user>handle</user>
  <email>handle@php.net</email>
  <active>yes</active>
 </lead>
 <date>2012-08-08</date>
 <time>18:03:27</time>
 <version>
  <release>2.0.0rc2</release>
  <api>2.0.0rc2</api>
 </version>
 <stability>
  <release>stable</release>
  <api>stable</api>
 </stability>
 <license uri="http://www.opensource.org/licenses/bsd-license.php">New BSD License</license>
 <notes>Package  ZendCloud release notes for version 0.1.0.

Package ZendCloud API release notes for version 0.1.0.</notes>
 <contents>
  <dir name="/">
   <file role="php" name="php/ZendCloud/StorageService/Factory.php"/>
   <file role="php" name="php/ZendCloud/StorageService/Exception/RuntimeException.php"/>
   <file role="php" name="php/ZendCloud/StorageService/Exception/OperationNotAvailableException.php"/>
   <file role="php" name="php/ZendCloud/StorageService/Exception/InvalidArgumentException.php"/>
   <file role="php" name="php/ZendCloud/StorageService/Exception/ExceptionInterface.php"/>
   <file role="php" name="php/ZendCloud/StorageService/Adapter/WindowsAzure.php"/>
   <file role="php" name="php/ZendCloud/StorageService/Adapter/S3.php"/>
   <file role="php" name="php/ZendCloud/StorageService/Adapter/Rackspace.php"/>
   <file role="php" name="php/ZendCloud/StorageService/Adapter/Nirvanix.php"/>
   <file role="php" name="php/ZendCloud/StorageService/Adapter/FileSystem.php"/>
   <file role="php" name="php/ZendCloud/StorageService/Adapter/AdapterInterface.php"/>
   <file role="php" name="php/ZendCloud/QueueService/MessageSet.php"/>
   <file role="php" name="php/ZendCloud/QueueService/Message.php"/>
   <file role="php" name="php/ZendCloud/QueueService/Factory.php"/>
   <file role="php" name="php/ZendCloud/QueueService/Exception/RuntimeException.php"/>
   <file role="php" name="php/ZendCloud/QueueService/Exception/OperationNotAvailableException.php"/>
   <file role="php" name="php/ZendCloud/QueueService/Exception/InvalidArgumentException.php"/>
   <file role="php" name="php/ZendCloud/QueueService/Exception/ExceptionInterface.php"/>
   <file role="php" name="php/ZendCloud/QueueService/Adapter/ZendQueue.php"/>
   <file role="php" name="php/ZendCloud/QueueService/Adapter/WindowsAzure.php"/>
   <file role="php" name="php/ZendCloud/QueueService/Adapter/Sqs.php"/>
   <file role="php" name="php/ZendCloud/QueueService/Adapter/AdapterInterface.php"/>
   <file role="php" name="php/ZendCloud/QueueService/Adapter/AbstractAdapter.php"/>
   <file role="php" name="php/ZendCloud/Infrastructure/InstanceList.php"/>
   <file role="php" name="php/ZendCloud/Infrastructure/Instance.php"/>
   <file role="php" name="php/ZendCloud/Infrastructure/ImageList.php"/>
   <file role="php" name="php/ZendCloud/Infrastructure/Image.php"/>
   <file role="php" name="php/ZendCloud/Infrastructure/Factory.php"/>
   <file role="php" name="php/ZendCloud/Infrastructure/Exception/RuntimeException.php"/>
   <file role="php" name="php/ZendCloud/Infrastructure/Exception/OutOfBoundsException.php"/>
   <file role="php" name="php/ZendCloud/Infrastructure/Exception/InvalidArgumentException.php"/>
   <file role="php" name="php/ZendCloud/Infrastructure/Exception/ExceptionInterface.php"/>
   <file role="php" name="php/ZendCloud/Infrastructure/Adapter/Rackspace.php"/>
   <file role="php" name="php/ZendCloud/Infrastructure/Adapter/Exception/RuntimeException.php"/>
   <file role="php" name="php/ZendCloud/Infrastructure/Adapter/Exception/OutOfBoundsException.php"/>
   <file role="php" name="php/ZendCloud/Infrastructure/Adapter/Exception/InvalidArgumentException.php"/>
   <file role="php" name="php/ZendCloud/Infrastructure/Adapter/Exception/ExceptionInterface.php"/>
   <file role="php" name="php/ZendCloud/Infrastructure/Adapter/Ec2.php"/>
   <file role="php" name="php/ZendCloud/Infrastructure/Adapter/AdapterInterface.php"/>
   <file role="php" name="php/ZendCloud/Infrastructure/Adapter/AbstractAdapter.php"/>
   <file role="php" name="php/ZendCloud/Exception/RuntimeException.php"/>
   <file role="php" name="php/ZendCloud/Exception/OutOfBoundsException.php"/>
   <file role="php" name="php/ZendCloud/Exception/OperationNotAvailableException.php"/>
   <file role="php" name="php/ZendCloud/Exception/InvalidArgumentException.php"/>
   <file role="php" name="php/ZendCloud/Exception/ExceptionInterface.php"/>
   <file role="php" name="php/ZendCloud/DocumentService/QueryAdapter/QueryAdapterInterface.php"/>
   <file role="php" name="php/ZendCloud/DocumentService/Query.php"/>
   <file role="php" name="php/ZendCloud/DocumentService/Factory.php"/>
   <file role="php" name="php/ZendCloud/DocumentService/Exception/RuntimeException.php"/>
   <file role="php" name="php/ZendCloud/DocumentService/Exception/OperationNotAvailableException.php"/>
   <file role="php" name="php/ZendCloud/DocumentService/Exception/InvalidArgumentException.php"/>
   <file role="php" name="php/ZendCloud/DocumentService/Exception/ExceptionInterface.php"/>
   <file role="php" name="php/ZendCloud/DocumentService/DocumentSet.php"/>
   <file role="php" name="php/ZendCloud/DocumentService/Document.php"/>
   <file role="php" name="php/ZendCloud/DocumentService/Adapter/WindowsAzure/Query.php"/>
   <file role="php" name="php/ZendCloud/DocumentService/Adapter/WindowsAzure.php"/>
   <file role="php" name="php/ZendCloud/DocumentService/Adapter/SimpleDb/Query.php"/>
   <file role="php" name="php/ZendCloud/DocumentService/Adapter/SimpleDb.php"/>
   <file role="php" name="php/ZendCloud/DocumentService/Adapter/Exception/RuntimeException.php"/>
   <file role="php" name="php/ZendCloud/DocumentService/Adapter/Exception/OperationNotAvailableException.php"/>
   <file role="php" name="php/ZendCloud/DocumentService/Adapter/Exception/InvalidArgumentException.php"/>
   <file role="php" name="php/ZendCloud/DocumentService/Adapter/Exception/ExceptionInterface.php"/>
   <file role="php" name="php/ZendCloud/DocumentService/Adapter/AdapterInterface.php"/>
   <file role="php" name="php/ZendCloud/DocumentService/Adapter/AbstractAdapter.php"/>
   <file role="php" name="php/ZendCloud/AbstractFactory.php"/>
  </dir>
 </contents>
 <dependencies>
  <required>
   <php>
    <min>5.2.0</min>
   </php>
   <pearinstaller>
    <min>2.0.0a1</min>
   </pearinstaller>
   <package>
    <name>Zend_Stdlib</name>
    <channel>packages.zendframework.com</channel>
   </package>
  </required>
  <optional>
   <package>
    <name>ZendService_Amazon</name>
    <channel>packages.zendframework.com</channel>
   </package>
   <package>
    <name>ZendService_Rackspace</name>
    <channel>packages.zendframework.com</channel>
   </package>
   <package>
    <name>ZendService_GoGrid</name>
    <channel>packages.zendframework.com</channel>
   </package>
   <package>
    <name>ZendService_WindowsAzure</name>
    <channel>packages.zendframework.com</channel>
   </package>
   <package>
    <name>ZendService_Nivanix</name>
    <channel>packages.zendframework.com</channel>
   </package>
  </optional>
 </dependencies>
 <phprelease/>
</package>
