<?xml version="1.0" encoding="UTF-8" ?>

<ldml>
	<identity>
		<version number="$Revision: 4753 $"/>
		<generation date="$Date: 2010-02-26 00:32:00 -0600 (Fri, 26 Feb 2010) $"/>
		<language type="az"/>
		<script type="Cyrl"/>
	</identity>
	<localeDisplayNames>
		<languages>
			<language type="az">Азәрбајҹан</language>
			<language type="de">алманҹа</language>
			<language type="en">инҝилисҹә</language>
			<language type="es">испанҹа</language>
			<language type="fr">франсызҹа</language>
			<language type="it">италјанҹа</language>
			<language type="ja">јапонҹа</language>
			<language type="pt">португалҹа</language>
			<language type="ru">русҹа</language>
			<language type="zh">чинҹә</language>
		</languages>
		<territories>
			<territory type="AZ">Азәрбајҹан</territory>
			<territory type="BR">Бразилија</territory>
			<territory type="CN">Чин</territory>
			<territory type="DE">Алманија</territory>
			<territory type="FR">Франса</territory>
			<territory type="IN">Һиндистан</territory>
			<territory type="IT">Италија</territory>
			<territory type="JP">Јапонија</territory>
			<territory type="RU">Русија</territory>
			<territory type="US">Америка Бирләшмиш Штатлары</territory>
		</territories>
	</localeDisplayNames>
	<characters>
		<exemplarCharacters>[а ә б в г ғ д е ж з и й ј к ҝ л м н о ө п р с т у ү ф х һ ч ҹ ш ы]</exemplarCharacters>
		<exemplarCharacters type="auxiliary">[ц щ ъ ь э ю я]</exemplarCharacters>
		<exemplarCharacters type="index">[А Ә Б В Г Ғ Д Е Ж З И Й Ј К Ҝ Л М Н О Ө П Р С Т У Ү Ф Х Һ Ч Ҹ Ш Ы]</exemplarCharacters>
	</characters>
	<dates>
		<calendars>
			<calendar type="gregorian">
				<months>
					<monthContext type="format">
						<monthWidth type="wide">
							<month type="1">јанвар</month>
							<month type="2">феврал</month>
							<month type="3">март</month>
							<month type="4">апрел</month>
							<month type="5">май</month>
							<month type="6">ијун</month>
							<month type="7">ијул</month>
							<month type="8">август</month>
							<month type="9">сентјабр</month>
							<month type="10">октјабр</month>
							<month type="11">нојабр</month>
							<month type="12">декабр</month>
						</monthWidth>
					</monthContext>
				</months>
				<days>
					<dayContext type="format">
						<dayWidth type="wide">
							<day type="sun">базар</day>
							<day type="mon">базар ертәси</day>
							<day type="tue">чәршәнбә ахшамы</day>
							<day type="wed">чәршәнбә</day>
							<day type="thu">ҹүмә ахшамы</day>
							<day type="fri">ҹүмә</day>
							<day type="sat">шәнбә</day>
						</dayWidth>
					</dayContext>
					<dayContext type="stand-alone">
						<dayWidth type="narrow">
							<day type="sun">7</day>
							<day type="mon">1</day>
							<day type="tue">2</day>
							<day type="wed">3</day>
							<day type="thu">4</day>
							<day type="fri">5</day>
							<day type="sat">6</day>
						</dayWidth>
					</dayContext>
				</days>
				<dateFormats>
					<dateFormatLength type="full">
						<dateFormat>
							<pattern>EEEE, d, MMMM, y</pattern>
						</dateFormat>
					</dateFormatLength>
					<dateFormatLength type="long">
						<dateFormat>
							<pattern>d MMMM , y</pattern>
						</dateFormat>
					</dateFormatLength>
					<dateFormatLength type="medium">
						<dateFormat>
							<pattern>d MMM, y</pattern>
						</dateFormat>
					</dateFormatLength>
					<dateFormatLength type="short">
						<dateFormat>
							<pattern>yy/MM/dd</pattern>
						</dateFormat>
					</dateFormatLength>
				</dateFormats>
				<timeFormats>
					<timeFormatLength type="full">
						<timeFormat>
							<pattern>HH:mm:ss zzzz</pattern>
						</timeFormat>
					</timeFormatLength>
					<timeFormatLength type="long">
						<timeFormat>
							<pattern>HH:mm:ss z</pattern>
						</timeFormat>
					</timeFormatLength>
					<timeFormatLength type="medium">
						<timeFormat>
							<pattern>HH:mm:ss</pattern>
						</timeFormat>
					</timeFormatLength>
					<timeFormatLength type="short">
						<timeFormat>
							<pattern>HH:mm</pattern>
						</timeFormat>
					</timeFormatLength>
				</timeFormats>
			</calendar>
		</calendars>
	</dates>
	<numbers>
		<symbols>
			<decimal>,</decimal>
			<group>.</group>
			<list>;</list>
			<percentSign>%</percentSign>
			<nativeZeroDigit>0</nativeZeroDigit>
			<patternDigit>#</patternDigit>
			<plusSign>+</plusSign>
			<minusSign>-</minusSign>
			<exponential>E</exponential>
			<perMille>‰</perMille>
			<infinity>∞</infinity>
			<nan>NaN</nan>
		</symbols>
		<currencyFormats>
			<currencyFormatLength>
				<currencyFormat>
					<pattern>¤ #,##0.00</pattern>
				</currencyFormat>
			</currencyFormatLength>
		</currencyFormats>
		<currencies>
			<currency type="AZN">
				<displayName>манат</displayName>
				<symbol>ман.</symbol>
			</currency>
		</currencies>
	</numbers>
</ldml>

