<?xml version="1.0" encoding="UTF-8" ?>

<ldml>
	<identity>
		<version number="$Revision: 4753 $"/>
		<generation date="$Date: 2010-02-26 00:32:00 -0600 (Fri, 26 Feb 2010) $"/>
		<language type="bn"/>
		<territory type="IN"/>
	</identity>
	<localeDisplayNames>
		<languages>
			<language type="ab">আবখাজিয়ান</language>
			<language type="ace">অ্যাচাইনিজ</language>
			<language type="ach">আকোলি</language>
			<language type="afa">আফ্রো-এশিয়াটিক ভাষা</language>
			<language type="alg">আলগোনকিউয়ান ভাষা</language>
			<language type="anp">আঙ্গিকা</language>
			<language type="ch">চামোরো</language>
			<language type="chn">চিনুক জার্গন</language>
			<language type="cho">চকটোও</language>
			<language type="chp">চিপেওয়াইয়ান</language>
			<language type="chy">চেয়েনি</language>
			<language type="cu">চার্চ স্লাভিক</language>
			<language type="de_AT">অস্ট্রিয়ান জারমান</language>
			<language type="doi">ডোগরি</language>
			<language type="en_AU">অস্ট্রেলিয়ান ইংরাজী</language>
			<language type="en_CA">ক্যানাডিয়ান ইংরেজি</language>
			<language type="en_GB">ব্রিটিশ ইংরেজী</language>
			<language type="fr_CA">ক্যানাডিয়ান ফরাসী</language>
			<language type="map">অস্ট্রোনেসিয়ান</language>
			<language type="rup">আরমেনিয়ান</language>
			<language type="tut">আলটাইক</language>
			<language type="zbl">ব্লিসসিম্বলস</language>
		</languages>
	</localeDisplayNames>
	<dates>
		<calendars>
			<calendar type="gregorian">
				<quarters>
					<quarterContext type="format">
						<quarterWidth type="abbreviated">
							<quarter type="1">ত্রৈমাসিক</quarter>
							<quarter type="2">ষাণ্মাসিক</quarter>
							<quarter type="4">বার্ষিক</quarter>
						</quarterWidth>
						<quarterWidth type="wide">
							<quarter type="1">ত্রৈমাসিক</quarter>
							<quarter type="2">ষাণ্মাসিক</quarter>
							<quarter type="4">বার্ষিক</quarter>
						</quarterWidth>
					</quarterContext>
				</quarters>
				<fields>
					<field type="day">
						<relative type="-3">গততরশু</relative>
						<relative type="-2">গতপরশু</relative>
					</field>
					<field type="hour">
						<displayName>ঘণ্টা</displayName>
					</field>
					<field type="second">
						<displayName>সেকেণ্ড</displayName>
					</field>
				</fields>
			</calendar>
		</calendars>
	</dates>
</ldml>

