<?xml version="1.0" encoding="UTF-8" ?>

<ldml>
	<identity>
		<version number="$Revision: 4763 $"/>
		<generation date="$Date: 2010-02-27 01:03:37 -0600 (Sat, 27 Feb 2010) $"/>
		<language type="iu"/>
	</identity>
	<localeDisplayNames>
		<languages>
			<language type="iu">ᐃᓄᒃᑎᑐᑦ ᑎᑎᕋᐅᓯᖅ</language>
		</languages>
	</localeDisplayNames>
	<characters>
		<exemplarCharacters>[ᐃ-ᐆ ᐊ ᐋ ᐱ-ᐴ ᐸ ᐹ ᑉ ᑎ-ᑑ ᑕ ᑖ ᑦ ᑭ-ᑰ ᑲ ᑳ ᒃ ᒋ-ᒎ ᒐ ᒑ ᒡ ᒥ-ᒨ ᒪ ᒫ ᒻ ᓂ-ᓅ ᓇ ᓈ ᓐ ᓕ-ᓘ ᓚ ᓛ ᓪ ᓯ-ᓲ ᓴ ᓵ ᔅ ᔨ-ᔫ ᔭ ᔮ ᔾ ᕆ-ᕉ ᕋ ᕌ ᕐ ᕕ-ᕚ ᕝ ᕿ-ᖃ ᖅ ᖏ ᖑ-ᖕ ᙱ-ᙶ ᖖ ᖠ-ᖦ]</exemplarCharacters>
		<exemplarCharacters type="index">[ᐃ ᐄ ᐅ ᐆ ᐊ ᐋ ᐱ ᐲ ᐳ ᐴ ᐸ ᐹ ᑎ ᑏ ᑐ ᑑ ᑕ ᑖ ᑦ ᑭ ᑮ ᑯ ᑰ ᑳ ᒃ ᒋ ᒌ ᒍ ᒎ ᒐ ᒑ ᒡ ᒥ ᒦ ᒨ ᒪ ᒫ ᒻ ᓂ ᓃ ᓄ ᓅ ᓇ ᓈ ᓐ ᓖ ᓗ ᓘ ᓚ ᓛ ᓪ ᓯ ᓰ ᓱ ᓲ ᓴ ᔅ ᔨ ᔩ ᔪ ᔫ ᔭ ᔮ ᔾ ᕆ ᕇ ᕈ ᕋ ᕌ ᕐ ᕕ ᕖ ᕗ ᕘ ᕙ ᕚ ᕝ ᕿ ᖁ ᖂ ᖃ ᖅ ᖏ ᖑ ᖒ ᖓ ᖔ ᖕ ᙱ ᙳ ᙴ ᙵ ᙶ ᖖ ᖠ ᖡ ᖢ ᖣ ᖤ ᖥ]</exemplarCharacters>
	</characters>
	<dates>
		<calendars>
			<calendar type="gregorian">
				<months>
					<monthContext type="format">
						<monthWidth type="wide">
							<month type="1">ᔭᓐᓄᐊᓕ</month>
							<month type="2">ᕕᕝᕗᐊᓕ</month>
							<month type="3">ᒫᑦᓯ</month>
							<month type="4">ᐊᐃᑉᐳᓗ</month>
							<month type="5">ᒪᐃ</month>
							<month type="6">ᔫᓂ</month>
							<month type="7">ᔪᓚᐃ</month>
							<month type="8">ᐊᐅᒡᒍᓯ</month>
							<month type="9">ᓰᑦᑏᕝᕙ</month>
							<month type="10">ᐆᑦᑑᕝᕙ</month>
							<month type="11">ᓅᕙᐃᕝᕙ</month>
							<month type="12">ᑏᓰᕝᕙ</month>
						</monthWidth>
					</monthContext>
				</months>
				<days>
					<dayContext type="format">
						<dayWidth type="wide">
							<day type="sun">ᓈᑦᓰᖑᔭ</day>
							<day type="mon">ᓇᒡᒐᔾᔭᐅ</day>
							<day type="tue">ᓇᒡᒐᔾᔭᐅᓕᖅᑭ</day>
							<day type="wed">ᐱᖓᑦᓯᖅ</day>
							<day type="thu">ᓯᑕᒻᒥᖅ</day>
							<day type="fri">ᑕᓪᓕᕐᒥᖅ</day>
							<day type="sat">ᓈᑦᓰᖑᔭᓕᖅᕿ</day>
						</dayWidth>
					</dayContext>
				</days>
			</calendar>
		</calendars>
	</dates>
</ldml>
