<?xml version="1.0" encoding="UTF-8" ?>

<ldml>
	<identity>
		<version number="$Revision: 4763 $"/>
		<generation date="$Date: 2010-02-27 01:03:37 -0600 (Sat, 27 Feb 2010) $"/>
		<language type="ky"/>
	</identity>
	<localeDisplayNames>
		<languages>
			<language type="af">африкаанча</language>
			<language type="ar">арабча</language>
			<language type="az">азербайжанча</language>
			<language type="be">беларусча</language>
			<language type="bg">болгарияча</language>
			<language type="bh">бихариче</language>
			<language type="bn">бангладешче</language>
			<language type="br">бретон</language>
			<language type="bs">боснияча</language>
			<language type="ca">каталанча</language>
			<language type="cs">чех тили</language>
			<language type="da">датча</language>
			<language type="de">немисче</language>
			<language type="el">грекче</language>
			<language type="en">англисче</language>
			<language type="es">испанча</language>
			<language type="et">эстончо</language>
			<language type="fa">фарзча</language>
			<language type="fi">финче</language>
			<language type="fil">тагалча</language>
			<language type="fr">французча</language>
			<language type="ga">ирландча</language>
			<language type="gn">гуараш</language>
			<language type="gu">гужаратча</language>
			<language type="he">еврейче</language>
			<language type="hi">индусча</language>
			<language type="hr">хорватча</language>
			<language type="hu">венгрияча</language>
			<language type="id">индонезияча</language>
			<language type="is">исландча</language>
			<language type="it">италиянча</language>
			<language type="ja">япончо</language>
			<language type="jv">жаванизче</language>
			<language type="ka">грузинче</language>
			<language type="kn">каннадача</language>
			<language type="ko">корейче</language>
			<language type="ku">курт</language>
			<language type="ky">Кыргыз</language>
			<language type="la">латынча</language>
			<language type="lt">литвача</language>
			<language type="lv">латвияча</language>
			<language type="mk">македонияча</language>
			<language type="ml">малайаламча</language>
			<language type="mr">маратиче</language>
			<language type="ms">малайча</language>
			<language type="mt">малтизче</language>
			<language type="ne">непалча</language>
			<language type="nl">голландча</language>
			<language type="nn">норвегияча</language>
			<language type="no">норвежче</language>
			<language type="or">ория</language>
			<language type="pa">пунжабиче</language>
			<language type="pl">полякча</language>
			<language type="ps">пашто</language>
			<language type="pt">португалча</language>
			<language type="ro">румынияча</language>
			<language type="ru">орусча</language>
			<language type="sh">серб-хорват</language>
			<language type="si">сингалача</language>
			<language type="sk">словакча</language>
			<language type="sl">словенче</language>
			<language type="sq">албанча</language>
			<language type="sr">сербче</language>
			<language type="st">сесото</language>
			<language type="su">сунданча</language>
			<language type="sv">шведче</language>
			<language type="sw">суахиличе</language>
			<language type="ta">тамилче</language>
			<language type="te">телугуча</language>
			<language type="th">тайча</language>
			<language type="tk">түркмөн</language>
			<language type="tlh">клингончо</language>
			<language type="tr">туркчо</language>
			<language type="tw">тви</language>
			<language type="uk">украинче</language>
			<language type="ur">урдуча</language>
			<language type="uz">озбекче</language>
			<language type="vi">вьетнамча</language>
			<language type="yi">еврей</language>
			<language type="zh">кытайча</language>
		</languages>
		<territories>
			<territory type="KG">Кыргызстан</territory>
		</territories>
	</localeDisplayNames>
	<characters>
		<exemplarCharacters>[а б г д е ё ж з и й к л м н ӊ о ө п р с т у ү х ч ш ъ ы э ю я]</exemplarCharacters>
		<exemplarCharacters type="auxiliary">[в ф ц щ ь]</exemplarCharacters>
		<exemplarCharacters type="index">[А Б Г Д Е Ж З И Й К Л М Н Ӊ О Ө П Р С Т У Ү Х Ч Ш Ъ Ы Э Ю Я]</exemplarCharacters>
	</characters>
	<numbers>
		<symbols>
			<decimal>,</decimal>
			<group> </group>
		</symbols>
		<currencies>
			<currency type="KGS">
				<symbol>сом</symbol>
			</currency>
		</currencies>
	</numbers>
</ldml>

