<?xml version="1.0" encoding="UTF-8"?>
<package xmlns="http://pear.php.net/dtd/package-2.1" xmlns:tasks="http://pear.php.net/dtd/tasks-1.0" xmlns:xsi="http://www.w3.org/2001/XMLSchema-instance" version="2.1" xsi:schemaLocation="http://pear.php.net/dtd/tasks-1.0     http://pear.php.net/dtd/tasks-1.0.xsd     http://pear.php.net/dtd/package-2.1     http://pear.php.net/dtd/package-2.1.xsd" packagerversion="2.0.0">
 <name>Zend_Mvc</name>
 <channel>packages.zendframework.com</channel>
 <summary>Package Zend_Mvc summary.\n\n&quot; . &quot;Package detailed description here (found in README)</summary>
 <description/>
 <lead>
  <name>Your Name</name>
  <user>handle</user>
  <email>handle@php.net</email>
  <active>yes</active>
 </lead>
 <date>2013-01-29</date>
 <time>17:56:51</time>
 <version>
  <release>2.1.0</release>
  <api>2.1.0</api>
 </version>
 <stability>
  <release>stable</release>
  <api>stable</api>
 </stability>
 <license uri="http://www.opensource.org/licenses/bsd-license.php">New BSD License</license>
 <notes>Package  Zend_Mvc release notes for version 0.1.0.

Package Zend_Mvc API release notes for version 0.1.0.</notes>
 <contents>
  <dir name="/">
   <file role="php" name="php/Zend/Mvc/View/SendResponseListener.php"/>
   <file role="php" name="php/Zend/Mvc/View/Http/ViewManager.php"/>
   <file role="php" name="php/Zend/Mvc/View/Http/RouteNotFoundStrategy.php"/>
   <file role="php" name="php/Zend/Mvc/View/Http/InjectViewModelListener.php"/>
   <file role="php" name="php/Zend/Mvc/View/Http/InjectTemplateListener.php"/>
   <file role="php" name="php/Zend/Mvc/View/Http/InjectRoutematchParamsListener.php"/>
   <file role="php" name="php/Zend/Mvc/View/Http/ExceptionStrategy.php"/>
   <file role="php" name="php/Zend/Mvc/View/Http/DefaultRenderingStrategy.php"/>
   <file role="php" name="php/Zend/Mvc/View/Http/CreateViewModelListener.php"/>
   <file role="php" name="php/Zend/Mvc/View/Console/ViewManager.php"/>
   <file role="php" name="php/Zend/Mvc/View/Console/RouteNotFoundStrategy.php"/>
   <file role="php" name="php/Zend/Mvc/View/Console/InjectViewModelListener.php"/>
   <file role="php" name="php/Zend/Mvc/View/Console/InjectNamedConsoleParamsListener.php"/>
   <file role="php" name="php/Zend/Mvc/View/Console/ExceptionStrategy.php"/>
   <file role="php" name="php/Zend/Mvc/View/Console/DefaultRenderingStrategy.php"/>
   <file role="php" name="php/Zend/Mvc/View/Console/CreateViewModelListener.php"/>
   <file role="php" name="php/Zend/Mvc/Service/ViewTemplatePathStackFactory.php"/>
   <file role="php" name="php/Zend/Mvc/Service/ViewTemplateMapResolverFactory.php"/>
   <file role="php" name="php/Zend/Mvc/Service/ViewResolverFactory.php"/>
   <file role="php" name="php/Zend/Mvc/Service/ViewManagerFactory.php"/>
   <file role="php" name="php/Zend/Mvc/Service/ViewJsonStrategyFactory.php"/>
   <file role="php" name="php/Zend/Mvc/Service/ViewJsonRendererFactory.php"/>
   <file role="php" name="php/Zend/Mvc/Service/ViewHelperManagerFactory.php"/>
   <file role="php" name="php/Zend/Mvc/Service/ViewFeedStrategyFactory.php"/>
   <file role="php" name="php/Zend/Mvc/Service/ViewFeedRendererFactory.php"/>
   <file role="php" name="php/Zend/Mvc/Service/ValidatorManagerFactory.php"/>
   <file role="php" name="php/Zend/Mvc/Service/ServiceManagerConfig.php"/>
   <file role="php" name="php/Zend/Mvc/Service/ServiceListenerFactory.php"/>
   <file role="php" name="php/Zend/Mvc/Service/SerializerAdapterPluginManagerFactory.php"/>
   <file role="php" name="php/Zend/Mvc/Service/RouterFactory.php"/>
   <file role="php" name="php/Zend/Mvc/Service/RoutePluginManagerFactory.php"/>
   <file role="php" name="php/Zend/Mvc/Service/ResponseFactory.php"/>
   <file role="php" name="php/Zend/Mvc/Service/RequestFactory.php"/>
   <file role="php" name="php/Zend/Mvc/Service/PaginatorPluginManagerFactory.php"/>
   <file role="php" name="php/Zend/Mvc/Service/ModuleManagerFactory.php"/>
   <file role="php" name="php/Zend/Mvc/Service/FormElementManagerFactory.php"/>
   <file role="php" name="php/Zend/Mvc/Service/FilterManagerFactory.php"/>
   <file role="php" name="php/Zend/Mvc/Service/EventManagerFactory.php"/>
   <file role="php" name="php/Zend/Mvc/Service/DiStrictAbstractServiceFactoryFactory.php"/>
   <file role="php" name="php/Zend/Mvc/Service/DiStrictAbstractServiceFactory.php"/>
   <file role="php" name="php/Zend/Mvc/Service/DiServiceInitializerFactory.php"/>
   <file role="php" name="php/Zend/Mvc/Service/DiFactory.php"/>
   <file role="php" name="php/Zend/Mvc/Service/DiAbstractServiceFactoryFactory.php"/>
   <file role="php" name="php/Zend/Mvc/Service/ControllerPluginManagerFactory.php"/>
   <file role="php" name="php/Zend/Mvc/Service/ControllerLoaderFactory.php"/>
   <file role="php" name="php/Zend/Mvc/Service/ConsoleAdapterFactory.php"/>
   <file role="php" name="php/Zend/Mvc/Service/ConfigFactory.php"/>
   <file role="php" name="php/Zend/Mvc/Service/ApplicationFactory.php"/>
   <file role="php" name="php/Zend/Mvc/Service/AbstractPluginManagerFactory.php"/>
   <file role="php" name="php/Zend/Mvc/SendResponseListener.php"/>
   <file role="php" name="php/Zend/Mvc/Router/SimpleRouteStack.php"/>
   <file role="php" name="php/Zend/Mvc/Router/RouteStackInterface.php"/>
   <file role="php" name="php/Zend/Mvc/Router/RoutePluginManager.php"/>
   <file role="php" name="php/Zend/Mvc/Router/RouteMatch.php"/>
   <file role="php" name="php/Zend/Mvc/Router/RouteInterface.php"/>
   <file role="php" name="php/Zend/Mvc/Router/PriorityList.php"/>
   <file role="php" name="php/Zend/Mvc/Router/Http/Wildcard.php"/>
   <file role="php" name="php/Zend/Mvc/Router/Http/TreeRouteStack.php"/>
   <file role="php" name="php/Zend/Mvc/Router/Http/Segment.php"/>
   <file role="php" name="php/Zend/Mvc/Router/Http/Scheme.php"/>
   <file role="php" name="php/Zend/Mvc/Router/Http/RouteMatch.php"/>
   <file role="php" name="php/Zend/Mvc/Router/Http/RouteInterface.php"/>
   <file role="php" name="php/Zend/Mvc/Router/Http/Regex.php"/>
   <file role="php" name="php/Zend/Mvc/Router/Http/Query.php"/>
   <file role="php" name="php/Zend/Mvc/Router/Http/Part.php"/>
   <file role="php" name="php/Zend/Mvc/Router/Http/Method.php"/>
   <file role="php" name="php/Zend/Mvc/Router/Http/Literal.php"/>
   <file role="php" name="php/Zend/Mvc/Router/Http/Hostname.php"/>
   <file role="php" name="php/Zend/Mvc/Router/Exception/RuntimeException.php"/>
   <file role="php" name="php/Zend/Mvc/Router/Exception/InvalidArgumentException.php"/>
   <file role="php" name="php/Zend/Mvc/Router/Exception/ExceptionInterface.php"/>
   <file role="php" name="php/Zend/Mvc/Router/Console/SimpleRouteStack.php"/>
   <file role="php" name="php/Zend/Mvc/Router/Console/Simple.php"/>
   <file role="php" name="php/Zend/Mvc/Router/Console/RouteMatch.php"/>
   <file role="php" name="php/Zend/Mvc/Router/Console/RouteInterface.php"/>
   <file role="php" name="php/Zend/Mvc/Router/Console/Catchall.php"/>
   <file role="php" name="php/Zend/Mvc/RouteListener.php"/>
   <file role="php" name="php/Zend/Mvc/ResponseSender/SimpleStreamResponseSender.php"/>
   <file role="php" name="php/Zend/Mvc/ResponseSender/SendResponseEvent.php"/>
   <file role="php" name="php/Zend/Mvc/ResponseSender/ResponseSenderInterface.php"/>
   <file role="php" name="php/Zend/Mvc/ResponseSender/PhpEnvironmentResponseSender.php"/>
   <file role="php" name="php/Zend/Mvc/ResponseSender/ConsoleResponseSender.php"/>
   <file role="php" name="php/Zend/Mvc/ResponseSender/AbstractResponseSender.php"/>
   <file role="php" name="php/Zend/Mvc/MvcEvent.php"/>
   <file role="php" name="php/Zend/Mvc/ModuleRouteListener.php"/>
   <file role="php" name="php/Zend/Mvc/InjectApplicationEventInterface.php"/>
   <file role="php" name="php/Zend/Mvc/Exception/RuntimeException.php"/>
   <file role="php" name="php/Zend/Mvc/Exception/MissingLocatorException.php"/>
   <file role="php" name="php/Zend/Mvc/Exception/InvalidPluginException.php"/>
   <file role="php" name="php/Zend/Mvc/Exception/InvalidControllerException.php"/>
   <file role="php" name="php/Zend/Mvc/Exception/InvalidArgumentException.php"/>
   <file role="php" name="php/Zend/Mvc/Exception/ExceptionInterface.php"/>
   <file role="php" name="php/Zend/Mvc/Exception/DomainException.php"/>
   <file role="php" name="php/Zend/Mvc/DispatchListener.php"/>
   <file role="php" name="php/Zend/Mvc/Controller/PluginManager.php"/>
   <file role="php" name="php/Zend/Mvc/Controller/Plugin/Url.php"/>
   <file role="php" name="php/Zend/Mvc/Controller/Plugin/Redirect.php"/>
   <file role="php" name="php/Zend/Mvc/Controller/Plugin/PostRedirectGet.php"/>
   <file role="php" name="php/Zend/Mvc/Controller/Plugin/PluginInterface.php"/>
   <file role="php" name="php/Zend/Mvc/Controller/Plugin/Params.php"/>
   <file role="php" name="php/Zend/Mvc/Controller/Plugin/Layout.php"/>
   <file role="php" name="php/Zend/Mvc/Controller/Plugin/Identity.php"/>
   <file role="php" name="php/Zend/Mvc/Controller/Plugin/Forward.php"/>
   <file role="php" name="php/Zend/Mvc/Controller/Plugin/FlashMessenger.php"/>
   <file role="php" name="php/Zend/Mvc/Controller/Plugin/FilePostRedirectGet.php"/>
   <file role="php" name="php/Zend/Mvc/Controller/Plugin/AcceptableViewModelSelector.php"/>
   <file role="php" name="php/Zend/Mvc/Controller/Plugin/AbstractPlugin.php"/>
   <file role="php" name="php/Zend/Mvc/Controller/ControllerManager.php"/>
   <file role="php" name="php/Zend/Mvc/Controller/AbstractRestfulController.php"/>
   <file role="php" name="php/Zend/Mvc/Controller/AbstractController.php"/>
   <file role="php" name="php/Zend/Mvc/Controller/AbstractActionController.php"/>
   <file role="php" name="php/Zend/Mvc/composer.json"/>
   <file role="php" name="php/Zend/Mvc/ApplicationInterface.php"/>
   <file role="php" name="php/Zend/Mvc/Application.php"/>
  </dir>
 </contents>
 <dependencies>
  <required>
   <php>
    <min>5.2.0</min>
   </php>
   <pearinstaller>
    <min>2.0.0a1</min>
   </pearinstaller>
   <package>
    <name>Zend_Console</name>
    <channel>packages.zendframework.com</channel>
   </package>
   <package>
    <name>Zend_Di</name>
    <channel>packages.zendframework.com</channel>
   </package>
   <package>
    <name>Zend_EventManager</name>
    <channel>packages.zendframework.com</channel>
   </package>
   <package>
    <name>Zend_ModuleManager</name>
    <channel>packages.zendframework.com</channel>
   </package>
   <package>
    <name>Zend_Http</name>
    <channel>packages.zendframework.com</channel>
   </package>
   <package>
    <name>Zend_Uri</name>
    <channel>packages.zendframework.com</channel>
   </package>
   <package>
    <name>Zend_ServiceManager</name>
    <channel>packages.zendframework.com</channel>
   </package>
   <package>
    <name>Zend_Stdlib</name>
    <channel>packages.zendframework.com</channel>
   </package>
   <package>
    <name>Zend_Text</name>
    <channel>packages.zendframework.com</channel>
   </package>
   <package>
    <name>Zend_View</name>
    <channel>packages.zendframework.com</channel>
   </package>
  </required>
 </dependencies>
 <phprelease/>
</package>
