<?xml version="1.0" encoding="UTF-8"?>
<package xmlns="http://pear.php.net/dtd/package-2.1" xmlns:tasks="http://pear.php.net/dtd/tasks-1.0" xmlns:xsi="http://www.w3.org/2001/XMLSchema-instance" version="2.1" xsi:schemaLocation="http://pear.php.net/dtd/tasks-1.0     http://pear.php.net/dtd/tasks-1.0.xsd     http://pear.php.net/dtd/package-2.1     http://pear.php.net/dtd/package-2.1.xsd" packagerversion="2.0.0a3">
 <name>Zend_Session</name>
 <channel>packages.zendframework.com</channel>
 <summary>Package Zend_Session summary.
</summary>
 <description>
Package detailed description here (found in README)</description>
 <lead>
  <name>Your Name</name>
  <user>handle</user>
  <email>handle@php.net</email>
  <active>yes</active>
 </lead>
 <date>2011-10-25</date>
 <time>19:11:14</time>
 <version>
  <release>2.0.0beta1</release>
  <api>2.0.0beta1</api>
 </version>
 <stability>
  <release>beta</release>
  <api>beta</api>
 </stability>
 <license uri="http://www.opensource.org/licenses/bsd-license.php">New BSD License</license>
 <notes>Package Zend_Session release notes for version 0.1.0.

Package Zend_Session API release notes for version 0.1.0.</notes>
 <contents>
  <dir name="/">
   <file role="php" name="php/Zend/Session/ValidatorChain.php"/>
   <file role="php" name="php/Zend/Session/Validator/HttpUserAgent.php"/>
   <file role="php" name="php/Zend/Session/Validator.php"/>
   <file role="php" name="php/Zend/Session/Storage/SessionStorage.php"/>
   <file role="php" name="php/Zend/Session/Storage/ArrayStorage.php"/>
   <file role="php" name="php/Zend/Session/Storage.php"/>
   <file role="php" name="php/Zend/Session/SessionManager.php"/>
   <file role="php" name="php/Zend/Session/SaveHandler/Exception/RuntimeException.php"/>
   <file role="php" name="php/Zend/Session/SaveHandler/Exception/InvalidArgumentException.php"/>
   <file role="php" name="php/Zend/Session/SaveHandler/Exception.php"/>
   <file role="php" name="php/Zend/Session/SaveHandler/DbTable.php"/>
   <file role="php" name="php/Zend/Session/SaveHandler.php"/>
   <file role="php" name="php/Zend/Session/Manager.php"/>
   <file role="php" name="php/Zend/Session/Exception/RuntimeException.php"/>
   <file role="php" name="php/Zend/Session/Exception/InvalidArgumentException.php"/>
   <file role="php" name="php/Zend/Session/Exception/BadMethodCallException.php"/>
   <file role="php" name="php/Zend/Session/Exception.php"/>
   <file role="php" name="php/Zend/Session/Container.php"/>
   <file role="php" name="php/Zend/Session/Configuration/StandardConfiguration.php"/>
   <file role="php" name="php/Zend/Session/Configuration/SessionConfiguration.php"/>
   <file role="php" name="php/Zend/Session/Configuration.php"/>
   <file role="php" name="php/Zend/Session/AbstractManager.php"/>
  </dir>
 </contents>
 <dependencies>
  <required>
   <php>
    <min>5.2.0</min>
   </php>
   <pearinstaller>
    <min>2.0.0a1</min>
   </pearinstaller>
  </required>
  <optional>
   <package>
    <name>Zend_Validator</name>
    <channel>packages.zendframework.com</channel>
   </package>
   <package>
    <name>Zend_Filter</name>
    <channel>packages.zendframework.com</channel>
   </package>
   <package>
    <name>Zend_EventManager</name>
    <channel>packages.zendframework.com</channel>
   </package>
  </optional>
 </dependencies>
 <phprelease/>
</package>
