<?xml version="1.0" encoding="UTF-8"?>
<package xmlns="http://pear.php.net/dtd/package-2.1" xmlns:tasks="http://pear.php.net/dtd/tasks-1.0" xmlns:xsi="http://www.w3.org/2001/XMLSchema-instance" version="2.1" xsi:schemaLocation="http://pear.php.net/dtd/tasks-1.0     http://pear.php.net/dtd/tasks-1.0.xsd     http://pear.php.net/dtd/package-2.1     http://pear.php.net/dtd/package-2.1.xsd" packagerversion="2.0.0">
 <name>Zend_OAuth</name>
 <channel>packages.zendframework.com</channel>
 <summary>Package Zend_OAuth summary.\n\n&quot; . &quot;Package detailed description here (found in README)</summary>
 <description/>
 <lead>
  <name>Your Name</name>
  <user>handle</user>
  <email>handle@php.net</email>
  <active>yes</active>
 </lead>
 <date>2012-03-22</date>
 <time>19:41:06</time>
 <version>
  <release>2.0.0beta3</release>
  <api>2.0.0beta3</api>
 </version>
 <stability>
  <release>beta</release>
  <api>beta</api>
 </stability>
 <license uri="http://www.opensource.org/licenses/bsd-license.php">New BSD License</license>
 <notes>Package  Zend_OAuth release notes for version 0.1.0.

Package Zend_OAuth API release notes for version 0.1.0.</notes>
 <contents>
  <dir name="/">
   <file role="php" name="php/Zend/OAuth/Token/Request.php"/>
   <file role="php" name="php/Zend/OAuth/Token/AuthorizedRequest.php"/>
   <file role="php" name="php/Zend/OAuth/Token/Access.php"/>
   <file role="php" name="php/Zend/OAuth/Token/AbstractToken.php"/>
   <file role="php" name="php/Zend/OAuth/Token.php"/>
   <file role="php" name="php/Zend/OAuth/Signature/Rsa.php"/>
   <file role="php" name="php/Zend/OAuth/Signature/Plaintext.php"/>
   <file role="php" name="php/Zend/OAuth/Signature/Hmac.php"/>
   <file role="php" name="php/Zend/OAuth/Signature/AbstractSignature.php"/>
   <file role="php" name="php/Zend/OAuth/Signature.php"/>
   <file role="php" name="php/Zend/OAuth/OAuth.php"/>
   <file role="php" name="php/Zend/OAuth/Http/Utility.php"/>
   <file role="php" name="php/Zend/OAuth/Http/UserAuthorization.php"/>
   <file role="php" name="php/Zend/OAuth/Http/RequestToken.php"/>
   <file role="php" name="php/Zend/OAuth/Http/AccessToken.php"/>
   <file role="php" name="php/Zend/OAuth/Http.php"/>
   <file role="php" name="php/Zend/OAuth/Exception.php"/>
   <file role="php" name="php/Zend/OAuth/Consumer.php"/>
   <file role="php" name="php/Zend/OAuth/Config/StandardConfig.php"/>
   <file role="php" name="php/Zend/OAuth/Config.php"/>
   <file role="php" name="php/Zend/OAuth/Client.php"/>
  </dir>
 </contents>
 <dependencies>
  <required>
   <php>
    <min>5.2.0</min>
   </php>
   <pearinstaller>
    <min>2.0.0a1</min>
   </pearinstaller>
  </required>
 </dependencies>
 <phprelease/>
</package>
