<?xml version="1.0" encoding="UTF-8" ?>

<ldml>
	<identity>
		<version number="$Revision: 4753 $"/>
		<generation date="$Date: 2010-02-26 00:32:00 -0600 (Fri, 26 Feb 2010) $"/>
		<language type="cch"/>
	</identity>
	<characters>
		<exemplarCharacters>[a {a\u0331} b c {ch} d {dy} e f g {g\u0331} {gb} {gw} {gy} h {hy} i j k ḵ {kp} {kw} l {ly} m n ṉ {ny} o p {ph} {py} r {ry} s {sh} t u v w {wh} y {y\u0331} z ʼ]</exemplarCharacters>
		<exemplarCharacters type="index">[A B C D E F G H I J K L M N O P Q R S T U V W X Y Z ʼ]</exemplarCharacters>
	</characters>
	<dates>
		<calendars>
			<calendar type="gregorian">
				<months>
					<monthContext type="format">
						<monthWidth type="abbreviated">
							<month type="1">Dyon</month>
							<month type="2">Baa</month>
							<month type="3">Atat</month>
							<month type="4">Anas</month>
							<month type="5">Atyo</month>
							<month type="6">Achi</month>
							<month type="7">Atar</month>
							<month type="8">Awur</month>
							<month type="9">Shad</month>
							<month type="10">Shak</month>
							<month type="11">Naba</month>
							<month type="12">Nata</month>
						</monthWidth>
						<monthWidth type="wide">
							<month type="1">Pen Dyon</month>
							<month type="2">Pen Ba'a</month>
							<month type="3">Pen Atat</month>
							<month type="4">Pen Anas</month>
							<month type="5">Pen Atyon</month>
							<month type="6">Pen Achirim</month>
							<month type="7">Pen Atariba</month>
							<month type="8">Pen Awurr</month>
							<month type="9">Pen Shadon</month>
							<month type="10">Pen Shakur</month>
							<month type="11">Pen Kur Naba</month>
							<month type="12">Pen Kur Natat</month>
						</monthWidth>
					</monthContext>
				</months>
				<days>
					<dayContext type="format">
						<dayWidth type="abbreviated">
							<day type="sun">Yok</day>
							<day type="mon">Tung</day>
							<day type="tue">T. Tung</day>
							<day type="wed">Tsan</day>
							<day type="thu">Nas</day>
							<day type="fri">Nat</day>
							<day type="sat">Chir</day>
						</dayWidth>
						<dayWidth type="wide">
							<day type="sun">Wai Yoka Bawai</day>
							<day type="mon">Wai Tunga</day>
							<day type="tue">Toki Gitung</day>
							<day type="wed">Tsam Kasuwa</day>
							<day type="thu">Wai Na Nas</day>
							<day type="fri">Wai Na Tiyon</day>
							<day type="sat">Wai Na Chirim</day>
						</dayWidth>
					</dayContext>
				</days>
				<eras>
					<eraNames>
						<era type="0">Gabanin Miladi</era>
						<era type="1">Miladi</era>
					</eraNames>
					<eraAbbr>
						<era type="0">GM</era>
						<era type="1">M</era>
					</eraAbbr>
				</eras>
				<dateFormats>
					<dateFormatLength type="full">
						<dateFormat>
							<pattern>EEEE, y MMMM dd</pattern>
						</dateFormat>
					</dateFormatLength>
					<dateFormatLength type="long">
						<dateFormat>
							<pattern>y MMMM d</pattern>
						</dateFormat>
					</dateFormatLength>
					<dateFormatLength type="medium">
						<dateFormat>
							<pattern>y MMM d</pattern>
						</dateFormat>
					</dateFormatLength>
					<dateFormatLength type="short">
						<dateFormat>
							<pattern>yy/MM/dd</pattern>
						</dateFormat>
					</dateFormatLength>
				</dateFormats>
				<timeFormats>
					<timeFormatLength type="full">
						<timeFormat>
							<pattern>HH:mm:ss zzzz</pattern>
						</timeFormat>
					</timeFormatLength>
					<timeFormatLength type="long">
						<timeFormat>
							<pattern>HH:mm:ss z</pattern>
						</timeFormat>
					</timeFormatLength>
					<timeFormatLength type="medium">
						<timeFormat>
							<pattern>HH:mm:ss</pattern>
						</timeFormat>
					</timeFormatLength>
					<timeFormatLength type="short">
						<timeFormat>
							<pattern>HH:mm</pattern>
						</timeFormat>
					</timeFormatLength>
				</timeFormats>
			</calendar>
		</calendars>
	</dates>
	<numbers>
		<currencies>
			<currency type="NGN">
				<displayName>Aman</displayName>
			</currency>
		</currencies>
	</numbers>
</ldml>

