<?xml version="1.0" encoding="UTF-8" ?>

<ldml>
	<identity>
		<version number="$Revision: 4763 $"/>
		<generation date="$Date: 2010-02-27 01:03:37 -0600 (Sat, 27 Feb 2010) $"/>
		<language type="ku"/>
	</identity>
	<localeDisplayNames>
		<languages>
			<language type="af">ئه‌فریكای</language>
			<language type="am">ئه‌مهه‌رینجی</language>
			<language type="ar">عه‌ره‌بی</language>
			<language type="as">ئا سسامی (زوبان)</language>
			<language type="az">ئازه‌ربایجانی</language>
			<language type="be">بێلاڕووسی</language>
			<language type="bg">بۆلگاری</language>
			<language type="bh">بیهاری</language>
			<language type="bn">به‌نگلادێشی</language>
			<language type="br">برێتونی</language>
			<language type="bs">بۆسنی</language>
			<language type="ca">كاتالۆنی</language>
			<language type="cs">چه‌كی</language>
			<language type="cy">وێلزی</language>
			<language type="da">دانماركی</language>
			<language type="de">ئاڵمانی</language>
			<language type="el">یۆنانی</language>
			<language type="en">ئینگلیزی</language>
			<language type="eo">ئێسپیرانتۆ</language>
			<language type="es">ئیسپانی</language>
			<language type="et">ئیستۆنی</language>
			<language type="eu">باسكی</language>
			<language type="fa">فارسی</language>
			<language type="fi">فینله‌ندی</language>
			<language type="fil">تاگالۆگی</language>
			<language type="fo">فه‌رئۆیی</language>
			<language type="fr">فه‌رانسی</language>
			<language type="fy">فریسی</language>
			<language type="ga">ئیرله‌ندی</language>
			<language type="gd">گه‌لیكی سكۆتله‌ندی</language>
			<language type="gl">گالیسی</language>
			<language type="gn">گووارانی</language>
			<language type="gu">گوجاراتی</language>
			<language type="he">هیبرێ</language>
			<language type="hi">هیندی</language>
			<language type="hr">كرواتی</language>
			<language type="hu">هه‌نگاری (مه‌جاری)</language>
			<language type="hy">ئه رمه نی</language>
			<language type="ia">ئینترلینگوی</language>
			<language type="id">ئێه‌ندونیزی</language>
			<language type="ie">ئه نته ر لينگ (زوبان)</language>
			<language type="is">ئیسله‌ندی</language>
			<language type="it">ئیتالی</language>
			<language type="ja">ژاپۆنی</language>
			<language type="jv">جاڤانی</language>
			<language type="ka">گۆرجستانی</language>
			<language type="km">کامبۆجی (زوبان)</language>
			<language type="kn">كه‌نه‌دایی</language>
			<language type="ko">كۆری</language>
			<language type="ku">كوردی</language>
			<language type="ky">كرگیزی</language>
			<language type="la">لاتینی</language>
			<language type="ln">لينگالا</language>
			<language type="lo">لاو‏ى</language>
			<language type="lt">لیتوانی</language>
			<language type="lv">لێتۆنی</language>
			<language type="mk">ماكێدۆنی</language>
			<language type="ml">مالایلام</language>
			<language type="mn">مه‌نگۆلی</language>
			<language type="mr">ماراتی</language>
			<language type="ms">مالیزی</language>
			<language type="mt">ماڵتایی</language>
			<language type="ne">نێپالی</language>
			<language type="nl">هۆڵه‌ندی</language>
			<language type="no">نۆروێژی</language>
			<language type="oc">ئۆسیتانی</language>
			<language type="or">ئۆرییا</language>
			<language type="pa">په‌نجابی</language>
			<language type="pl">پۆڵۆنیایی (له‌هستانی)</language>
			<language type="ps">په‌شتوو</language>
			<language type="pt">پۆرتۆگالی</language>
			<language type="pt_BR">پورتوگاڵی (برازیل)</language>
			<language type="pt_PT">پورتوگاڵی (پورتوگاڵ)</language>
			<language type="ro">ڕۆمانی</language>
			<language type="ru">ڕووسی</language>
			<language type="sa">سانسکريت</language>
			<language type="sd">سيندی(زوبان)</language>
			<language type="sh">سێربۆكرواتی</language>
			<language type="si">سینهه‌لی</language>
			<language type="sk">سلۆڤاكی</language>
			<language type="sl">سلۆڤێنی</language>
			<language type="so">سۆمالی</language>
			<language type="sq">ئاڵبانی</language>
			<language type="sr">سه‌ربی</language>
			<language type="st">سێسۆتۆ</language>
			<language type="su">سودانی</language>
			<language type="sv">سویدی</language>
			<language type="sw">سواهیلی</language>
			<language type="ta">تامیلی</language>
			<language type="te">ته‌لۆگوی</language>
			<language type="th">تایله‌ندی</language>
			<language type="ti">تیگرینیای</language>
			<language type="tk">تروكمانی</language>
			<language type="tlh">كلینگۆن</language>
			<language type="tr">توركی</language>
			<language type="tw">توی</language>
			<language type="ug">ئويخووری</language>
			<language type="uk">ئۆكراینی</language>
			<language type="ur">ئۆردو‌و</language>
			<language type="uz">ئۆزبه‌كی</language>
			<language type="vi">ڤیه‌تنامی</language>
			<language type="xh">سسوسا</language>
			<language type="yi">یوددی</language>
			<language type="zu">زولو</language>
		</languages>
		<scripts>
			<script type="Arab">عەرەبی</script>
			<script type="Armn">ئەرمەنیی</script>
			<script type="Beng">بەنگالی</script>
			<script type="Grek">یوونانی</script>
			<script type="Hebr">عیبری</script>
			<script type="Jpan">ژاپۆنی</script>
			<script type="Kore">کۆرەیی</script>
			<script type="Latn">لاتین</script>
		</scripts>
		<territories>
			<territory type="002">ئەفریقا</territory>
			<territory type="142">ئاسیا</territory>
			<territory type="AF">ئەفغانیستان</territory>
			<territory type="AL">ئەڵبانیا</territory>
			<territory type="AM">ئەرمەنیا</territory>
			<territory type="AR">ئارجەنتینا</territory>
			<territory type="AT">ئۆتریش</territory>
			<territory type="AU">ئۆستۆڕاڵیا</territory>
			<territory type="AZ">ئازەربایجان</territory>
			<territory type="BE">بەلژیک</territory>
			<territory type="BH">بەحرەین</territory>
			<territory type="BR">بڕازیل</territory>
			<territory type="CA">کانەدا</territory>
			<territory type="CL">شیلی</territory>
			<territory type="CN">چین</territory>
			<territory type="CU">کووبا</territory>
			<territory type="CY">قیبرس</territory>
			<territory type="DE">ئەڵمانیا</territory>
			<territory type="DZ">ئەلجەزایر</territory>
			<territory type="FR">فەڕەنسا</territory>
			<territory type="GB">بەڕیتانیا</territory>
			<territory type="IN">ھیند</territory>
			<territory type="IQ">عێراق</territory>
			<territory type="IT">ئیتاڵی</territory>
			<territory type="JP">ژاپۆن</territory>
			<territory type="RU">ڕووسیا</territory>
			<territory type="US">وڵاتە یەکگرتووەکان</territory>
			<territory type="ZZ">نەناسراو</territory>
		</territories>
	</localeDisplayNames>
	<layout>
		<orientation characters="right-to-left"/>
	</layout>
	<characters>
		<exemplarCharacters>[ئ ا ب پ ت ج چ ح خ د ر ز ڕ ژ س ش ع غ ف ڤ ق ک گ ل ڵ م ن ه ھ و ۆ ی ێ]</exemplarCharacters>
		<exemplarCharacters type="auxiliary">[\u064B \u064C \u064D \u064E \u064F \u0650 \u0651 \u0652 ء آ أ ؤ إ ئ ا ب ة ث ذ ص ض ط ظ ك ى ي]</exemplarCharacters>
		<exemplarCharacters type="index">[ئ ا ب پ ت ج چ ح خ د ر ز ڕ ژ س ش ع غ ف ڤ ق ک گ ل ڵ م ن ه ھ و ۆ ی ێ]</exemplarCharacters>
	</characters>
	<dates>
		<calendars>
			<calendar type="gregorian">
				<days>
					<dayContext type="format">
						<dayWidth type="wide">
							<day type="sun">یەکشەممە</day>
							<day type="mon">دووشەممە</day>
							<day type="tue">سێشەممە</day>
							<day type="wed">چوارشەممە</day>
						</dayWidth>
					</dayContext>
					<dayContext type="stand-alone">
						<dayWidth type="narrow">
							<day type="sun">ی</day>
							<day type="mon">د</day>
							<day type="tue">س</day>
						</dayWidth>
					</dayContext>
				</days>
			</calendar>
		</calendars>
	</dates>
</ldml>

