<?xml version="1.0" encoding="UTF-8"?>
<package xmlns="http://pear.php.net/dtd/package-2.1" xmlns:tasks="http://pear.php.net/dtd/tasks-1.0" xmlns:xsi="http://www.w3.org/2001/XMLSchema-instance" version="2.1" xsi:schemaLocation="http://pear.php.net/dtd/tasks-1.0     http://pear.php.net/dtd/tasks-1.0.xsd     http://pear.php.net/dtd/package-2.1     http://pear.php.net/dtd/package-2.1.xsd" packagerversion="2.0.0a3">
 <name>Zend_Dojo</name>
 <channel>packages.zendframework.com</channel>
 <summary>Package Zend_Dojo summary.
</summary>
 <description>
Package detailed description here (found in README)</description>
 <lead>
  <name>Your Name</name>
  <user>handle</user>
  <email>handle@php.net</email>
  <active>yes</active>
 </lead>
 <date>2011-10-17</date>
 <time>08:15:33</time>
 <version>
  <release>2.0.0beta1</release>
  <api>2.0.0beta1</api>
 </version>
 <stability>
  <release>beta</release>
  <api>beta</api>
 </stability>
 <license uri="http://www.opensource.org/licenses/bsd-license.php">New BSD License</license>
 <notes>Package Zend_Dojo release notes for version 0.1.0.

Package Zend_Dojo API release notes for version 0.1.0.</notes>
 <contents>
  <dir name="/">
   <file role="php" name="php/Zend/Dojo/View/HelperLoader.php"/>
   <file role="php" name="php/Zend/Dojo/View/Helper/VerticalSlider.php"/>
   <file role="php" name="php/Zend/Dojo/View/Helper/ValidationTextBox.php"/>
   <file role="php" name="php/Zend/Dojo/View/Helper/TimeTextBox.php"/>
   <file role="php" name="php/Zend/Dojo/View/Helper/TextBox.php"/>
   <file role="php" name="php/Zend/Dojo/View/Helper/Textarea.php"/>
   <file role="php" name="php/Zend/Dojo/View/Helper/TabContainer.php"/>
   <file role="php" name="php/Zend/Dojo/View/Helper/SubmitButton.php"/>
   <file role="php" name="php/Zend/Dojo/View/Helper/StackContainer.php"/>
   <file role="php" name="php/Zend/Dojo/View/Helper/SplitContainer.php"/>
   <file role="php" name="php/Zend/Dojo/View/Helper/Slider.php"/>
   <file role="php" name="php/Zend/Dojo/View/Helper/SimpleTextarea.php"/>
   <file role="php" name="php/Zend/Dojo/View/Helper/RadioButton.php"/>
   <file role="php" name="php/Zend/Dojo/View/Helper/PasswordTextBox.php"/>
   <file role="php" name="php/Zend/Dojo/View/Helper/NumberTextBox.php"/>
   <file role="php" name="php/Zend/Dojo/View/Helper/NumberSpinner.php"/>
   <file role="php" name="php/Zend/Dojo/View/Helper/HorizontalSlider.php"/>
   <file role="php" name="php/Zend/Dojo/View/Helper/FilteringSelect.php"/>
   <file role="php" name="php/Zend/Dojo/View/Helper/Editor.php"/>
   <file role="php" name="php/Zend/Dojo/View/Helper/DojoForm.php"/>
   <file role="php" name="php/Zend/Dojo/View/Helper/Dojo/Container.php"/>
   <file role="php" name="php/Zend/Dojo/View/Helper/Dojo.php"/>
   <file role="php" name="php/Zend/Dojo/View/Helper/DijitContainer.php"/>
   <file role="php" name="php/Zend/Dojo/View/Helper/Dijit.php"/>
   <file role="php" name="php/Zend/Dojo/View/Helper/DateTextBox.php"/>
   <file role="php" name="php/Zend/Dojo/View/Helper/CustomDijit.php"/>
   <file role="php" name="php/Zend/Dojo/View/Helper/CurrencyTextBox.php"/>
   <file role="php" name="php/Zend/Dojo/View/Helper/ContentPane.php"/>
   <file role="php" name="php/Zend/Dojo/View/Helper/ComboBox.php"/>
   <file role="php" name="php/Zend/Dojo/View/Helper/CheckBox.php"/>
   <file role="php" name="php/Zend/Dojo/View/Helper/Button.php"/>
   <file role="php" name="php/Zend/Dojo/View/Helper/BorderContainer.php"/>
   <file role="php" name="php/Zend/Dojo/View/Helper/AccordionPane.php"/>
   <file role="php" name="php/Zend/Dojo/View/Helper/AccordionContainer.php"/>
   <file role="php" name="php/Zend/Dojo/View/Exception/RuntimeException.php"/>
   <file role="php" name="php/Zend/Dojo/View/Exception/InvalidArgumentException.php"/>
   <file role="php" name="php/Zend/Dojo/View/Exception/BadMethodCallException.php"/>
   <file role="php" name="php/Zend/Dojo/View/Exception.php"/>
   <file role="php" name="php/Zend/Dojo/Form/SubForm.php"/>
   <file role="php" name="php/Zend/Dojo/Form/Form.php"/>
   <file role="php" name="php/Zend/Dojo/Form/Element/VerticalSlider.php"/>
   <file role="php" name="php/Zend/Dojo/Form/Element/ValidationTextBox.php"/>
   <file role="php" name="php/Zend/Dojo/Form/Element/TimeTextBox.php"/>
   <file role="php" name="php/Zend/Dojo/Form/Element/TextBox.php"/>
   <file role="php" name="php/Zend/Dojo/Form/Element/Textarea.php"/>
   <file role="php" name="php/Zend/Dojo/Form/Element/SubmitButton.php"/>
   <file role="php" name="php/Zend/Dojo/Form/Element/Slider.php"/>
   <file role="php" name="php/Zend/Dojo/Form/Element/SimpleTextarea.php"/>
   <file role="php" name="php/Zend/Dojo/Form/Element/RadioButton.php"/>
   <file role="php" name="php/Zend/Dojo/Form/Element/PasswordTextBox.php"/>
   <file role="php" name="php/Zend/Dojo/Form/Element/NumberTextBox.php"/>
   <file role="php" name="php/Zend/Dojo/Form/Element/NumberSpinner.php"/>
   <file role="php" name="php/Zend/Dojo/Form/Element/HorizontalSlider.php"/>
   <file role="php" name="php/Zend/Dojo/Form/Element/FilteringSelect.php"/>
   <file role="php" name="php/Zend/Dojo/Form/Element/Editor.php"/>
   <file role="php" name="php/Zend/Dojo/Form/Element/DijitMulti.php"/>
   <file role="php" name="php/Zend/Dojo/Form/Element/Dijit.php"/>
   <file role="php" name="php/Zend/Dojo/Form/Element/DateTextBox.php"/>
   <file role="php" name="php/Zend/Dojo/Form/Element/CurrencyTextBox.php"/>
   <file role="php" name="php/Zend/Dojo/Form/Element/ComboBox.php"/>
   <file role="php" name="php/Zend/Dojo/Form/Element/CheckBox.php"/>
   <file role="php" name="php/Zend/Dojo/Form/Element/Button.php"/>
   <file role="php" name="php/Zend/Dojo/Form/DisplayGroup.php"/>
   <file role="php" name="php/Zend/Dojo/Form/Decorator/TabContainer.php"/>
   <file role="php" name="php/Zend/Dojo/Form/Decorator/StackContainer.php"/>
   <file role="php" name="php/Zend/Dojo/Form/Decorator/SplitContainer.php"/>
   <file role="php" name="php/Zend/Dojo/Form/Decorator/DijitForm.php"/>
   <file role="php" name="php/Zend/Dojo/Form/Decorator/DijitElement.php"/>
   <file role="php" name="php/Zend/Dojo/Form/Decorator/DijitContainer.php"/>
   <file role="php" name="php/Zend/Dojo/Form/Decorator/ContentPane.php"/>
   <file role="php" name="php/Zend/Dojo/Form/Decorator/BorderContainer.php"/>
   <file role="php" name="php/Zend/Dojo/Form/Decorator/AccordionPane.php"/>
   <file role="php" name="php/Zend/Dojo/Form/Decorator/AccordionContainer.php"/>
   <file role="php" name="php/Zend/Dojo/Exception/RuntimeException.php"/>
   <file role="php" name="php/Zend/Dojo/Exception/InvalidArgumentException.php"/>
   <file role="php" name="php/Zend/Dojo/Exception.php"/>
   <file role="php" name="php/Zend/Dojo/Dojo.php"/>
   <file role="php" name="php/Zend/Dojo/Data.php"/>
   <file role="php" name="php/Zend/Dojo/BuildLayer.php"/>
  </dir>
 </contents>
 <dependencies>
  <required>
   <php>
    <min>5.2.0</min>
   </php>
   <pearinstaller>
    <min>2.0.0a1</min>
   </pearinstaller>
   <package>
    <name>Zend_Json</name>
    <channel>packages.zendframework.com</channel>
   </package>
  </required>
  <optional>
   <package>
    <name>Zend_Config</name>
    <channel>packages.zendframework.com</channel>
   </package>
   <package>
    <name>Zend_View</name>
    <channel>packages.zendframework.com</channel>
   </package>
  </optional>
 </dependencies>
 <phprelease/>
</package>
