<?xml version="1.0" encoding="UTF-8"?>
<package xmlns="http://pear.php.net/dtd/package-2.1" xmlns:tasks="http://pear.php.net/dtd/tasks-1.0" xmlns:xsi="http://www.w3.org/2001/XMLSchema-instance" version="2.1" xsi:schemaLocation="http://pear.php.net/dtd/tasks-1.0     http://pear.php.net/dtd/tasks-1.0.xsd     http://pear.php.net/dtd/package-2.1     http://pear.php.net/dtd/package-2.1.xsd" packagerversion="2.0.0">
 <name>Zend_I18n</name>
 <channel>packages.zendframework.com</channel>
 <summary>Package Zend_I18n summary.\n\n&quot; . &quot;Package detailed description here (found in README)</summary>
 <description/>
 <lead>
  <name>Your Name</name>
  <user>handle</user>
  <email>handle@php.net</email>
  <active>yes</active>
 </lead>
 <date>2013-10-31</date>
 <time>11:44:29</time>
 <version>
  <release>2.2.5</release>
  <api>2.2.5</api>
 </version>
 <stability>
  <release>stable</release>
  <api>stable</api>
 </stability>
 <license uri="http://www.opensource.org/licenses/bsd-license.php">New BSD License</license>
 <notes>Package  Zend_I18n release notes for version 0.1.0.

Package Zend_I18n API release notes for version 0.1.0.</notes>
 <contents>
  <dir name="/">
   <file role="php" name="php/Zend/I18n/View/HelperConfig.php"/>
   <file role="php" name="php/Zend/I18n/View/Helper/TranslatePlural.php"/>
   <file role="php" name="php/Zend/I18n/View/Helper/Translate.php"/>
   <file role="php" name="php/Zend/I18n/View/Helper/Plural.php"/>
   <file role="php" name="php/Zend/I18n/View/Helper/NumberFormat.php"/>
   <file role="php" name="php/Zend/I18n/View/Helper/DateFormat.php"/>
   <file role="php" name="php/Zend/I18n/View/Helper/CurrencyFormat.php"/>
   <file role="php" name="php/Zend/I18n/View/Helper/AbstractTranslatorHelper.php"/>
   <file role="php" name="php/Zend/I18n/Validator/PostCode.php"/>
   <file role="php" name="php/Zend/I18n/Validator/PhoneNumber/ZW.php"/>
   <file role="php" name="php/Zend/I18n/Validator/PhoneNumber/ZM.php"/>
   <file role="php" name="php/Zend/I18n/Validator/PhoneNumber/ZA.php"/>
   <file role="php" name="php/Zend/I18n/Validator/PhoneNumber/YT.php"/>
   <file role="php" name="php/Zend/I18n/Validator/PhoneNumber/YE.php"/>
   <file role="php" name="php/Zend/I18n/Validator/PhoneNumber/WS.php"/>
   <file role="php" name="php/Zend/I18n/Validator/PhoneNumber/WF.php"/>
   <file role="php" name="php/Zend/I18n/Validator/PhoneNumber/VU.php"/>
   <file role="php" name="php/Zend/I18n/Validator/PhoneNumber/VN.php"/>
   <file role="php" name="php/Zend/I18n/Validator/PhoneNumber/VI.php"/>
   <file role="php" name="php/Zend/I18n/Validator/PhoneNumber/VG.php"/>
   <file role="php" name="php/Zend/I18n/Validator/PhoneNumber/VE.php"/>
   <file role="php" name="php/Zend/I18n/Validator/PhoneNumber/VC.php"/>
   <file role="php" name="php/Zend/I18n/Validator/PhoneNumber/VA.php"/>
   <file role="php" name="php/Zend/I18n/Validator/PhoneNumber/UZ.php"/>
   <file role="php" name="php/Zend/I18n/Validator/PhoneNumber/UY.php"/>
   <file role="php" name="php/Zend/I18n/Validator/PhoneNumber/US.php"/>
   <file role="php" name="php/Zend/I18n/Validator/PhoneNumber/UG.php"/>
   <file role="php" name="php/Zend/I18n/Validator/PhoneNumber/UA.php"/>
   <file role="php" name="php/Zend/I18n/Validator/PhoneNumber/TZ.php"/>
   <file role="php" name="php/Zend/I18n/Validator/PhoneNumber/TW.php"/>
   <file role="php" name="php/Zend/I18n/Validator/PhoneNumber/TV.php"/>
   <file role="php" name="php/Zend/I18n/Validator/PhoneNumber/TT.php"/>
   <file role="php" name="php/Zend/I18n/Validator/PhoneNumber/TR.php"/>
   <file role="php" name="php/Zend/I18n/Validator/PhoneNumber/TO.php"/>
   <file role="php" name="php/Zend/I18n/Validator/PhoneNumber/TN.php"/>
   <file role="php" name="php/Zend/I18n/Validator/PhoneNumber/TM.php"/>
   <file role="php" name="php/Zend/I18n/Validator/PhoneNumber/TL.php"/>
   <file role="php" name="php/Zend/I18n/Validator/PhoneNumber/TK.php"/>
   <file role="php" name="php/Zend/I18n/Validator/PhoneNumber/TJ.php"/>
   <file role="php" name="php/Zend/I18n/Validator/PhoneNumber/TH.php"/>
   <file role="php" name="php/Zend/I18n/Validator/PhoneNumber/TG.php"/>
   <file role="php" name="php/Zend/I18n/Validator/PhoneNumber/TD.php"/>
   <file role="php" name="php/Zend/I18n/Validator/PhoneNumber/TC.php"/>
   <file role="php" name="php/Zend/I18n/Validator/PhoneNumber/SZ.php"/>
   <file role="php" name="php/Zend/I18n/Validator/PhoneNumber/SY.php"/>
   <file role="php" name="php/Zend/I18n/Validator/PhoneNumber/SX.php"/>
   <file role="php" name="php/Zend/I18n/Validator/PhoneNumber/SV.php"/>
   <file role="php" name="php/Zend/I18n/Validator/PhoneNumber/ST.php"/>
   <file role="php" name="php/Zend/I18n/Validator/PhoneNumber/SS.php"/>
   <file role="php" name="php/Zend/I18n/Validator/PhoneNumber/SR.php"/>
   <file role="php" name="php/Zend/I18n/Validator/PhoneNumber/SO.php"/>
   <file role="php" name="php/Zend/I18n/Validator/PhoneNumber/SN.php"/>
   <file role="php" name="php/Zend/I18n/Validator/PhoneNumber/SM.php"/>
   <file role="php" name="php/Zend/I18n/Validator/PhoneNumber/SL.php"/>
   <file role="php" name="php/Zend/I18n/Validator/PhoneNumber/SK.php"/>
   <file role="php" name="php/Zend/I18n/Validator/PhoneNumber/SJ.php"/>
   <file role="php" name="php/Zend/I18n/Validator/PhoneNumber/SI.php"/>
   <file role="php" name="php/Zend/I18n/Validator/PhoneNumber/SH.php"/>
   <file role="php" name="php/Zend/I18n/Validator/PhoneNumber/SG.php"/>
   <file role="php" name="php/Zend/I18n/Validator/PhoneNumber/SE.php"/>
   <file role="php" name="php/Zend/I18n/Validator/PhoneNumber/SD.php"/>
   <file role="php" name="php/Zend/I18n/Validator/PhoneNumber/SC.php"/>
   <file role="php" name="php/Zend/I18n/Validator/PhoneNumber/SB.php"/>
   <file role="php" name="php/Zend/I18n/Validator/PhoneNumber/SA.php"/>
   <file role="php" name="php/Zend/I18n/Validator/PhoneNumber/RW.php"/>
   <file role="php" name="php/Zend/I18n/Validator/PhoneNumber/RU.php"/>
   <file role="php" name="php/Zend/I18n/Validator/PhoneNumber/RS.php"/>
   <file role="php" name="php/Zend/I18n/Validator/PhoneNumber/RO.php"/>
   <file role="php" name="php/Zend/I18n/Validator/PhoneNumber/RE.php"/>
   <file role="php" name="php/Zend/I18n/Validator/PhoneNumber/QA.php"/>
   <file role="php" name="php/Zend/I18n/Validator/PhoneNumber/PY.php"/>
   <file role="php" name="php/Zend/I18n/Validator/PhoneNumber/PW.php"/>
   <file role="php" name="php/Zend/I18n/Validator/PhoneNumber/PT.php"/>
   <file role="php" name="php/Zend/I18n/Validator/PhoneNumber/PS.php"/>
   <file role="php" name="php/Zend/I18n/Validator/PhoneNumber/PR.php"/>
   <file role="php" name="php/Zend/I18n/Validator/PhoneNumber/PM.php"/>
   <file role="php" name="php/Zend/I18n/Validator/PhoneNumber/PL.php"/>
   <file role="php" name="php/Zend/I18n/Validator/PhoneNumber/PK.php"/>
   <file role="php" name="php/Zend/I18n/Validator/PhoneNumber/PH.php"/>
   <file role="php" name="php/Zend/I18n/Validator/PhoneNumber/PG.php"/>
   <file role="php" name="php/Zend/I18n/Validator/PhoneNumber/PF.php"/>
   <file role="php" name="php/Zend/I18n/Validator/PhoneNumber/PE.php"/>
   <file role="php" name="php/Zend/I18n/Validator/PhoneNumber/PA.php"/>
   <file role="php" name="php/Zend/I18n/Validator/PhoneNumber/OM.php"/>
   <file role="php" name="php/Zend/I18n/Validator/PhoneNumber/NZ.php"/>
   <file role="php" name="php/Zend/I18n/Validator/PhoneNumber/NU.php"/>
   <file role="php" name="php/Zend/I18n/Validator/PhoneNumber/NR.php"/>
   <file role="php" name="php/Zend/I18n/Validator/PhoneNumber/NP.php"/>
   <file role="php" name="php/Zend/I18n/Validator/PhoneNumber/NO.php"/>
   <file role="php" name="php/Zend/I18n/Validator/PhoneNumber/NL.php"/>
   <file role="php" name="php/Zend/I18n/Validator/PhoneNumber/NI.php"/>
   <file role="php" name="php/Zend/I18n/Validator/PhoneNumber/NG.php"/>
   <file role="php" name="php/Zend/I18n/Validator/PhoneNumber/NF.php"/>
   <file role="php" name="php/Zend/I18n/Validator/PhoneNumber/NE.php"/>
   <file role="php" name="php/Zend/I18n/Validator/PhoneNumber/NC.php"/>
   <file role="php" name="php/Zend/I18n/Validator/PhoneNumber/NA.php"/>
   <file role="php" name="php/Zend/I18n/Validator/PhoneNumber/MZ.php"/>
   <file role="php" name="php/Zend/I18n/Validator/PhoneNumber/MY.php"/>
   <file role="php" name="php/Zend/I18n/Validator/PhoneNumber/MX.php"/>
   <file role="php" name="php/Zend/I18n/Validator/PhoneNumber/MW.php"/>
   <file role="php" name="php/Zend/I18n/Validator/PhoneNumber/MV.php"/>
   <file role="php" name="php/Zend/I18n/Validator/PhoneNumber/MU.php"/>
   <file role="php" name="php/Zend/I18n/Validator/PhoneNumber/MT.php"/>
   <file role="php" name="php/Zend/I18n/Validator/PhoneNumber/MS.php"/>
   <file role="php" name="php/Zend/I18n/Validator/PhoneNumber/MR.php"/>
   <file role="php" name="php/Zend/I18n/Validator/PhoneNumber/MQ.php"/>
   <file role="php" name="php/Zend/I18n/Validator/PhoneNumber/MP.php"/>
   <file role="php" name="php/Zend/I18n/Validator/PhoneNumber/MO.php"/>
   <file role="php" name="php/Zend/I18n/Validator/PhoneNumber/MN.php"/>
   <file role="php" name="php/Zend/I18n/Validator/PhoneNumber/MM.php"/>
   <file role="php" name="php/Zend/I18n/Validator/PhoneNumber/ML.php"/>
   <file role="php" name="php/Zend/I18n/Validator/PhoneNumber/MK.php"/>
   <file role="php" name="php/Zend/I18n/Validator/PhoneNumber/MH.php"/>
   <file role="php" name="php/Zend/I18n/Validator/PhoneNumber/MG.php"/>
   <file role="php" name="php/Zend/I18n/Validator/PhoneNumber/MF.php"/>
   <file role="php" name="php/Zend/I18n/Validator/PhoneNumber/ME.php"/>
   <file role="php" name="php/Zend/I18n/Validator/PhoneNumber/MD.php"/>
   <file role="php" name="php/Zend/I18n/Validator/PhoneNumber/MC.php"/>
   <file role="php" name="php/Zend/I18n/Validator/PhoneNumber/MA.php"/>
   <file role="php" name="php/Zend/I18n/Validator/PhoneNumber/LY.php"/>
   <file role="php" name="php/Zend/I18n/Validator/PhoneNumber/LV.php"/>
   <file role="php" name="php/Zend/I18n/Validator/PhoneNumber/LU.php"/>
   <file role="php" name="php/Zend/I18n/Validator/PhoneNumber/LT.php"/>
   <file role="php" name="php/Zend/I18n/Validator/PhoneNumber/LS.php"/>
   <file role="php" name="php/Zend/I18n/Validator/PhoneNumber/LR.php"/>
   <file role="php" name="php/Zend/I18n/Validator/PhoneNumber/LK.php"/>
   <file role="php" name="php/Zend/I18n/Validator/PhoneNumber/LI.php"/>
   <file role="php" name="php/Zend/I18n/Validator/PhoneNumber/LC.php"/>
   <file role="php" name="php/Zend/I18n/Validator/PhoneNumber/LB.php"/>
   <file role="php" name="php/Zend/I18n/Validator/PhoneNumber/LA.php"/>
   <file role="php" name="php/Zend/I18n/Validator/PhoneNumber/KZ.php"/>
   <file role="php" name="php/Zend/I18n/Validator/PhoneNumber/KY.php"/>
   <file role="php" name="php/Zend/I18n/Validator/PhoneNumber/KW.php"/>
   <file role="php" name="php/Zend/I18n/Validator/PhoneNumber/KR.php"/>
   <file role="php" name="php/Zend/I18n/Validator/PhoneNumber/KP.php"/>
   <file role="php" name="php/Zend/I18n/Validator/PhoneNumber/KN.php"/>
   <file role="php" name="php/Zend/I18n/Validator/PhoneNumber/KM.php"/>
   <file role="php" name="php/Zend/I18n/Validator/PhoneNumber/KI.php"/>
   <file role="php" name="php/Zend/I18n/Validator/PhoneNumber/KH.php"/>
   <file role="php" name="php/Zend/I18n/Validator/PhoneNumber/KG.php"/>
   <file role="php" name="php/Zend/I18n/Validator/PhoneNumber/KE.php"/>
   <file role="php" name="php/Zend/I18n/Validator/PhoneNumber/JP.php"/>
   <file role="php" name="php/Zend/I18n/Validator/PhoneNumber/JO.php"/>
   <file role="php" name="php/Zend/I18n/Validator/PhoneNumber/JM.php"/>
   <file role="php" name="php/Zend/I18n/Validator/PhoneNumber/JE.php"/>
   <file role="php" name="php/Zend/I18n/Validator/PhoneNumber/IT.php"/>
   <file role="php" name="php/Zend/I18n/Validator/PhoneNumber/IS.php"/>
   <file role="php" name="php/Zend/I18n/Validator/PhoneNumber/IR.php"/>
   <file role="php" name="php/Zend/I18n/Validator/PhoneNumber/IQ.php"/>
   <file role="php" name="php/Zend/I18n/Validator/PhoneNumber/IO.php"/>
   <file role="php" name="php/Zend/I18n/Validator/PhoneNumber/IN.php"/>
   <file role="php" name="php/Zend/I18n/Validator/PhoneNumber/IM.php"/>
   <file role="php" name="php/Zend/I18n/Validator/PhoneNumber/IL.php"/>
   <file role="php" name="php/Zend/I18n/Validator/PhoneNumber/IE.php"/>
   <file role="php" name="php/Zend/I18n/Validator/PhoneNumber/ID.php"/>
   <file role="php" name="php/Zend/I18n/Validator/PhoneNumber/HU.php"/>
   <file role="php" name="php/Zend/I18n/Validator/PhoneNumber/HT.php"/>
   <file role="php" name="php/Zend/I18n/Validator/PhoneNumber/HR.php"/>
   <file role="php" name="php/Zend/I18n/Validator/PhoneNumber/HN.php"/>
   <file role="php" name="php/Zend/I18n/Validator/PhoneNumber/HK.php"/>
   <file role="php" name="php/Zend/I18n/Validator/PhoneNumber/GY.php"/>
   <file role="php" name="php/Zend/I18n/Validator/PhoneNumber/GW.php"/>
   <file role="php" name="php/Zend/I18n/Validator/PhoneNumber/GU.php"/>
   <file role="php" name="php/Zend/I18n/Validator/PhoneNumber/GT.php"/>
   <file role="php" name="php/Zend/I18n/Validator/PhoneNumber/GR.php"/>
   <file role="php" name="php/Zend/I18n/Validator/PhoneNumber/GQ.php"/>
   <file role="php" name="php/Zend/I18n/Validator/PhoneNumber/GP.php"/>
   <file role="php" name="php/Zend/I18n/Validator/PhoneNumber/GN.php"/>
   <file role="php" name="php/Zend/I18n/Validator/PhoneNumber/GM.php"/>
   <file role="php" name="php/Zend/I18n/Validator/PhoneNumber/GL.php"/>
   <file role="php" name="php/Zend/I18n/Validator/PhoneNumber/GI.php"/>
   <file role="php" name="php/Zend/I18n/Validator/PhoneNumber/GH.php"/>
   <file role="php" name="php/Zend/I18n/Validator/PhoneNumber/GG.php"/>
   <file role="php" name="php/Zend/I18n/Validator/PhoneNumber/GF.php"/>
   <file role="php" name="php/Zend/I18n/Validator/PhoneNumber/GE.php"/>
   <file role="php" name="php/Zend/I18n/Validator/PhoneNumber/GD.php"/>
   <file role="php" name="php/Zend/I18n/Validator/PhoneNumber/GB.php"/>
   <file role="php" name="php/Zend/I18n/Validator/PhoneNumber/GA.php"/>
   <file role="php" name="php/Zend/I18n/Validator/PhoneNumber/FR.php"/>
   <file role="php" name="php/Zend/I18n/Validator/PhoneNumber/FO.php"/>
   <file role="php" name="php/Zend/I18n/Validator/PhoneNumber/FM.php"/>
   <file role="php" name="php/Zend/I18n/Validator/PhoneNumber/FK.php"/>
   <file role="php" name="php/Zend/I18n/Validator/PhoneNumber/FJ.php"/>
   <file role="php" name="php/Zend/I18n/Validator/PhoneNumber/FI.php"/>
   <file role="php" name="php/Zend/I18n/Validator/PhoneNumber/ET.php"/>
   <file role="php" name="php/Zend/I18n/Validator/PhoneNumber/ES.php"/>
   <file role="php" name="php/Zend/I18n/Validator/PhoneNumber/ER.php"/>
   <file role="php" name="php/Zend/I18n/Validator/PhoneNumber/EH.php"/>
   <file role="php" name="php/Zend/I18n/Validator/PhoneNumber/EG.php"/>
   <file role="php" name="php/Zend/I18n/Validator/PhoneNumber/EE.php"/>
   <file role="php" name="php/Zend/I18n/Validator/PhoneNumber/EC.php"/>
   <file role="php" name="php/Zend/I18n/Validator/PhoneNumber/DZ.php"/>
   <file role="php" name="php/Zend/I18n/Validator/PhoneNumber/DO.php"/>
   <file role="php" name="php/Zend/I18n/Validator/PhoneNumber/DM.php"/>
   <file role="php" name="php/Zend/I18n/Validator/PhoneNumber/DK.php"/>
   <file role="php" name="php/Zend/I18n/Validator/PhoneNumber/DJ.php"/>
   <file role="php" name="php/Zend/I18n/Validator/PhoneNumber/DE.php"/>
   <file role="php" name="php/Zend/I18n/Validator/PhoneNumber/CZ.php"/>
   <file role="php" name="php/Zend/I18n/Validator/PhoneNumber/CY.php"/>
   <file role="php" name="php/Zend/I18n/Validator/PhoneNumber/CX.php"/>
   <file role="php" name="php/Zend/I18n/Validator/PhoneNumber/CW.php"/>
   <file role="php" name="php/Zend/I18n/Validator/PhoneNumber/CV.php"/>
   <file role="php" name="php/Zend/I18n/Validator/PhoneNumber/CU.php"/>
   <file role="php" name="php/Zend/I18n/Validator/PhoneNumber/CR.php"/>
   <file role="php" name="php/Zend/I18n/Validator/PhoneNumber/CO.php"/>
   <file role="php" name="php/Zend/I18n/Validator/PhoneNumber/CN.php"/>
   <file role="php" name="php/Zend/I18n/Validator/PhoneNumber/CM.php"/>
   <file role="php" name="php/Zend/I18n/Validator/PhoneNumber/CL.php"/>
   <file role="php" name="php/Zend/I18n/Validator/PhoneNumber/CK.php"/>
   <file role="php" name="php/Zend/I18n/Validator/PhoneNumber/CI.php"/>
   <file role="php" name="php/Zend/I18n/Validator/PhoneNumber/CH.php"/>
   <file role="php" name="php/Zend/I18n/Validator/PhoneNumber/CG.php"/>
   <file role="php" name="php/Zend/I18n/Validator/PhoneNumber/CF.php"/>
   <file role="php" name="php/Zend/I18n/Validator/PhoneNumber/CD.php"/>
   <file role="php" name="php/Zend/I18n/Validator/PhoneNumber/CC.php"/>
   <file role="php" name="php/Zend/I18n/Validator/PhoneNumber/CA.php"/>
   <file role="php" name="php/Zend/I18n/Validator/PhoneNumber/BZ.php"/>
   <file role="php" name="php/Zend/I18n/Validator/PhoneNumber/BY.php"/>
   <file role="php" name="php/Zend/I18n/Validator/PhoneNumber/BW.php"/>
   <file role="php" name="php/Zend/I18n/Validator/PhoneNumber/BT.php"/>
   <file role="php" name="php/Zend/I18n/Validator/PhoneNumber/BS.php"/>
   <file role="php" name="php/Zend/I18n/Validator/PhoneNumber/BR.php"/>
   <file role="php" name="php/Zend/I18n/Validator/PhoneNumber/BQ.php"/>
   <file role="php" name="php/Zend/I18n/Validator/PhoneNumber/BO.php"/>
   <file role="php" name="php/Zend/I18n/Validator/PhoneNumber/BN.php"/>
   <file role="php" name="php/Zend/I18n/Validator/PhoneNumber/BM.php"/>
   <file role="php" name="php/Zend/I18n/Validator/PhoneNumber/BL.php"/>
   <file role="php" name="php/Zend/I18n/Validator/PhoneNumber/BJ.php"/>
   <file role="php" name="php/Zend/I18n/Validator/PhoneNumber/BI.php"/>
   <file role="php" name="php/Zend/I18n/Validator/PhoneNumber/BH.php"/>
   <file role="php" name="php/Zend/I18n/Validator/PhoneNumber/BG.php"/>
   <file role="php" name="php/Zend/I18n/Validator/PhoneNumber/BF.php"/>
   <file role="php" name="php/Zend/I18n/Validator/PhoneNumber/BE.php"/>
   <file role="php" name="php/Zend/I18n/Validator/PhoneNumber/BD.php"/>
   <file role="php" name="php/Zend/I18n/Validator/PhoneNumber/BB.php"/>
   <file role="php" name="php/Zend/I18n/Validator/PhoneNumber/BA.php"/>
   <file role="php" name="php/Zend/I18n/Validator/PhoneNumber/AZ.php"/>
   <file role="php" name="php/Zend/I18n/Validator/PhoneNumber/AX.php"/>
   <file role="php" name="php/Zend/I18n/Validator/PhoneNumber/AW.php"/>
   <file role="php" name="php/Zend/I18n/Validator/PhoneNumber/AU.php"/>
   <file role="php" name="php/Zend/I18n/Validator/PhoneNumber/AT.php"/>
   <file role="php" name="php/Zend/I18n/Validator/PhoneNumber/AS.php"/>
   <file role="php" name="php/Zend/I18n/Validator/PhoneNumber/AR.php"/>
   <file role="php" name="php/Zend/I18n/Validator/PhoneNumber/AO.php"/>
   <file role="php" name="php/Zend/I18n/Validator/PhoneNumber/AM.php"/>
   <file role="php" name="php/Zend/I18n/Validator/PhoneNumber/AL.php"/>
   <file role="php" name="php/Zend/I18n/Validator/PhoneNumber/AI.php"/>
   <file role="php" name="php/Zend/I18n/Validator/PhoneNumber/AG.php"/>
   <file role="php" name="php/Zend/I18n/Validator/PhoneNumber/AF.php"/>
   <file role="php" name="php/Zend/I18n/Validator/PhoneNumber/AE.php"/>
   <file role="php" name="php/Zend/I18n/Validator/PhoneNumber/AD.php"/>
   <file role="php" name="php/Zend/I18n/Validator/PhoneNumber/AC.php"/>
   <file role="php" name="php/Zend/I18n/Validator/PhoneNumber.php"/>
   <file role="php" name="php/Zend/I18n/Validator/Int.php"/>
   <file role="php" name="php/Zend/I18n/Validator/Float.php"/>
   <file role="php" name="php/Zend/I18n/Validator/DateTime.php"/>
   <file role="php" name="php/Zend/I18n/Validator/Alpha.php"/>
   <file role="php" name="php/Zend/I18n/Validator/Alnum.php"/>
   <file role="php" name="php/Zend/I18n/Translator/TranslatorServiceFactory.php"/>
   <file role="php" name="php/Zend/I18n/Translator/TranslatorAwareTrait.php"/>
   <file role="php" name="php/Zend/I18n/Translator/TranslatorAwareInterface.php"/>
   <file role="php" name="php/Zend/I18n/Translator/Translator.php"/>
   <file role="php" name="php/Zend/I18n/Translator/TextDomain.php"/>
   <file role="php" name="php/Zend/I18n/Translator/Plural/Symbol.php"/>
   <file role="php" name="php/Zend/I18n/Translator/Plural/Rule.php"/>
   <file role="php" name="php/Zend/I18n/Translator/Plural/Parser.php"/>
   <file role="php" name="php/Zend/I18n/Translator/LoaderPluginManager.php"/>
   <file role="php" name="php/Zend/I18n/Translator/Loader/RemoteLoaderInterface.php"/>
   <file role="php" name="php/Zend/I18n/Translator/Loader/PhpArray.php"/>
   <file role="php" name="php/Zend/I18n/Translator/Loader/Ini.php"/>
   <file role="php" name="php/Zend/I18n/Translator/Loader/Gettext.php"/>
   <file role="php" name="php/Zend/I18n/Translator/Loader/FileLoaderInterface.php"/>
   <file role="php" name="php/Zend/I18n/README.md"/>
   <file role="php" name="php/Zend/I18n/Filter/NumberFormat.php"/>
   <file role="php" name="php/Zend/I18n/Filter/Alpha.php"/>
   <file role="php" name="php/Zend/I18n/Filter/Alnum.php"/>
   <file role="php" name="php/Zend/I18n/Filter/AbstractLocale.php"/>
   <file role="php" name="php/Zend/I18n/Exception/RuntimeException.php"/>
   <file role="php" name="php/Zend/I18n/Exception/RangeException.php"/>
   <file role="php" name="php/Zend/I18n/Exception/ParseException.php"/>
   <file role="php" name="php/Zend/I18n/Exception/OutOfBoundsException.php"/>
   <file role="php" name="php/Zend/I18n/Exception/InvalidArgumentException.php"/>
   <file role="php" name="php/Zend/I18n/Exception/ExtensionNotLoadedException.php"/>
   <file role="php" name="php/Zend/I18n/Exception/ExceptionInterface.php"/>
   <file role="php" name="php/Zend/I18n/composer.json"/>
  </dir>
 </contents>
 <dependencies>
  <required>
   <php>
    <min>5.2.0</min>
   </php>
   <pearinstaller>
    <min>2.0.0a1</min>
   </pearinstaller>
   <package>
    <name>Zend_Stdlib</name>
    <channel>packages.zendframework.com</channel>
   </package>
  </required>
  <optional>
   <package>
    <name>Zend_EventManager</name>
    <channel>packages.zendframework.com</channel>
   </package>
   <package>
    <name>Zend_Filter</name>
    <channel>packages.zendframework.com</channel>
   </package>
   <package>
    <name>Zend_Validator</name>
    <channel>packages.zendframework.com</channel>
   </package>
   <package>
    <name>Zend_View</name>
    <channel>packages.zendframework.com</channel>
   </package>
   <package>
    <name>Zend_Resources</name>
    <channel>packages.zendframework.com</channel>
   </package>
  </optional>
 </dependencies>
 <phprelease/>
</package>
