<?xml version="1.0" encoding="UTF-8" ?>

<supplementalData>
	<version number="$Revision: 4467 $" />
	<generation date="$Date: 2009-12-14 21:19:06 -0600 (Mon, 14 Dec 2009) $" />
	<dayPeriodRuleSet>
		<dayPeriodRules locales="root">  
			<dayPeriodRule type="am" from="0:00" before="12:00" />
			<dayPeriodRule type="pm" from="12:00" before="24:00" />
		</dayPeriodRules>
		<dayPeriodRules locales="en chr">
			<dayPeriodRule type="am" from="0:00" before="12:00" />
			<dayPeriodRule type="noon" at="12:00" />
			<dayPeriodRule type="pm" after="12:00" before="24:00" />
		</dayPeriodRules>
		<dayPeriodRules locales="de nl hr da"> 
			<dayPeriodRule type="earlyMorning" from="0:00" before="9:00" />
			<dayPeriodRule type="morning" from="9:00" before="12:00" />
			<dayPeriodRule type="noon" at="12:00" />
			<dayPeriodRule type="afternoon" after="12:00" before="17:00" />
			<dayPeriodRule type="evening" from="17:00" before="21:00" />
			<dayPeriodRule type="night" from="21:00" before="24:00" />
		</dayPeriodRules>
		<dayPeriodRules locales="zh">
			<dayPeriodRule type="weeHours" from="00:00" before="4:00" />
			<dayPeriodRule type="earlyMorning" from="4:00" before="6:00" />
			<dayPeriodRule type="morning" from="6:00" before="12:00" />
			<dayPeriodRule type="midDay" from="12:00" before="13:00" />
			<dayPeriodRule type="afternoon" from="13:00" before="18:00" />
			<dayPeriodRule type="night" from="18:00" before="24:00" />
		</dayPeriodRules>
		<dayPeriodRules locales="pt fr"> 
			<dayPeriodRule type="morning" from="00:00" before="12:00" />
			<dayPeriodRule type="noon" at="12:00" />
			<dayPeriodRule type="afternoon" after="12:00" before="19:00" />
			<dayPeriodRule type="night" from="19:00" before="24:00" />
		</dayPeriodRules>
		<dayPeriodRules locales="pl">
			<dayPeriodRule type="night" from="00:00" before="3:00" />
			<dayPeriodRule type="earlyMorning" from="3:00" before="5:00" />
			<dayPeriodRule type="morning" from="5:00" before="10:00" />
			<dayPeriodRule type="lateMorning" from="10:00" before="12:00" />
			<dayPeriodRule type="noon" at="12:00" />
			<dayPeriodRule type="afternoon" after="12:00" before="16:00" />
			<dayPeriodRule type="evening" from="16:00" before="22:00" />
			<dayPeriodRule type="night" from="22:00" before="24:00" />
		</dayPeriodRules>
		<dayPeriodRules locales="te">
			<dayPeriodRule type="night" from="00:00" before="3:00" />
			<dayPeriodRule type="earlyMorning" from="3:00" before="6:00" />
			<dayPeriodRule type="morning" from="6:00" before="12:00" />
			<dayPeriodRule type="noon" at="12:00" />
			<dayPeriodRule type="afternoon" after="12:00" before="15:00" />
			<dayPeriodRule type="evening" from="15:00" before="18:00" />
			<dayPeriodRule type="night" from="18:00" before="24:00" />
		</dayPeriodRules>
		<dayPeriodRules locales="ta">
			<dayPeriodRule type="night" from="00:00" before="2:00" />
			<dayPeriodRule type="earlyMorning" from="2:00" before="6:00" />
			<dayPeriodRule type="morning" from="6:00" before="10:00" />
			<dayPeriodRule type="lateMorning" from="10:00" before="14:00" />
			<dayPeriodRule type="afternoon" from="14:00" before="18:00" />
			<dayPeriodRule type="evening" from="18:00" before="22:00" />
			<dayPeriodRule type="night" from="22:00" before="24:00" />
		</dayPeriodRules>
		<dayPeriodRules locales="bg">
			<dayPeriodRule type="weeHours" from="00:00" before="5:00" />
			<dayPeriodRule type="earlyMorning" from="5:00" before="6:00" />
			<dayPeriodRule type="morning" from="6:00" before="10:00" />
			<dayPeriodRule type="lateMorning" from="10:00" before="12:00" />
			<dayPeriodRule type="noon" at="12:00" />
			<dayPeriodRule type="midDay" after="12:00" before="15:00" />
			<dayPeriodRule type="afternoon" from="15:00" before="18:00" />
			<dayPeriodRule type="evening" from="18:00" before="20:00" />
			<dayPeriodRule type="lateEvening" from="20:00" before="22:00" />
			<dayPeriodRule type="night" from="22:00" before="24:00" />
		</dayPeriodRules>
        <dayPeriodRules locales="id">
            <dayPeriodRule type="night" from="00:00" before="3:00" />
            <dayPeriodRule type="earlyMorning" from="3:00" before="5:00" />
            <dayPeriodRule type="morning" from="5:00" before="10:00" />
            <dayPeriodRule type="midDay" from="10:00" before="15:00" />
            <dayPeriodRule type="afternoon" from="15:00" before="18:00" />
            <dayPeriodRule type="night" from="18:00" before="24:00" />
        </dayPeriodRules>
        <dayPeriodRules locales="uk">
            <dayPeriodRule type="night" from="00:00" before="3:00" />
            <dayPeriodRule type="morning" from="3:00" before="12:00" />
            <dayPeriodRule type="afternoon" from="12:00" before="17:00" />
            <dayPeriodRule type="evening" from="17:00" before="24:00" />
        </dayPeriodRules>
	</dayPeriodRuleSet>
</supplementalData>
