<?xml version="1.0" encoding="UTF-8" ?>


<supplementalData>
	<version number="$Revision: 4747 $"/>
	<generation date="$Date: 2010-02-25 15:22:30 -0600 (Thu, 25 Feb 2010) $"/>
	<languageMatching>
		<languageMatches type="written">
			<languageMatch desired="no" supported="nb" percent="100"/>  
			    <languageMatch desired="nn" supported="nb" percent="96"/>
			    <languageMatch desired="nn" supported="no" percent="96"/>
			    <languageMatch desired="da" supported="no" percent="90"/>   
			    <languageMatch desired="da" supported="nb" percent="90"/>
			    <languageMatch desired="hr" supported="bs" percent="96"/>   
			    <languageMatch desired="sh" supported="bs" percent="96"/>
			    <languageMatch desired="sr" supported="bs" percent="96"/>
			    <languageMatch desired="sh" supported="hr" percent="96"/>
			    <languageMatch desired="sr" supported="hr" percent="96"/>
                <languageMatch desired="sh" supported="sr" percent="96"/>
                <languageMatch desired="ms" supported="id" percent="90"/>
			    <languageMatch desired="ssy" supported="aa" percent="96"/>  
			    <languageMatch desired="sr-Latn" supported="sr-Cyrl" percent="90"/> 
			    <languageMatch desired="*-Hans" supported="*-Hant" percent="85" oneway="true"/> 
			    <languageMatch desired="*-Hant" supported="*-Hans" percent="75" oneway="true"/>
			    <languageMatch desired="en-*-US" supported="en-*-CA" percent="98"/> 
			    <languageMatch desired="en-*-US" supported="en-*-*" percent="97"/>
			    <languageMatch desired="en-*-CA" supported="en-*-*" percent="98"/>
			    <languageMatch desired="en-*-*" supported="en-*-*" percent="99"/>
			    <languageMatch desired="es-*-ES" supported="es-*-ES" percent="100"/>    
			    <languageMatch desired="es-*-ES" supported="es-*-*" percent="93"/>
			    <languageMatch desired="*" supported="*" percent="1"/>  
			    <languageMatch desired="*-*" supported="*-*" percent="20"/> 
			    <languageMatch desired="*-*-*" supported="*-*-*" percent="96"/> 
	    </languageMatches>
    </languageMatching>
 </supplementalData>
