<?xml version="1.0" encoding="UTF-8"?>
<package xmlns="http://pear.php.net/dtd/package-2.1" xmlns:tasks="http://pear.php.net/dtd/tasks-1.0" xmlns:xsi="http://www.w3.org/2001/XMLSchema-instance" version="2.1" xsi:schemaLocation="http://pear.php.net/dtd/tasks-1.0     http://pear.php.net/dtd/tasks-1.0.xsd     http://pear.php.net/dtd/package-2.1     http://pear.php.net/dtd/package-2.1.xsd" packagerversion="2.0.0a3">
 <name>Zend_Mail</name>
 <channel>packages.zendframework.com</channel>
 <summary>Package Zend_Mail summary.
</summary>
 <description>
Package detailed description here (found in README)</description>
 <lead>
  <name>Your Name</name>
  <user>handle</user>
  <email>handle@php.net</email>
  <active>yes</active>
 </lead>
 <date>2011-10-25</date>
 <time>19:11:09</time>
 <version>
  <release>2.0.0beta1</release>
  <api>2.0.0beta1</api>
 </version>
 <stability>
  <release>beta</release>
  <api>beta</api>
 </stability>
 <license uri="http://www.opensource.org/licenses/bsd-license.php">New BSD License</license>
 <notes>Package Zend_Mail release notes for version 0.1.0.

Package Zend_Mail API release notes for version 0.1.0.</notes>
 <contents>
  <dir name="/">
   <file role="php" name="php/Zend/Mail/Transport/Smtp.php"/>
   <file role="php" name="php/Zend/Mail/Transport/Sendmail.php"/>
   <file role="php" name="php/Zend/Mail/Transport/File.php"/>
   <file role="php" name="php/Zend/Mail/Transport/Exception/RuntimeException.php"/>
   <file role="php" name="php/Zend/Mail/Transport/Exception/InvalidArgumentException.php"/>
   <file role="php" name="php/Zend/Mail/Transport/Exception.php"/>
   <file role="php" name="php/Zend/Mail/Storage/Writable/Maildir.php"/>
   <file role="php" name="php/Zend/Mail/Storage/Writable.php"/>
   <file role="php" name="php/Zend/Mail/Storage/Pop3.php"/>
   <file role="php" name="php/Zend/Mail/Storage/Mbox.php"/>
   <file role="php" name="php/Zend/Mail/Storage/MailFolder.php"/>
   <file role="php" name="php/Zend/Mail/Storage/Maildir.php"/>
   <file role="php" name="php/Zend/Mail/Storage/Imap.php"/>
   <file role="php" name="php/Zend/Mail/Storage/Folder/Mbox.php"/>
   <file role="php" name="php/Zend/Mail/Storage/Folder/Maildir.php"/>
   <file role="php" name="php/Zend/Mail/Storage/Folder.php"/>
   <file role="php" name="php/Zend/Mail/Storage/Exception/RuntimeException.php"/>
   <file role="php" name="php/Zend/Mail/Storage/Exception/InvalidArgumentException.php"/>
   <file role="php" name="php/Zend/Mail/Storage/Exception.php"/>
   <file role="php" name="php/Zend/Mail/Storage.php"/>
   <file role="php" name="php/Zend/Mail/Protocol/Smtp/Auth/Plain.php"/>
   <file role="php" name="php/Zend/Mail/Protocol/Smtp/Auth/Login.php"/>
   <file role="php" name="php/Zend/Mail/Protocol/Smtp/Auth/Crammd5.php"/>
   <file role="php" name="php/Zend/Mail/Protocol/Smtp.php"/>
   <file role="php" name="php/Zend/Mail/Protocol/Pop3.php"/>
   <file role="php" name="php/Zend/Mail/Protocol/Imap.php"/>
   <file role="php" name="php/Zend/Mail/Protocol/Exception/RuntimeException.php"/>
   <file role="php" name="php/Zend/Mail/Protocol/Exception/InvalidArgumentException.php"/>
   <file role="php" name="php/Zend/Mail/Protocol/Exception.php"/>
   <file role="php" name="php/Zend/Mail/Part/File.php"/>
   <file role="php" name="php/Zend/Mail/Part/Exception/RuntimeException.php"/>
   <file role="php" name="php/Zend/Mail/Part/Exception/InvalidArgumentException.php"/>
   <file role="php" name="php/Zend/Mail/Part/Exception.php"/>
   <file role="php" name="php/Zend/Mail/Part.php"/>
   <file role="php" name="php/Zend/Mail/Message/File.php"/>
   <file role="php" name="php/Zend/Mail/Message.php"/>
   <file role="php" name="php/Zend/Mail/MailPart.php"/>
   <file role="php" name="php/Zend/Mail/MailMessage.php"/>
   <file role="php" name="php/Zend/Mail/Mail.php"/>
   <file role="php" name="php/Zend/Mail/Exception/RuntimeException.php"/>
   <file role="php" name="php/Zend/Mail/Exception/OutOfBoundsException.php"/>
   <file role="php" name="php/Zend/Mail/Exception/InvalidArgumentException.php"/>
   <file role="php" name="php/Zend/Mail/Exception.php"/>
   <file role="php" name="php/Zend/Mail/AbstractTransport.php"/>
   <file role="php" name="php/Zend/Mail/AbstractStorage.php"/>
   <file role="php" name="php/Zend/Mail/AbstractProtocol.php"/>
  </dir>
 </contents>
 <dependencies>
  <required>
   <php>
    <min>5.2.0</min>
   </php>
   <pearinstaller>
    <min>2.0.0a1</min>
   </pearinstaller>
  </required>
  <optional>
   <package>
    <name>Zend_Validator</name>
    <channel>packages.zendframework.com</channel>
   </package>
   <package>
    <name>Zend_Date</name>
    <channel>packages.zendframework.com</channel>
   </package>
   <package>
    <name>Zend_Mime</name>
    <channel>packages.zendframework.com</channel>
   </package>
  </optional>
 </dependencies>
 <phprelease/>
</package>
