<?xml version="1.0" encoding="UTF-8"?>
<package xmlns="http://pear.php.net/dtd/package-2.1" xmlns:tasks="http://pear.php.net/dtd/tasks-1.0" xmlns:xsi="http://www.w3.org/2001/XMLSchema-instance" version="2.1" xsi:schemaLocation="http://pear.php.net/dtd/tasks-1.0     http://pear.php.net/dtd/tasks-1.0.xsd     http://pear.php.net/dtd/package-2.1     http://pear.php.net/dtd/package-2.1.xsd" packagerversion="2.0.0">
 <name>Zend_I18n</name>
 <channel>packages.zendframework.com</channel>
 <summary>Package Zend_I18n summary.\n\n&quot; . &quot;Package detailed description here (found in README)</summary>
 <description/>
 <lead>
  <name>Your Name</name>
  <user>handle</user>
  <email>handle@php.net</email>
  <active>yes</active>
 </lead>
 <date>2013-01-29</date>
 <time>17:34:23</time>
 <version>
  <release>2.0.7</release>
  <api>2.0.7</api>
 </version>
 <stability>
  <release>stable</release>
  <api>stable</api>
 </stability>
 <license uri="http://www.opensource.org/licenses/bsd-license.php">New BSD License</license>
 <notes>Package  Zend_I18n release notes for version 0.1.0.

Package Zend_I18n API release notes for version 0.1.0.</notes>
 <contents>
  <dir name="/">
   <file role="php" name="php/Zend/I18n/View/HelperConfig.php"/>
   <file role="php" name="php/Zend/I18n/View/Helper/TranslatePlural.php"/>
   <file role="php" name="php/Zend/I18n/View/Helper/Translate.php"/>
   <file role="php" name="php/Zend/I18n/View/Helper/NumberFormat.php"/>
   <file role="php" name="php/Zend/I18n/View/Helper/DateFormat.php"/>
   <file role="php" name="php/Zend/I18n/View/Helper/CurrencyFormat.php"/>
   <file role="php" name="php/Zend/I18n/View/Helper/AbstractTranslatorHelper.php"/>
   <file role="php" name="php/Zend/I18n/Validator/PostCode.php"/>
   <file role="php" name="php/Zend/I18n/Validator/Int.php"/>
   <file role="php" name="php/Zend/I18n/Validator/Float.php"/>
   <file role="php" name="php/Zend/I18n/Validator/Alpha.php"/>
   <file role="php" name="php/Zend/I18n/Validator/Alnum.php"/>
   <file role="php" name="php/Zend/I18n/Translator/TranslatorServiceFactory.php"/>
   <file role="php" name="php/Zend/I18n/Translator/TranslatorAwareInterface.php"/>
   <file role="php" name="php/Zend/I18n/Translator/Translator.php"/>
   <file role="php" name="php/Zend/I18n/Translator/TextDomain.php"/>
   <file role="php" name="php/Zend/I18n/Translator/Plural/Symbol.php"/>
   <file role="php" name="php/Zend/I18n/Translator/Plural/Rule.php"/>
   <file role="php" name="php/Zend/I18n/Translator/Plural/Parser.php"/>
   <file role="php" name="php/Zend/I18n/Translator/LoaderPluginManager.php"/>
   <file role="php" name="php/Zend/I18n/Translator/Loader/RemoteLoaderInterface.php"/>
   <file role="php" name="php/Zend/I18n/Translator/Loader/PhpArray.php"/>
   <file role="php" name="php/Zend/I18n/Translator/Loader/Gettext.php"/>
   <file role="php" name="php/Zend/I18n/Translator/Loader/FileLoaderInterface.php"/>
   <file role="php" name="php/Zend/I18n/Filter/NumberFormat.php"/>
   <file role="php" name="php/Zend/I18n/Filter/Alpha.php"/>
   <file role="php" name="php/Zend/I18n/Filter/Alnum.php"/>
   <file role="php" name="php/Zend/I18n/Filter/AbstractLocale.php"/>
   <file role="php" name="php/Zend/I18n/Exception/RuntimeException.php"/>
   <file role="php" name="php/Zend/I18n/Exception/RangeException.php"/>
   <file role="php" name="php/Zend/I18n/Exception/ParseException.php"/>
   <file role="php" name="php/Zend/I18n/Exception/OutOfBoundsException.php"/>
   <file role="php" name="php/Zend/I18n/Exception/InvalidArgumentException.php"/>
   <file role="php" name="php/Zend/I18n/Exception/ExceptionInterface.php"/>
   <file role="php" name="php/Zend/I18n/composer.json"/>
  </dir>
 </contents>
 <dependencies>
  <required>
   <php>
    <min>5.2.0</min>
   </php>
   <pearinstaller>
    <min>2.0.0a1</min>
   </pearinstaller>
   <package>
    <name>Zend_Filter</name>
    <channel>packages.zendframework.com</channel>
   </package>
   <package>
    <name>Zend_Stdlib</name>
    <channel>packages.zendframework.com</channel>
   </package>
  </required>
 </dependencies>
 <phprelease/>
</package>
